brand,model,variantName,price,availabilityStatus,condition,launchYear,image,category,description,ram,storage,battery,chargingSpeed,refreshRate,displaySize,rearCameraMP,rearCameraDetails,frontCameraMP,processor,processorTier,processorFabrication,network,displayType,displayResolution,brightness,os,uiSkin,uiVersion,biometricSecurity,speaker,waterproof,videoRecording,gamingScore,cameraScore,batteryScore,performanceScore,displayScore,designScore,valueScore,priceSegment,idealFor
Apple,IPhone X,3 GB + 64 GB,15499,discontinued,refurbished,2017,https://m.media-amazon.com/images/I/31ur-Qh6MOL._AC_SX425_.jpg,smartphone,The anniversary iPhone that redefined the series with an edge-to-edge OLED display and Face ID.,3,64,2716,18,60,5.8,12,"12 MP Main, dual pixel PDAF, OIS + 12 MP Telephoto, PDAF, OIS, 2x Optical Zoom",7,Apple A11 Bionic,entry,10nm,4G,OLED,FHD+,625,iOS,iOS,11,Face ID,Stereo Speakers,IP67,4K@60fps,38,45,42,42,67,72,18,premium,Everyday Use
Apple,IPhone X,3 GB + 256 GB,19899,discontinued,refurbished,2017,https://m.media-amazon.com/images/I/31ur-Qh6MOL._AC_SX425_.jpg,smartphone,The anniversary iPhone that redefined the series with an edge-to-edge OLED display and Face ID.,3,256,2716,18,60,5.8,12,"12 MP Main, dual pixel PDAF, OIS + 12 MP Telephoto, PDAF, OIS, 2x Optical Zoom",7,Apple A11 Bionic,entry,10nm,4G,OLED,FHD+,625,iOS,iOS,11,Face ID,Stereo Speakers,IP67,4K@60fps,38,45,42,42,67,72,18,premium,Everyday Use
Apple,IPhone XR,3 GB + 64 GB,14999,discontinued,refurbished,2018,https://media-ik.croma.com/prod/https://media.tatacroma.com/Croma%20Assets/Communication/Mobiles/Images/250967_0_vqpchc.png,smartphone,The anniversary iPhone that redefined the series with an edge-to-edge OLED display and Face ID.,3,64,2942,18,60,6.1,12,"12 MP Main, PDAF, OIS",7,Apple A12 Bionic,entry,10nm,4G,LCD,FHD+,625,iOS,iOS,11,Face ID,Stereo Speakers,IP67,4K@60fps,43,43,58,50,55,70,28,premium,Everyday Use
Apple,IPhone XR,3 GB + 128 GB,16599,discontinued,refurbished,2018,https://media-ik.croma.com/prod/https://media.tatacroma.com/Croma%20Assets/Communication/Mobiles/Images/250967_0_vqpchc.png,smartphone,The anniversary iPhone that redefined the series with an edge-to-edge OLED display and Face ID.,3,128,2942,18,60,6.1,12,"12 MP Main, PDAF, OIS",7,Apple A12 Bionic,entry,10nm,4G,LCD,FHD+,625,iOS,iOS,11,Face ID,Stereo Speakers,IP67,4K@60fps,43,43,58,50,55,70,28,premium,Everyday Use
Apple,IPhone XR,3 GB + 256 GB,19899,discontinued,refurbished,2018,https://media-ik.croma.com/prod/https://media.tatacroma.com/Croma%20Assets/Communication/Mobiles/Images/250967_0_vqpchc.png,smartphone,The anniversary iPhone that redefined the series with an edge-to-edge OLED display and Face ID.,3,256,2942,18,60,6.1,12,"12 MP Main, PDAF, OIS",7,Apple A12 Bionic,entry,10nm,4G,LCD,FHD+,625,iOS,iOS,11,Face ID,Stereo Speakers,IP67,4K@60fps,43,43,58,50,55,70,28,premium,Everyday Use
Apple,IPhone XS,4 GB + 64 GB,18299,discontinued,refurbished,2018,https://m.media-amazon.com/images/I/41+2tWGDs3L._AC_SY445_.jpg,smartphone,The anniversary iPhone that redefined the series with an edge-to-edge OLED display and Face ID.,4,64,2658,18,60,5.8,12,"12 MP Main, dual pixel PDAF, OIS + 12 MP Telephoto, PDAF, OIS, 2x Optical Zoom",7,Apple A12 Bionic,entry,10nm,4G,OLED,FHD+,625,iOS,iOS,11,Face ID,Stereo Speakers,IP67,4K@60fps,45,52,45,50,69,74,25,premium,Everyday Use
Apple,IPhone XS,4GB + 256 GB,22299,discontinued,refurbished,2018,https://m.media-amazon.com/images/I/41+2tWGDs3L._AC_SY445_.jpg,smartphone,The anniversary iPhone that redefined the series with an edge-to-edge OLED display and Face ID.,4,256,2658,18,60,5.8,12,"12 MP Main, dual pixel PDAF, OIS + 12 MP Telephoto, PDAF, OIS, 2x Optical Zoom",7,Apple A12 Bionic,entry,10nm,4G,OLED,FHD+,625,iOS,iOS,11,Face ID,Stereo Speakers,IP67,4K@60fps,45,52,45,50,69,74,25,premium,Everyday Use
Apple,IPhone XS,4 GB + 512 GB,23999,discontinued,refurbished,2018,https://m.media-amazon.com/images/I/41+2tWGDs3L._AC_SY445_.jpg,smartphone,The anniversary iPhone that redefined the series with an edge-to-edge OLED display and Face ID.,4,512,2658,18,60,5.8,12,"12 MP Main, dual pixel PDAF, OIS + 12 MP Telephoto, PDAF, OIS, 2x Optical Zoom",7,Apple A12 Bionic,entry,10nm,4G,OLED,FHD+,625,iOS,iOS,11,Face ID,Stereo Speakers,IP67,4K@60fps,45,52,45,50,69,74,25,premium,Everyday Use
Apple,IPhone XS Max,4 GB + 64 GB,20199,discontinued,refurbished,2018,https://m.media-amazon.com/images/I/61isnMqfKbL._AC_SY355_.jpg,smartphone,The anniversary iPhone that redefined the series with an edge-to-edge OLED display and Face ID.,4,64,3174,18,60,6.5,12,"12 MP Main, dual pixel PDAF, OIS + 12 MP Telephoto, PDAF, OIS, 2x Optical Zoom",7,Apple A12 Bionic,entry,10nm,4G,OLED,FHD+,625,iOS,iOS,11,Face ID,Stereo Speakers,IP67,4K@60fps,47,52,49,50,72,73,27,premium,Everyday Use
Apple,IPhone XS Max,4 GB + 256 GB,24999,discontinued,refurbished,2018,https://m.media-amazon.com/images/I/61isnMqfKbL._AC_SY355_.jpg,smartphone,The anniversary iPhone that redefined the series with an edge-to-edge OLED display and Face ID.,4,256,3174,18,60,6.5,12,"12 MP Main, dual pixel PDAF, OIS + 12 MP Telephoto, PDAF, OIS, 2x Optical Zoom",7,Apple A12 Bionic,entry,10nm,4G,OLED,FHD+,625,iOS,iOS,11,Face ID,Stereo Speakers,IP67,4K@60fps,47,52,49,50,72,73,27,premium,Everyday Use
Apple,IPhone XS Max,4 GB + 512 GB,26799,discontinued,refurbished,2018,https://m.media-amazon.com/images/I/61isnMqfKbL._AC_SY355_.jpg,smartphone,The anniversary iPhone that redefined the series with an edge-to-edge OLED display and Face ID.,4,512,3174,18,60,6.5,12,"12 MP Main, dual pixel PDAF, OIS + 12 MP Telephoto, PDAF, OIS, 2x Optical Zoom",7,Apple A12 Bionic,entry,10nm,4G,OLED,FHD+,625,iOS,iOS,11,Face ID,Stereo Speakers,IP67,4K@60fps,47,52,49,50,72,73,27,premium,Everyday Use
Apple,IPhone 11,4 GB + 64 GB,49900,discontinued,new,2019,https://m.media-amazon.com/images/I/61MG3m5FhIL._AC_SY445_.jpg,smartphone,A versatile powerhouse with a new ultra-wide camera and all-day battery life.,4,64,3110,18,60,6.1,12,"12 MP Main, dual pixel PDAF, OIS + 12 MP Ultrawide",12,Apple A13 Bionic,midrange,7nm+,4G,LCD,FHD+,1200,iOS,iOS,13,Face ID,Stereo Speakers,IP68,4K@60fps,53,62,62,60,57,70,45,premium,Everyday Use
Apple,IPhone 11,4 GB + 128 GB,54900,discontinued,new,2019,https://m.media-amazon.com/images/I/61MG3m5FhIL._AC_SY445_.jpg,smartphone,A versatile powerhouse with a new ultra-wide camera and all-day battery life.,4,128,3110,18,60,6.1,12,"12 MP Main, dual pixel PDAF, OIS + 12 MP Ultrawide",12,Apple A13 Bionic,midrange,7nm+,4G,LCD,FHD+,1200,iOS,iOS,13,Face ID,Stereo Speakers,IP68,4K@60fps,53,62,62,60,57,70,45,premium,Everyday Use
Apple,IPhone 11,4 GB + 256 GB,69900,discontinued,new,2019,https://m.media-amazon.com/images/I/61MG3m5FhIL._AC_SY445_.jpg,smartphone,A versatile powerhouse with a new ultra-wide camera and all-day battery life.,4,256,3110,18,60,6.1,12,"12 MP Main, dual pixel PDAF, OIS + 12 MP Ultrawide",12,Apple A13 Bionic,midrange,7nm+,4G,LCD,FHD+,1200,iOS,iOS,13,Face ID,Stereo Speakers,IP68,4K@60fps,53,62,62,60,57,70,45,premium,Everyday Use
Apple,IPhone 11 Pro,4 GB + 64 GB,106600,discontinued,new,2019,https://m.media-amazon.com/images/I/61UC1mk6dfL._AC_SX425_.jpg,smartphone,A versatile powerhouse with a new ultra-wide camera and all-day battery life.,4,64,3046,18,60,5.8,12,"12 MP Main, dual pixel PDAF, OIS + 12 MP Telephoto, PDAF, OIS, 2x Optical Zoom + 12 MP Ultrawide",12,Apple A13 Bionic,midrange,7nm+,4G,OLED,FHD+,1200,iOS,iOS,13,Face ID,Stereo Speakers,IP68,4K@60fps,55,72,65,60,73,76,43,ultra-premium,Photography Enthusiasts
Apple,IPhone 11 Pro,4 GB + 256 GB,121300,discontinued,new,2019,https://m.media-amazon.com/images/I/61UC1mk6dfL._AC_SX425_.jpg,smartphone,A versatile powerhouse with a new ultra-wide camera and all-day battery life.,4,256,3046,18,60,5.8,12,"12 MP Main, dual pixel PDAF, OIS + 12 MP Telephoto, PDAF, OIS, 2x Optical Zoom + 12 MP Ultrawide",12,Apple A13 Bionic,midrange,7nm+,4G,OLED,FHD+,1200,iOS,iOS,13,Face ID,Stereo Speakers,IP68,4K@60fps,55,72,65,60,73,76,43,ultra-premium,Photography Enthusiasts
Apple,IPhone 11 Pro,4 GB + 512 GB,140300,discontinued,new,2019,https://m.media-amazon.com/images/I/61UC1mk6dfL._AC_SX425_.jpg,smartphone,A versatile powerhouse with a new ultra-wide camera and all-day battery life.,4,512,3046,18,60,5.8,12,"12 MP Main, dual pixel PDAF, OIS + 12 MP Telephoto, PDAF, OIS, 2x Optical Zoom + 12 MP Ultrawide",12,Apple A13 Bionic,midrange,7nm+,4G,OLED,FHD+,1200,iOS,iOS,13,Face ID,Stereo Speakers,IP68,4K@60fps,55,72,65,60,73,76,43,ultra-premium,Photography Enthusiasts
Apple,IPhone 11 Pro Max,4 GB + 64 GB,117100,discontinued,new,2019,https://m.media-amazon.com/images/I/61ers6OzvUL._SX679_.jpg,smartphone,A versatile powerhouse with a new ultra-wide camera and all-day battery life.,4,64,3969,18,60,6.5,12,"12 MP Main, dual pixel PDAF, OIS + 12 MP Telephoto, PDAF, OIS, 2x Optical Zoom + 12 MP Ultrawide",12,Apple A13 Bionic,midrange,7nm+,4G,OLED,FHD+,1200,iOS,iOS,13,Face ID,Stereo Speakers,IP68,4K@60fps,58,72,72,60,75,74,46,ultra-premium,"Content Creators, Heavy Gamers"
Apple,IPhone 11 Pro Max,4 GB + 256 GB,131900,discontinued,new,2019,https://m.media-amazon.com/images/I/61ers6OzvUL._SX679_.jpg,smartphone,A versatile powerhouse with a new ultra-wide camera and all-day battery life.,4,256,3969,18,60,6.5,12,"12 MP Main, dual pixel PDAF, OIS + 12 MP Telephoto, PDAF, OIS, 2x Optical Zoom + 12 MP Ultrawide",12,Apple A13 Bionic,midrange,7nm+,4G,OLED,FHD+,1200,iOS,iOS,13,Face ID,Stereo Speakers,IP68,4K@60fps,58,72,72,60,75,74,46,ultra-premium,"Content Creators, Heavy Gamers"
Apple,IPhone 11 Pro Max,4 GB + 512 GB,150800,discontinued,new,2019,https://m.media-amazon.com/images/I/61ers6OzvUL._SX679_.jpg,smartphone,A versatile powerhouse with a new ultra-wide camera and all-day battery life.,4,512,3969,18,60,6.5,12,"12 MP Main, dual pixel PDAF, OIS + 12 MP Telephoto, PDAF, OIS, 2x Optical Zoom + 12 MP Ultrawide",12,Apple A13 Bionic,midrange,7nm+,4G,OLED,FHD+,1200,iOS,iOS,13,Face ID,Stereo Speakers,IP68,4K@60fps,58,72,72,60,75,74,46,ultra-premium,"Content Creators, Heavy Gamers"
Apple,IPhone 12 mini,4 GB + 64 GB,49900,discontinued,new,2020,https://m.media-amazon.com/images/I/61bbqGftbUL._AC_SY445_.jpg,smartphone,Blazing fast 5G speed and a durable Ceramic Shield design with a vibrant Super Retina XDR display.,4,64,2227,20,60,5.4,12,"12 MP Main, dual pixel PDAF, OIS + 12 MP Ultrawide",12,Apple A13 Bionic,midrange,5nm,5G,OLED,FHD+,1200,iOS,iOS,14.1,Face ID,Stereo Speakers,IP68,4K@60fps,55,66,38,68,69,80,48,premium,Compact Phone Lovers
Apple,IPhone 12 mini,4 GB + 128 GB,64900,discontinued,new,2020,https://m.media-amazon.com/images/I/61bbqGftbUL._AC_SY445_.jpg,smartphone,Blazing fast 5G speed and a durable Ceramic Shield design with a vibrant Super Retina XDR display.,4,128,2227,20,60,5.4,12,"12 MP Main, dual pixel PDAF, OIS + 12 MP Ultrawide",12,Apple A13 Bionic,midrange,5nm,5G,OLED,FHD+,1200,iOS,iOS,14.1,Face ID,Stereo Speakers,IP68,4K@60fps,55,66,38,68,69,80,48,premium,Compact Phone Lovers
Apple,IPhone 12 mini,4 GB + 256 GB,74900,discontinued,new,2020,https://m.media-amazon.com/images/I/61bbqGftbUL._AC_SY445_.jpg,smartphone,Blazing fast 5G speed and a durable Ceramic Shield design with a vibrant Super Retina XDR display.,4,256,2227,20,60,5.4,12,"12 MP Main, dual pixel PDAF, OIS + 12 MP Ultrawide",12,Apple A13 Bionic,midrange,5nm,5G,OLED,FHD+,1200,iOS,iOS,14.1,Face ID,Stereo Speakers,IP68,4K@60fps,55,66,38,68,69,80,48,premium,Compact Phone Lovers
Apple,IPhone 12,4GB + 64 GB,49900,discontinued,new,2020,https://m.media-amazon.com/images/I/711wsjBtWeL._SX522_.jpg,smartphone,Blazing fast 5G speed and a durable Ceramic Shield design with a vibrant Super Retina XDR display.,4,64,2815,20,60,6.1,12,"12 MP Main, dual pixel PDAF, OIS + 12 MP Ultrawide",12,Apple A14 Bionic,midrange,5nm,5G,OLED,FHD+,1200,iOS,iOS,14.1,Face ID,Stereo Speakers,IP68,4K@60fps,61,66,58,68,73,81,58,premium,Everyday Use
Apple,IPhone 12,4 GB + 128 GB,54900,discontinued,new,2020,https://m.media-amazon.com/images/I/711wsjBtWeL._SX522_.jpg,smartphone,Blazing fast 5G speed and a durable Ceramic Shield design with a vibrant Super Retina XDR display.,4,128,2815,20,60,6.1,12,"12 MP Main, dual pixel PDAF, OIS + 12 MP Ultrawide",12,Apple A14 Bionic,midrange,5nm,5G,OLED,FHD+,1200,iOS,iOS,14.1,Face ID,Stereo Speakers,IP68,4K@60fps,61,66,58,68,73,81,58,premium,Everyday Use
Apple,IPhone 12,4 GB + 256 GB,64900,discontinued,new,2020,https://m.media-amazon.com/images/I/711wsjBtWeL._SX522_.jpg,smartphone,Blazing fast 5G speed and a durable Ceramic Shield design with a vibrant Super Retina XDR display.,4,256,2815,20,60,6.1,12,"12 MP Main, dual pixel PDAF, OIS + 12 MP Ultrawide",12,Apple A14 Bionic,midrange,5nm,5G,OLED,FHD+,1200,iOS,iOS,14.1,Face ID,Stereo Speakers,IP68,4K@60fps,61,66,58,68,73,81,58,premium,Everyday Use
Apple,IPhone 12 Pro,6 GB + 128 GB,109900,discontinued,new,2020,https://m.media-amazon.com/images/I/51q3qjXRz2L._AC_SX425_.jpg,smartphone,Blazing fast 5G speed and a durable Ceramic Shield design with a vibrant Super Retina XDR display.,6,128,2815,20,60,6.1,12,"12 MP Main, dual pixel PDAF, OIS + 12 MP Telephoto, PDAF, OIS, 2x Optical Zoom + 12 MP Ultrawide + LiDAR",12,Apple A14 Bionic,midrange,5nm,5G,OLED,FHD+,1200,iOS,iOS,14.1,Face ID,Stereo Speakers,IP68,4K@60fps,62,72,57,68,75,84,55,ultra-premium,Photography Enthusiasts
Apple,IPhone 12 Pro,6 GB + 256 GB,119900,discontinued,new,2020,https://m.media-amazon.com/images/I/51q3qjXRz2L._AC_SX425_.jpg,smartphone,Blazing fast 5G speed and a durable Ceramic Shield design with a vibrant Super Retina XDR display.,6,256,2815,20,60,6.1,12,"12 MP Main, dual pixel PDAF, OIS + 12 MP Telephoto, PDAF, OIS, 2x Optical Zoom + 12 MP Ultrawide + LiDAR",12,Apple A14 Bionic,midrange,5nm,5G,OLED,FHD+,1200,iOS,iOS,14.1,Face ID,Stereo Speakers,IP68,4K@60fps,62,72,57,68,75,84,55,ultra-premium,Photography Enthusiasts
Apple,IPhone 12 Pro,6 GB + 512 GB,139900,discontinued,new,2020,https://m.media-amazon.com/images/I/51q3qjXRz2L._AC_SX425_.jpg,smartphone,Blazing fast 5G speed and a durable Ceramic Shield design with a vibrant Super Retina XDR display.,6,512,2815,20,60,6.1,12,"12 MP Main, dual pixel PDAF, OIS + 12 MP Telephoto, PDAF, OIS, 2x Optical Zoom + 12 MP Ultrawide + LiDAR",12,Apple A14 Bionic,midrange,5nm,5G,OLED,FHD+,1200,iOS,iOS,14.1,Face ID,Stereo Speakers,IP68,4K@60fps,62,72,57,68,75,84,55,ultra-premium,Photography Enthusiasts
Apple,IPhone 12 Pro Max,6 GB + 128 GB,119900,discontinued,new,2020,https://m.media-amazon.com/images/I/71fJ-gmBZtL._AC_CR0%2C0%2C0%2C0_SX480_SY360_.jpg,smartphone,Blazing fast 5G speed and a durable Ceramic Shield design with a vibrant Super Retina XDR display.,6,128,3687,20,60,6.7,12,"12 MP Main, dual pixel PDAF, sensor-shift OIS + 12 MP Telephoto, PDAF, OIS, 2.5x Optical Zoom + 12 MP Ultrawide + LiDAR",12,Apple A14 Bionic,midrange,5nm,5G,OLED,FHD+,1200,iOS,iOS,14.1,Face ID,Stereo Speakers,IP68,4K@60fps,65,76,70,68,78,82,60,ultra-premium,"Content Creators, Heavy Gamers"
Apple,IPhone 12 Pro Max,6 GB + 256 GB,129900,discontinued,new,2020,https://m.media-amazon.com/images/I/71fJ-gmBZtL._AC_CR0%2C0%2C0%2C0_SX480_SY360_.jpg,smartphone,Blazing fast 5G speed and a durable Ceramic Shield design with a vibrant Super Retina XDR display.,6,256,3687,20,60,6.7,12,"12 MP Main, dual pixel PDAF, sensor-shift OIS + 12 MP Telephoto, PDAF, OIS, 2.5x Optical Zoom + 12 MP Ultrawide + LiDAR",12,Apple A14 Bionic,midrange,5nm,5G,OLED,FHD+,1200,iOS,iOS,14.1,Face ID,Stereo Speakers,IP68,4K@60fps,65,76,70,68,78,82,60,ultra-premium,"Content Creators, Heavy Gamers"
Apple,IPhone 12 Pro Max,6 GB + 512 GB,149900,discontinued,new,2020,https://m.media-amazon.com/images/I/71fJ-gmBZtL._AC_CR0%2C0%2C0%2C0_SX480_SY360_.jpg,smartphone,Blazing fast 5G speed and a durable Ceramic Shield design with a vibrant Super Retina XDR display.,6,512,3687,20,60,6.7,12,"12 MP Main, dual pixel PDAF, sensor-shift OIS + 12 MP Telephoto, PDAF, OIS, 2.5x Optical Zoom + 12 MP Ultrawide + LiDAR",12,Apple A14 Bionic,midrange,5nm,5G,OLED,FHD+,1200,iOS,iOS,14.1,Face ID,Stereo Speakers,IP68,4K@60fps,65,76,70,68,78,82,60,ultra-premium,"Content Creators, Heavy Gamers"
Apple,IPhone 13 mini,4 GB + 128 GB,64900,discontinued,new,2021,https://m.media-amazon.com/images/I/61LzJQkk+RL._AC_SY445_.jpg,smartphone,A massive leap in battery life and camera capabilities with Cinematic mode video.,4,128,2438,20,60,5.4,12,"12 MP Main, dual pixel PDAF, sensor-shift OIS + 12 MP Ultrawide",12,Apple A15 Bionic,upper-midrange,5nm,5G,OLED,FHD+,1200,iOS,iOS,15,Face ID,Stereo Speakers,IP68,4K@60fps,63,72,52,75,71,82,62,premium,Compact Phone Lovers
Apple,IPhone 13 mini,4 GB + 256 GB,74900,discontinued,new,2021,https://m.media-amazon.com/images/I/61LzJQkk+RL._AC_SY445_.jpg,smartphone,A massive leap in battery life and camera capabilities with Cinematic mode video.,4,256,2438,20,60,5.4,12,"12 MP Main, dual pixel PDAF, sensor-shift OIS + 12 MP Ultrawide",12,Apple A15 Bionic,upper-midrange,5nm,5G,OLED,FHD+,1200,iOS,iOS,15,Face ID,Stereo Speakers,IP68,4K@60fps,63,72,52,75,71,82,62,premium,Compact Phone Lovers
Apple,IPhone 13 mini,4 GB + 512 GB,94900,discontinued,new,2021,https://m.media-amazon.com/images/I/61LzJQkk+RL._AC_SY445_.jpg,smartphone,A massive leap in battery life and camera capabilities with Cinematic mode video.,4,512,2438,20,60,5.4,12,"12 MP Main, dual pixel PDAF, sensor-shift OIS + 12 MP Ultrawide",12,Apple A15 Bionic,upper-midrange,5nm,5G,OLED,FHD+,1200,iOS,iOS,15,Face ID,Stereo Speakers,IP68,4K@60fps,63,72,52,75,71,82,62,premium,Compact Phone Lovers
Apple,IPhone 13,4 GB + 128 GB,59900,discontinued,new,2021,https://m.media-amazon.com/images/I/71GLMJ7TQiL._SX425_.jpg,smartphone,A massive leap in battery life and camera capabilities with Cinematic mode video.,4,128,3240,20,60,6.1,12,"12 MP Main, dual pixel PDAF, sensor-shift OIS + 12 MP Ultrawide",12,Apple A15 Bionic,upper-midrange,5nm,5G,OLED,FHD+,1200,iOS,iOS,15,Face ID,Stereo Speakers,IP68,4K@60fps,70,72,72,75,76,82,75,premium,Everyday Use
Apple,IPhone 13,4 GB + 256 GB,69900,discontinued,new,2021,https://m.media-amazon.com/images/I/71GLMJ7TQiL._SX425_.jpg,smartphone,A massive leap in battery life and camera capabilities with Cinematic mode video.,4,256,3240,20,60,6.1,12,"12 MP Main, dual pixel PDAF, sensor-shift OIS + 12 MP Ultrawide",12,Apple A15 Bionic,upper-midrange,5nm,5G,OLED,FHD+,1200,iOS,iOS,15,Face ID,Stereo Speakers,IP68,4K@60fps,70,72,72,75,76,82,75,premium,Everyday Use
Apple,IPhone 13,4 GB + 512 GB,89900,discontinued,new,2021,https://m.media-amazon.com/images/I/71GLMJ7TQiL._SX425_.jpg,smartphone,A massive leap in battery life and camera capabilities with Cinematic mode video.,4,512,3240,20,60,6.1,12,"12 MP Main, dual pixel PDAF, sensor-shift OIS + 12 MP Ultrawide",12,Apple A15 Bionic,upper-midrange,5nm,5G,OLED,FHD+,1200,iOS,iOS,15,Face ID,Stereo Speakers,IP68,4K@60fps,70,72,72,75,76,82,75,premium,Everyday Use
Apple,IPhone 13 Pro,6 GB + 128 GB,114299,discontinued,new,2021,https://m.media-amazon.com/images/I/61jLiCovxVL._AC_SX425_.jpg,smartphone,A massive leap in battery life and camera capabilities with Cinematic mode video.,6,128,3095,20,120,6.1,12,"12 MP Main, dual pixel PDAF, sensor-shift OIS + 12 MP Telephoto, PDAF, OIS, 3x Optical Zoom + 12 MP Ultrawide, PDAF + LiDAR",12,Apple A15 Bionic,upper-midrange,5nm,5G,OLED,FHD+,1200,iOS,iOS,15,Face ID,Stereo Speakers,IP68,4K@60fps,78,82,74,77,86,84,72,ultra-premium,Photography Enthusiasts
Apple,IPhone 13 Pro,6 GB + 256 GB,121399,discontinued,new,2021,https://m.media-amazon.com/images/I/61jLiCovxVL._AC_SX425_.jpg,smartphone,A massive leap in battery life and camera capabilities with Cinematic mode video.,6,256,3095,20,120,6.1,12,"12 MP Main, dual pixel PDAF, sensor-shift OIS + 12 MP Telephoto, PDAF, OIS, 3x Optical Zoom + 12 MP Ultrawide, PDAF + LiDAR",12,Apple A15 Bionic,upper-midrange,5nm,5G,OLED,FHD+,1200,iOS,iOS,15,Face ID,Stereo Speakers,IP68,4K@60fps,78,82,74,77,86,84,72,ultra-premium,Photography Enthusiasts
Apple,IPhone 13 Pro,6 GB + 512 GB,149900,discontinued,new,2021,https://m.media-amazon.com/images/I/61jLiCovxVL._AC_SX425_.jpg,smartphone,A massive leap in battery life and camera capabilities with Cinematic mode video.,6,512,3095,20,120,6.1,12,"12 MP Main, dual pixel PDAF, sensor-shift OIS + 12 MP Telephoto, PDAF, OIS, 3x Optical Zoom + 12 MP Ultrawide, PDAF + LiDAR",12,Apple A15 Bionic,upper-midrange,5nm,5G,OLED,FHD+,1200,iOS,iOS,15,Face ID,Stereo Speakers,IP68,4K@60fps,78,82,74,77,86,84,72,ultra-premium,Photography Enthusiasts
Apple,IPhone 13 Pro,6 GB + 1024 GB,169900,discontinued,new,2021,https://m.media-amazon.com/images/I/61jLiCovxVL._AC_SX425_.jpg,smartphone,A massive leap in battery life and camera capabilities with Cinematic mode video.,6,1024,3095,20,120,6.1,12,"12 MP Main, dual pixel PDAF, sensor-shift OIS + 12 MP Telephoto, PDAF, OIS, 3x Optical Zoom + 12 MP Ultrawide, PDAF + LiDAR",12,Apple A15 Bionic,upper-midrange,5nm,5G,OLED,FHD+,1200,iOS,iOS,15,Face ID,Stereo Speakers,IP68,4K@60fps,78,82,74,77,86,84,72,ultra-premium,Photography Enthusiasts
Apple,IPhone 13 Pro Max,6 GB + 128 GB,129900,discontinued,new,2021,https://m.media-amazon.com/images/I/61IJBsHm97L._SX679_.jpg,smartphone,A massive leap in battery life and camera capabilities with Cinematic mode video.,6,128,4352,20,120,6.7,12,"12 MP Main, dual pixel PDAF, sensor-shift OIS + 12 MP Telephoto, PDAF, OIS, 3x Optical Zoom + 12 MP Ultrawide, PDAF + LiDAR",12,Apple A15 Bionic,upper-midrange,5nm,5G,OLED,FHD+,1200,iOS,iOS,15,Face ID,Stereo Speakers,IP68,4K@60fps,82,83,88,77,89,82,76,ultra-premium,"Content Creators, Heavy Gamers"
Apple,IPhone 13 Pro Max,6 GB + 256 GB,139900,discontinued,new,2021,https://m.media-amazon.com/images/I/61IJBsHm97L._SX679_.jpg,smartphone,A massive leap in battery life and camera capabilities with Cinematic mode video.,6,256,4352,20,120,6.7,12,"12 MP Main, dual pixel PDAF, sensor-shift OIS + 12 MP Telephoto, PDAF, OIS, 3x Optical Zoom + 12 MP Ultrawide, PDAF + LiDAR",12,Apple A15 Bionic,upper-midrange,5nm,5G,OLED,FHD+,1200,iOS,iOS,15,Face ID,Stereo Speakers,IP68,4K@60fps,82,83,88,77,89,82,76,ultra-premium,"Content Creators, Heavy Gamers"
Apple,IPhone 13 Pro Max,6 GB + 512 GB,159900,discontinued,new,2021,https://m.media-amazon.com/images/I/61IJBsHm97L._SX679_.jpg,smartphone,A massive leap in battery life and camera capabilities with Cinematic mode video.,6,512,4352,20,120,6.7,12,"12 MP Main, dual pixel PDAF, sensor-shift OIS + 12 MP Telephoto, PDAF, OIS, 3x Optical Zoom + 12 MP Ultrawide, PDAF + LiDAR",12,Apple A15 Bionic,upper-midrange,5nm,5G,OLED,FHD+,1200,iOS,iOS,15,Face ID,Stereo Speakers,IP68,4K@60fps,82,83,88,77,89,82,76,ultra-premium,"Content Creators, Heavy Gamers"
Apple,IPhone 13 Pro Max,6 GB + 1024 GB,179900,discontinued,new,2021,https://m.media-amazon.com/images/I/61IJBsHm97L._SX679_.jpg,smartphone,A massive leap in battery life and camera capabilities with Cinematic mode video.,6,1024,4352,20,120,6.7,12,"12 MP Main, dual pixel PDAF, sensor-shift OIS + 12 MP Telephoto, PDAF, OIS, 3x Optical Zoom + 12 MP Ultrawide, PDAF + LiDAR",12,Apple A15 Bionic,upper-midrange,5nm,5G,OLED,FHD+,1200,iOS,iOS,15,Face ID,Stereo Speakers,IP68,4K@60fps,82,83,88,77,89,82,76,ultra-premium,"Content Creators, Heavy Gamers"
Apple,IPhone SE (2022),4 GB + 64 GB,47600,discontinued,new,2022,https://m.media-amazon.com/images/I/517KF7KqzqL._AC_SX425_.jpg,smartphone,"Powerful A15 Bionic performance in a classic, compact design with 5G capability.",4,64,2018,20,60,4.7,12,"12 MP Main, PDAF, OIS",7,Apple A15 Bionic,upper-midrange,5nm,5G,LCD,FHD+,625,iOS,iOS,15.4,Touch ID,Stereo Speakers,IP67,4K@60fps,60,48,45,74,46,57,66,midrange,"Students, Budget Buyers"
Apple,IPhone SE (2022),4 GB + 128 GB,52600,discontinued,new,2022,https://m.media-amazon.com/images/I/517KF7KqzqL._AC_SX425_.jpg,smartphone,"Powerful A15 Bionic performance in a classic, compact design with 5G capability.",4,128,2018,20,60,4.7,12,"12 MP Main, PDAF, OIS",7,Apple A15 Bionic,upper-midrange,5nm,5G,LCD,FHD+,625,iOS,iOS,15.4,Touch ID,Stereo Speakers,IP67,4K@60fps,60,48,45,74,46,57,66,midrange,"Students, Budget Buyers"
Apple,IPhone SE (2022),4 GB + 256 GB,62600,discontinued,new,2022,https://m.media-amazon.com/images/I/517KF7KqzqL._AC_SX425_.jpg,smartphone,"Powerful A15 Bionic performance in a classic, compact design with 5G capability.",4,256,2018,20,60,4.7,12,"12 MP Main, PDAF, OIS",7,Apple A15 Bionic,upper-midrange,5nm,5G,LCD,FHD+,625,iOS,iOS,15.4,Touch ID,Stereo Speakers,IP67,4K@60fps,60,48,45,74,46,57,66,midrange,"Students, Budget Buyers"
Apple,IPhone 14 ,6 GB + 128 GB,59900,discontinued,new,2022,https://m.media-amazon.com/images/I/61cwywLZR-L._AC_SX425_.jpg,smartphone,Pro-level photography and innovative safety features like Emergency SOS via satellite.,6,128,3279,20,60,6.1,12,"12 MP Main, dual pixel PDAF, sensor-shift OIS + 12 MP Ultrawide",12,Apple A15 Bionic,upper-midrange,5nm,5G,OLED,FHD+,1200,iOS,iOS,16,Face ID,Stereo Speakers,IP68,4K@60fps,72,76,74,77,77,80,78,premium,Everyday Use
Apple,IPhone 14 ,6 GB + 256 GB,64900,discontinued,new,2022,https://m.media-amazon.com/images/I/61cwywLZR-L._AC_SX425_.jpg,smartphone,Pro-level photography and innovative safety features like Emergency SOS via satellite.,6,256,3279,20,60,6.1,12,"12 MP Main, dual pixel PDAF, sensor-shift OIS + 12 MP Ultrawide",12,Apple A15 Bionic,upper-midrange,5nm,5G,OLED,FHD+,1200,iOS,iOS,16,Face ID,Stereo Speakers,IP68,4K@60fps,72,76,74,77,77,80,78,premium,Everyday Use
Apple,IPhone 14 ,6 GB + 512 GB,89900,discontinued,new,2022,https://m.media-amazon.com/images/I/61cwywLZR-L._AC_SX425_.jpg,smartphone,Pro-level photography and innovative safety features like Emergency SOS via satellite.,6,512,3279,20,60,6.1,12,"12 MP Main, dual pixel PDAF, sensor-shift OIS + 12 MP Ultrawide",12,Apple A15 Bionic,upper-midrange,5nm,5G,OLED,FHD+,1200,iOS,iOS,16,Face ID,Stereo Speakers,IP68,4K@60fps,72,76,74,77,77,80,78,premium,Everyday Use
Apple,IPhone 14 Plus,6 GB + 128 GB,69900,discontinued,new,2022,https://m.media-amazon.com/images/I/61YSNhAb00L._SX522_.jpg,smartphone,Pro-level photography and innovative safety features like Emergency SOS via satellite.,6,128,3279,20,60,6.1,12,"12 MP Main, dual pixel PDAF, sensor-shift OIS + 12 MP Ultrawide",12,Apple A15 Bionic,upper-midrange,5nm,5G,OLED,FHD+,1200,iOS,iOS,16,Face ID,Stereo Speakers,IP68,4K@60fps,76,76,88,77,80,79,80,premium,Everyday Use
Apple,IPhone 14 Plus,6 GB + 256 GB,79900,discontinued,new,2022,https://m.media-amazon.com/images/I/61YSNhAb00L._SX522_.jpg,smartphone,Pro-level photography and innovative safety features like Emergency SOS via satellite.,6,256,3279,20,60,6.1,12,"12 MP Main, dual pixel PDAF, sensor-shift OIS + 12 MP Ultrawide",12,Apple A15 Bionic,upper-midrange,5nm,5G,OLED,FHD+,1200,iOS,iOS,16,Face ID,Stereo Speakers,IP68,4K@60fps,76,76,88,77,80,79,80,premium,Everyday Use
Apple,IPhone 14 Plus,6 GB + 512 GB,99900,discontinued,new,2022,https://m.media-amazon.com/images/I/61YSNhAb00L._SX522_.jpg,smartphone,Pro-level photography and innovative safety features like Emergency SOS via satellite.,6,512,3279,20,60,6.1,12,"12 MP Main, dual pixel PDAF, sensor-shift OIS + 12 MP Ultrawide",12,Apple A15 Bionic,upper-midrange,5nm,5G,OLED,FHD+,1200,iOS,iOS,16,Face ID,Stereo Speakers,IP68,4K@60fps,76,76,88,77,80,79,80,premium,Everyday Use
Apple,IPhone 14 Pro,6 GB + 128 GB,119900,discontinued,new,2022,https://m.media-amazon.com/images/I/61XO4bORHUL._SX522_.jpg,smartphone,Pro-level photography and innovative safety features like Emergency SOS via satellite.,6,128,3200,20,120,6.1,48,"48 MP Main, dual pixel PDAF, sensor-shift OIS + 12 MP Telephoto, PDAF, OIS, 3x Optical Zoom + 12 MP Ultrawide, dual pixel PDAF + LiDAR",12,Apple A16 Bionic,upper-midrange,4nm,5G,OLED,FHD+,2000,iOS,iOS,16,Face ID,Stereo Speakers,IP68,4K@60fps,84,88,77,83,91,87,76,ultra-premium,Photography Enthusiasts
Apple,IPhone 14 Pro,6 GB + 256 GB,139900,discontinued,new,2022,https://m.media-amazon.com/images/I/61XO4bORHUL._SX522_.jpg,smartphone,Pro-level photography and innovative safety features like Emergency SOS via satellite.,6,256,3200,20,120,6.1,48,"48 MP Main, dual pixel PDAF, sensor-shift OIS + 12 MP Telephoto, PDAF, OIS, 3x Optical Zoom + 12 MP Ultrawide, dual pixel PDAF + LiDAR",12,Apple A16 Bionic,upper-midrange,4nm,5G,OLED,FHD+,2000,iOS,iOS,16,Face ID,Stereo Speakers,IP68,4K@60fps,84,88,77,83,91,87,76,ultra-premium,Photography Enthusiasts
Apple,IPhone 14 Pro,6 GB + 512 GB,159900,discontinued,new,2022,https://m.media-amazon.com/images/I/61XO4bORHUL._SX522_.jpg,smartphone,Pro-level photography and innovative safety features like Emergency SOS via satellite.,6,512,3200,20,120,6.1,48,"48 MP Main, dual pixel PDAF, sensor-shift OIS + 12 MP Telephoto, PDAF, OIS, 3x Optical Zoom + 12 MP Ultrawide, dual pixel PDAF + LiDAR",12,Apple A16 Bionic,upper-midrange,4nm,5G,OLED,FHD+,2000,iOS,iOS,16,Face ID,Stereo Speakers,IP68,4K@60fps,84,88,77,83,91,87,76,ultra-premium,Photography Enthusiasts
Apple,IPhone 14 Pro,6 GB + 1024 GB,179900,discontinued,new,2022,https://m.media-amazon.com/images/I/61XO4bORHUL._SX522_.jpg,smartphone,Pro-level photography and innovative safety features like Emergency SOS via satellite.,6,1024,3200,20,120,6.1,48,"48 MP Main, dual pixel PDAF, sensor-shift OIS + 12 MP Telephoto, PDAF, OIS, 3x Optical Zoom + 12 MP Ultrawide, dual pixel PDAF + LiDAR",12,Apple A16 Bionic,upper-midrange,4nm,5G,OLED,FHD+,2000,iOS,iOS,16,Face ID,Stereo Speakers,IP68,4K@60fps,84,88,77,83,91,87,76,ultra-premium,Photography Enthusiasts
Apple,IPhone 14 Pro Max,6 GB + 128 GB,134900,discontinued,new,2022,https://m.media-amazon.com/images/I/51KLILQ67nL._AC_SX425_.jpg,smartphone,Pro-level photography and innovative safety features like Emergency SOS via satellite.,6,128,4323,20,120,6.7,48,"48 MP Main, dual pixel PDAF, sensor-shift OIS + 12 MP Telephoto, PDAF, OIS, 3x Optical Zoom + 12 MP Ultrawide, dual pixel PDAF + LiDAR",12,Apple A16 Bionic,upper-midrange,4nm,5G,OLED,FHD+,2000,iOS,iOS,16,Face ID,Stereo Speakers,IP68,4K@60fps,87,88,90,83,93,85,78,ultra-premium,"Content Creators, Heavy Gamers"
Apple,IPhone 14 Pro Max,6 GB + 256 GB,144900,discontinued,new,2022,https://m.media-amazon.com/images/I/51KLILQ67nL._AC_SX425_.jpg,smartphone,Pro-level photography and innovative safety features like Emergency SOS via satellite.,6,256,4323,20,120,6.7,48,"48 MP Main, dual pixel PDAF, sensor-shift OIS + 12 MP Telephoto, PDAF, OIS, 3x Optical Zoom + 12 MP Ultrawide, dual pixel PDAF + LiDAR",12,Apple A16 Bionic,upper-midrange,4nm,5G,OLED,FHD+,2000,iOS,iOS,16,Face ID,Stereo Speakers,IP68,4K@60fps,87,88,90,83,93,85,78,ultra-premium,"Content Creators, Heavy Gamers"
Apple,IPhone 14 Pro Max,6 GB + 512 GB,164900,discontinued,new,2022,https://m.media-amazon.com/images/I/51KLILQ67nL._AC_SX425_.jpg,smartphone,Pro-level photography and innovative safety features like Emergency SOS via satellite.,6,512,4323,20,120,6.7,48,"48 MP Main, dual pixel PDAF, sensor-shift OIS + 12 MP Telephoto, PDAF, OIS, 3x Optical Zoom + 12 MP Ultrawide, dual pixel PDAF + LiDAR",12,Apple A16 Bionic,upper-midrange,4nm,5G,OLED,FHD+,2000,iOS,iOS,16,Face ID,Stereo Speakers,IP68,4K@60fps,87,88,90,83,93,85,78,ultra-premium,"Content Creators, Heavy Gamers"
Apple,IPhone 14 Pro Max,6 GB + 1024 GB,184900,discontinued,new,2022,https://m.media-amazon.com/images/I/51KLILQ67nL._AC_SX425_.jpg,smartphone,Pro-level photography and innovative safety features like Emergency SOS via satellite.,6,1024,4323,20,120,6.7,48,"48 MP Main, dual pixel PDAF, sensor-shift OIS + 12 MP Telephoto, PDAF, OIS, 3x Optical Zoom + 12 MP Ultrawide, dual pixel PDAF + LiDAR",12,Apple A16 Bionic,upper-midrange,4nm,5G,OLED,FHD+,2000,iOS,iOS,16,Face ID,Stereo Speakers,IP68,4K@60fps,87,88,90,83,93,85,78,ultra-premium,"Content Creators, Heavy Gamers"
Apple,IPhone 15,6 GB + 128 GB,59900,discontinued,new,2023,https://m.media-amazon.com/images/I/71d7rfSl0wL._SX425_.jpg,smartphone,"Next-gen 48MP camera and the convenience of USB-C in a durable, color-infused glass design.",6,128,3349,20,60,6.1,48,"48 MP Main, dual pixel PDAF, sensor-shift OIS + 12 MP Ultrawide",12,Apple A16 Bionic,upper-midrange,4nm,5G,OLED,FHD+,2000,iOS,iOS,17,Face ID,Stereo Speakers,IP68,4K@60fps,78,84,76,83,85,87,86,premium,Everyday Use
Apple,IPhone 15,6 GB + 256 GB,69900,discontinued,new,2023,https://m.media-amazon.com/images/I/71d7rfSl0wL._SX425_.jpg,smartphone,"Next-gen 48MP camera and the convenience of USB-C in a durable, color-infused glass design.",6,256,3349,20,60,6.1,48,"48 MP Main, dual pixel PDAF, sensor-shift OIS + 12 MP Ultrawide",12,Apple A16 Bionic,upper-midrange,4nm,5G,OLED,FHD+,2000,iOS,iOS,17,Face ID,Stereo Speakers,IP68,4K@60fps,78,84,76,83,85,87,86,premium,Everyday Use
Apple,IPhone 15,6 GB + 512 GB,89000,discontinued,new,2023,https://m.media-amazon.com/images/I/71d7rfSl0wL._SX425_.jpg,smartphone,"Next-gen 48MP camera and the convenience of USB-C in a durable, color-infused glass design.",6,512,3349,20,60,6.1,48,"48 MP Main, dual pixel PDAF, sensor-shift OIS + 12 MP Ultrawide",12,Apple A16 Bionic,upper-midrange,4nm,5G,OLED,FHD+,2000,iOS,iOS,17,Face ID,Stereo Speakers,IP68,4K@60fps,78,84,76,83,85,87,86,premium,Everyday Use
Apple,IPhone 15 Plus,6 GB + 128 GB,69900,discontinued,new,2023,https://m.media-amazon.com/images/I/71PjpS59XLL._SX425_.jpg,smartphone,"Next-gen 48MP camera and the convenience of USB-C in a durable, color-infused glass design.",6,128,4383,20,60,6.7,48,"48 MP Main, dual pixel PDAF, sensor-shift OIS + 12 MP Ultrawide",12,Apple A16 Bionic,upper-midrange,4nm,5G,OLED,FHD+,2000,iOS,iOS,17,Face ID,Stereo Speakers,IP68,4K@60fps,82,84,90,83,86,86,87,premium,Everyday Use
Apple,IPhone 15 Plus,6 GB + 256 GB,79900,discontinued,new,2023,https://m.media-amazon.com/images/I/71PjpS59XLL._SX425_.jpg,smartphone,"Next-gen 48MP camera and the convenience of USB-C in a durable, color-infused glass design.",6,256,4383,20,60,6.7,48,"48 MP Main, dual pixel PDAF, sensor-shift OIS + 12 MP Ultrawide",12,Apple A16 Bionic,upper-midrange,4nm,5G,OLED,FHD+,2000,iOS,iOS,17,Face ID,Stereo Speakers,IP68,4K@60fps,82,84,90,83,86,86,87,premium,Everyday Use
Apple,IPhone 15 Plus,6 GB + 512 GB,99900,discontinued,new,2023,https://m.media-amazon.com/images/I/71PjpS59XLL._SX425_.jpg,smartphone,"Next-gen 48MP camera and the convenience of USB-C in a durable, color-infused glass design.",6,512,4383,20,60,6.7,48,"48 MP Main, dual pixel PDAF, sensor-shift OIS + 12 MP Ultrawide",12,Apple A16 Bionic,upper-midrange,4nm,5G,OLED,FHD+,2000,iOS,iOS,17,Face ID,Stereo Speakers,IP68,4K@60fps,82,84,90,83,86,86,87,premium,Everyday Use
Apple,IPhone 15 Pro,6 GB + 128 GB,134900,discontinued,new,2023,https://m.media-amazon.com/images/I/81SigpJN1KL._SX425_.jpg,smartphone,"Next-gen 48MP camera and the convenience of USB-C in a durable, color-infused glass design.",8,128,3274,20,120,6.1,48,"48 MP Main, dual pixel PDAF, sensor-shift OIS + 12 MP Telephoto, PDAF, OIS, 3x Optical Zoom + 12 MP Ultrawide, dual pixel PDAF + LiDAR",12,Apple A17 Pro,flagship,3nm,5G,OLED,FHD+,2000,iOS,iOS,17,Face ID,Stereo Speakers,IP68,4K@60fps,90,91,76,90,94,92,82,ultra-premium,Photography Enthusiasts
Apple,IPhone 15 Pro,8 GB + 256 GB,144900,discontinued,new,2023,https://m.media-amazon.com/images/I/81SigpJN1KL._SX425_.jpg,smartphone,"Next-gen 48MP camera and the convenience of USB-C in a durable, color-infused glass design.",8,256,3274,20,120,6.1,48,"48 MP Main, dual pixel PDAF, sensor-shift OIS + 12 MP Telephoto, PDAF, OIS, 3x Optical Zoom + 12 MP Ultrawide, dual pixel PDAF + LiDAR",12,Apple A17 Pro,flagship,3nm,5G,OLED,FHD+,2000,iOS,iOS,17,Face ID,Stereo Speakers,IP68,4K@60fps,90,91,76,90,94,92,82,ultra-premium,Photography Enthusiasts
Apple,IPhone 15 Pro,8 GB + 512 GB,164900,discontinued,new,2023,https://m.media-amazon.com/images/I/81SigpJN1KL._SX425_.jpg,smartphone,"Next-gen 48MP camera and the convenience of USB-C in a durable, color-infused glass design.",8,512,3274,20,120,6.1,48,"48 MP Main, dual pixel PDAF, sensor-shift OIS + 12 MP Telephoto, PDAF, OIS, 3x Optical Zoom + 12 MP Ultrawide, dual pixel PDAF + LiDAR",12,Apple A17 Pro,flagship,3nm,5G,OLED,FHD+,2000,iOS,iOS,17,Face ID,Stereo Speakers,IP68,4K@60fps,90,91,76,90,94,92,82,ultra-premium,Photography Enthusiasts
Apple,IPhone 15 Pro,8 GB + 1024 GB,184900,discontinued,new,2023,https://m.media-amazon.com/images/I/81SigpJN1KL._SX425_.jpg,smartphone,"Next-gen 48MP camera and the convenience of USB-C in a durable, color-infused glass design.",8,1024,3274,20,120,6.1,48,"48 MP Main, dual pixel PDAF, sensor-shift OIS + 12 MP Telephoto, PDAF, OIS, 3x Optical Zoom + 12 MP Ultrawide, dual pixel PDAF + LiDAR",12,Apple A17 Pro,flagship,3nm,5G,OLED,FHD+,2000,iOS,iOS,17,Face ID,Stereo Speakers,IP68,4K@60fps,90,91,76,90,94,92,82,ultra-premium,Photography Enthusiasts
Apple,IPhone 15 Pro Max,8 GB + 256 GB,159900,discontinued,new,2023,https://m.media-amazon.com/images/I/81c50PU+lpL._SX425_.jpg,smartphone,"Next-gen 48MP camera and the convenience of USB-C in a durable, color-infused glass design.",8,256,4441,20,120,6.7,48,"48 MP Main, dual pixel PDAF, sensor-shift OIS + 12 MP Telephoto, dual pixel PDAF, 3D sensor-shift OIS, 5x Optical Zoom + 12 MP Ultrawide, dual pixel PDAF + LiDAR",12,Apple A17 Pro,flagship,3nm,5G,OLED,FHD+,2000,iOS,iOS,17,Face ID,Stereo Speakers,IP68,4K@60fps,92,94,92,90,95,91,83,ultra-premium,"Content Creators, Heavy Gamers"
Apple,IPhone 15 Pro Max,8 GB + 512 GB,179900,discontinued,new,2023,https://m.media-amazon.com/images/I/81c50PU+lpL._SX425_.jpg,smartphone,"Next-gen 48MP camera and the convenience of USB-C in a durable, color-infused glass design.",8,512,4441,20,120,6.7,48,"48 MP Main, dual pixel PDAF, sensor-shift OIS + 12 MP Telephoto, dual pixel PDAF, 3D sensor-shift OIS, 5x Optical Zoom + 12 MP Ultrawide, dual pixel PDAF + LiDAR",12,Apple A17 Pro,flagship,3nm,5G,OLED,FHD+,2000,iOS,iOS,17,Face ID,Stereo Speakers,IP68,4K@60fps,92,94,92,90,95,91,83,ultra-premium,"Content Creators, Heavy Gamers"
Apple,IPhone 15 Pro Max,8 GB + 1024 GB,199900,discontinued,new,2023,https://m.media-amazon.com/images/I/81c50PU+lpL._SX425_.jpg,smartphone,"Next-gen 48MP camera and the convenience of USB-C in a durable, color-infused glass design.",8,1024,4441,20,120,6.7,48,"48 MP Main, dual pixel PDAF, sensor-shift OIS + 12 MP Telephoto, dual pixel PDAF, 3D sensor-shift OIS, 5x Optical Zoom + 12 MP Ultrawide, dual pixel PDAF + LiDAR",12,Apple A17 Pro,flagship,3nm,5G,OLED,FHD+,2000,iOS,iOS,17,Face ID,Stereo Speakers,IP68,4K@60fps,92,94,92,90,95,91,83,ultra-premium,"Content Creators, Heavy Gamers"
Apple,IPhone 16,8 GB + 128 GB,69900,discontinued,new,2024,https://m.media-amazon.com/images/I/61eYPkT2zZL._SX679_.jpg,smartphone,Built for Apple Intelligence with the all-new Camera Control and ultra-powerful A18 chip.,8,128,3561,20,60,6.1,48,"48 MP Main, dual pixel PDAF, sensor-shift OIS + 12 MP Ultrawide, dual pixel PDAF",12,Apple A18 Bionic,flagship,3nm,5G,OLED,FHD+,2000,iOS,iOS,18,Face ID,Stereo Speakers,IP68,4K@60fps,88,88,80,93,86,88,90,premium,Everyday Use
Apple,IPhone 16,8 GB + 256 GB,79900,discontinued,new,2024,https://m.media-amazon.com/images/I/61eYPkT2zZL._SX679_.jpg,smartphone,Built for Apple Intelligence with the all-new Camera Control and ultra-powerful A18 chip.,8,256,3561,20,60,6.1,48,"48 MP Main, dual pixel PDAF, sensor-shift OIS + 12 MP Ultrawide, dual pixel PDAF",12,Apple A18 Bionic,flagship,3nm,5G,OLED,FHD+,2000,iOS,iOS,18,Face ID,Stereo Speakers,IP68,4K@60fps,88,88,80,93,86,88,90,premium,Everyday Use
Apple,IPhone 16,8 GB + 512 GB,99900,discontinued,new,2024,https://m.media-amazon.com/images/I/61eYPkT2zZL._SX679_.jpg,smartphone,Built for Apple Intelligence with the all-new Camera Control and ultra-powerful A18 chip.,8,512,3561,20,60,6.1,48,"48 MP Main, dual pixel PDAF, sensor-shift OIS + 12 MP Ultrawide, dual pixel PDAF",12,Apple A18 Bionic,flagship,3nm,5G,OLED,FHD+,2000,iOS,iOS,18,Face ID,Stereo Speakers,IP68,4K@60fps,88,88,80,93,86,88,90,premium,Everyday Use
Apple,IPhone 16 Plus,8 GB + 128 GB,77900,discontinued,new,2024,https://m.media-amazon.com/images/I/61evtSm4vDL._SX679_.jpg,smartphone,Built for Apple Intelligence with the all-new Camera Control and ultra-powerful A18 chip.,8,128,4674,20,60,6.1,48,"48 MP Main, dual pixel PDAF, sensor-shift OIS + 12 MP Ultrawide, dual pixel PDAF",12,Apple A18 Bionic,flagship,3nm,5G,OLED,FHD+,2000,iOS,iOS,18,Face ID,Stereo Speakers,IP68,4K@60fps,90,88,92,93,87,87,89,premium,Everyday Use
Apple,IPhone 16 Plus,8 GB + 256 GB,87900,discontinued,new,2024,https://m.media-amazon.com/images/I/61evtSm4vDL._SX679_.jpg,smartphone,Built for Apple Intelligence with the all-new Camera Control and ultra-powerful A18 chip.,8,256,4674,20,60,6.1,48,"48 MP Main, dual pixel PDAF, sensor-shift OIS + 12 MP Ultrawide, dual pixel PDAF",12,Apple A18 Bionic,flagship,3nm,5G,OLED,FHD+,2000,iOS,iOS,18,Face ID,Stereo Speakers,IP68,4K@60fps,90,88,92,93,87,87,89,premium,Everyday Use
Apple,IPhone 16 Plus,8 GB + 512 GB,107900,discontinued,new,2024,https://m.media-amazon.com/images/I/61evtSm4vDL._SX679_.jpg,smartphone,Built for Apple Intelligence with the all-new Camera Control and ultra-powerful A18 chip.,8,512,4674,20,60,6.1,48,"48 MP Main, dual pixel PDAF, sensor-shift OIS + 12 MP Ultrawide, dual pixel PDAF",12,Apple A18 Bionic,flagship,3nm,5G,OLED,FHD+,2000,iOS,iOS,18,Face ID,Stereo Speakers,IP68,4K@60fps,90,88,92,93,87,87,89,premium,Everyday Use
Apple,IPhone 16 Pro,8 GB + 128 GB,109900,discontinued,new,2024,https://m.media-amazon.com/images/I/61xJlx-3KDL._SX522_.jpg,smartphone,Built for Apple Intelligence with the all-new Camera Control and ultra-powerful A18 chip.,8,128,3582,20,120,6.7,48,"48 MP Main, dual pixel PDAF, sensor-shift OIS + 12 MP Telephoto, dual pixel PDAF, 3D sensor-shift OIS, 5x Optical Zoom + 48 MP Ultrawide, PDAF + LiDAR",12,Apple A18 Pro,flagship,3nm,5G,OLED,FHD+,2000,iOS,iOS,18,Face ID,Stereo Speakers,IP68,4K@60fps,95,95,84,96,96,94,84,ultra-premium,Photography Enthusiasts
Apple,IPhone 16 Pro,8 GB + 256 GB,119900,discontinued,new,2024,https://m.media-amazon.com/images/I/61xJlx-3KDL._SX522_.jpg,smartphone,Built for Apple Intelligence with the all-new Camera Control and ultra-powerful A18 chip.,8,256,3582,20,120,6.7,48,"48 MP Main, dual pixel PDAF, sensor-shift OIS + 12 MP Telephoto, dual pixel PDAF, 3D sensor-shift OIS, 5x Optical Zoom + 48 MP Ultrawide, PDAF + LiDAR",12,Apple A18 Pro,flagship,3nm,5G,OLED,FHD+,2000,iOS,iOS,18,Face ID,Stereo Speakers,IP68,4K@60fps,95,95,84,96,96,94,84,ultra-premium,Photography Enthusiasts
Apple,IPhone 16 Pro,8 GB + 512 GB,139900,discontinued,new,2024,https://m.media-amazon.com/images/I/61xJlx-3KDL._SX522_.jpg,smartphone,Built for Apple Intelligence with the all-new Camera Control and ultra-powerful A18 chip.,8,512,3582,20,120,6.7,48,"48 MP Main, dual pixel PDAF, sensor-shift OIS + 12 MP Telephoto, dual pixel PDAF, 3D sensor-shift OIS, 5x Optical Zoom + 48 MP Ultrawide, PDAF + LiDAR",12,Apple A18 Pro,flagship,3nm,5G,OLED,FHD+,2000,iOS,iOS,18,Face ID,Stereo Speakers,IP68,4K@60fps,95,95,84,96,96,94,84,ultra-premium,Photography Enthusiasts
Apple,IPhone 16 Pro,8 GB + 1024 GB,159900,discontinued,new,2024,https://m.media-amazon.com/images/I/61xJlx-3KDL._SX522_.jpg,smartphone,Built for Apple Intelligence with the all-new Camera Control and ultra-powerful A18 chip.,8,1024,3582,20,120,6.7,48,"48 MP Main, dual pixel PDAF, sensor-shift OIS + 12 MP Telephoto, dual pixel PDAF, 3D sensor-shift OIS, 5x Optical Zoom + 48 MP Ultrawide, PDAF + LiDAR",12,Apple A18 Pro,flagship,3nm,5G,OLED,FHD+,2000,iOS,iOS,18,Face ID,Stereo Speakers,IP68,4K@60fps,95,95,84,96,96,94,84,ultra-premium,Photography Enthusiasts
Apple,IPhone 16 Pro Max,8 GB + 256 GB,134900,discontinued,new,2024,https://m.media-amazon.com/images/I/619oqSJVY5L._SX522_.jpg,smartphone,Built for Apple Intelligence with the all-new Camera Control and ultra-powerful A18 chip.,8,256,4685,20,120,6.3,48,"48 MP Main, dual pixel PDAF, sensor-shift OIS + 12 MP Telephoto, dual pixel PDAF, 3D sensor-shift OIS, 5x Optical Zoom + 48 MP Ultrawide, PDAF + LiDAR",12,Apple A18 Pro,flagship,3nm,5G,OLED,FHD+,2000,iOS,iOS,18,Face ID,Stereo Speakers,IP68,4K@60fps,97,96,96,96,98,93,84,ultra-premium,"Content Creators, Heavy Gamers"
Apple,IPhone 16 Pro Max,8 GB + 512 GB,154900,discontinued,new,2024,https://m.media-amazon.com/images/I/619oqSJVY5L._SX522_.jpg,smartphone,Built for Apple Intelligence with the all-new Camera Control and ultra-powerful A18 chip.,8,512,4685,20,120,6.3,48,"48 MP Main, dual pixel PDAF, sensor-shift OIS + 12 MP Telephoto, dual pixel PDAF, 3D sensor-shift OIS, 5x Optical Zoom + 48 MP Ultrawide, PDAF + LiDAR",12,Apple A18 Pro,flagship,3nm,5G,OLED,FHD+,2000,iOS,iOS,18,Face ID,Stereo Speakers,IP68,4K@60fps,97,96,96,96,98,93,84,ultra-premium,"Content Creators, Heavy Gamers"
Apple,IPhone 16 Pro Max,8 GB + 1024 GB,174900,discontinued,new,2024,https://m.media-amazon.com/images/I/619oqSJVY5L._SX522_.jpg,smartphone,Built for Apple Intelligence with the all-new Camera Control and ultra-powerful A18 chip.,8,1024,4685,20,120,6.3,48,"48 MP Main, dual pixel PDAF, sensor-shift OIS + 12 MP Telephoto, dual pixel PDAF, 3D sensor-shift OIS, 5x Optical Zoom + 48 MP Ultrawide, PDAF + LiDAR",12,Apple A18 Pro,flagship,3nm,5G,OLED,FHD+,2000,iOS,iOS,18,Face ID,Stereo Speakers,IP68,4K@60fps,97,96,96,96,98,93,84,ultra-premium,"Content Creators, Heavy Gamers"
Apple,IPhone 16e,8 GB + 128 GB,59900,discontinued,new,2025,https://m.media-amazon.com/images/I/61FMZ9rSZUL._SX522_.jpg,smartphone,Built for Apple Intelligence with the all-new Camera Control and ultra-powerful A18 chip.,8,128,4005,20,60,6.1,48,"48 MP Main, PDAF, OIS",12,Apple A18 Bionic,flagship,3nm,5G,OLED,FHD+,1200,iOS,iOS,18,Face ID,Stereo Speakers,IP68,4K@60fps,85,80,82,91,72,83,88,premium,Everyday Use
Apple,IPhone 16e,8 GB + 256 GB,69900,discontinued,new,2025,https://m.media-amazon.com/images/I/61FMZ9rSZUL._SX522_.jpg,smartphone,Built for Apple Intelligence with the all-new Camera Control and ultra-powerful A18 chip.,8,256,4005,20,60,6.1,48,"48 MP Main, PDAF, OIS",12,Apple A18 Bionic,flagship,3nm,5G,OLED,FHD+,1200,iOS,iOS,18,Face ID,Stereo Speakers,IP68,4K@60fps,85,80,82,91,72,83,88,premium,Everyday Use
Apple,IPhone 16e,8 GB + 512 GB,89900,discontinued,new,2025,https://m.media-amazon.com/images/I/61FMZ9rSZUL._SX522_.jpg,smartphone,Built for Apple Intelligence with the all-new Camera Control and ultra-powerful A18 chip.,8,512,4005,20,60,6.1,48,"48 MP Main, PDAF, OIS",12,Apple A18 Bionic,flagship,3nm,5G,OLED,FHD+,1200,iOS,iOS,18,Face ID,Stereo Speakers,IP68,4K@60fps,85,80,82,91,72,83,88,premium,Everyday Use
Apple,IPhone 17,8 GB + 256 GB,82900,in-stock,new,2025,https://m.media-amazon.com/images/I/617O+RkwdPL._SX466_.jpg,smartphone,The future of mobile innovation with an ultra-thin design and revolutionary A19 performance.,8,256,3692,20,120,6.3,48,"48 MP Main, dual pixel PDAF, sensor-shift OIS + 48 MP Ultrawide, PDAF",18,Apple A19 Bionic,flagship,3nm,5G,OLED,FHD+,3000,iOS,iOS,26,Face ID,Stereo Speakers,IP68,4K@60fps,94,91,84,96,95,91,92,ultra-premium,Everyday Use
Apple,IPhone 17,8 GB + 512 GB,102900,in-stock,new,2025,https://m.media-amazon.com/images/I/617O+RkwdPL._SX466_.jpg,smartphone,The future of mobile innovation with an ultra-thin design and revolutionary A19 performance.,8,512,3692,20,120,6.3,48,"48 MP Main, dual pixel PDAF, sensor-shift OIS + 48 MP Ultrawide, PDAF",18,Apple A19 Bionic,flagship,3nm,5G,OLED,FHD+,3000,iOS,iOS,26,Face ID,Stereo Speakers,IP68,4K@60fps,94,91,84,96,95,91,92,ultra-premium,Everyday Use
Apple,IPhone Air,12 GB + 256 GB ,101900,in-stock,new,2025,https://m.media-amazon.com/images/I/61Ce-6B6x+L._SX466_.jpg,smartphone,The future of mobile innovation with an ultra-thin design and revolutionary A19 performance.,12,256,3179,20,120,6.5,48,"48 MP Main, dual pixel PDAF, sensor-shift OIS",18,Apple A19 Pro,flagship,3nm,5G,OLED,FHD+,3000,iOS,iOS,26,Face ID,Stereo Speakers,IP68,4K@60fps,90,81,66,98,95,100,76,ultra-premium,Everyday Use
Apple,IPhone Air,12 GB  + 512 GB,121900,in-stock,new,2025,https://m.media-amazon.com/images/I/61Ce-6B6x+L._SX466_.jpg,smartphone,The future of mobile innovation with an ultra-thin design and revolutionary A19 performance.,12,512,3179,20,120,6.5,48,"48 MP Main, dual pixel PDAF, sensor-shift OIS",18,Apple A19 Pro,flagship,3nm,5G,OLED,FHD+,3000,iOS,iOS,26,Face ID,Stereo Speakers,IP68,4K@60fps,90,81,66,98,95,100,76,ultra-premium,Everyday Use
Apple,IPhone Air,12 GB + 1024 GB,141900,in-stock,new,2025,https://m.media-amazon.com/images/I/61Ce-6B6x+L._SX466_.jpg,smartphone,The future of mobile innovation with an ultra-thin design and revolutionary A19 performance.,12,1024,3179,20,120,6.5,48,"48 MP Main, dual pixel PDAF, sensor-shift OIS",18,Apple A19 Pro,flagship,3nm,5G,OLED,FHD+,3000,iOS,iOS,26,Face ID,Stereo Speakers,IP68,4K@60fps,90,81,66,98,95,100,76,ultra-premium,Everyday Use
Apple,IPhone 17 Pro,12 GB + 256 GB ,132900,in-stock,new,2025,https://m.media-amazon.com/images/I/618vU2qKXQL._SX425_.jpg,smartphone,The future of mobile innovation with an ultra-thin design and revolutionary A19 performance.,12,256,3998,20,120,6.3,48,"48 MP Main, dual pixel PDAF, sensor-shift OIS + 48 MP Telephoto, PDAF, 3D sensor-shift OIS, 4x Optical Zoom + 48 MP Ultrawide, PDAF + LiDAR",18,Apple A19 Pro,flagship,3nm,5G,OLED,FHD+,3000,iOS,iOS,26,Face ID,Stereo Speakers,IP68,4K@120fps,99,98,90,100,98,93,83,ultra-premium,Photography Enthusiasts
Apple,IPhone 17 Pro,12 GB + 512 GB ,152900,in-stock,new,2025,https://m.media-amazon.com/images/I/618vU2qKXQL._SX425_.jpg,smartphone,The future of mobile innovation with an ultra-thin design and revolutionary A19 performance.,12,512,3998,20,120,6.3,48,"48 MP Main, dual pixel PDAF, sensor-shift OIS + 48 MP Telephoto, PDAF, 3D sensor-shift OIS, 4x Optical Zoom + 48 MP Ultrawide, PDAF + LiDAR",18,Apple A19 Pro,flagship,3nm,5G,OLED,FHD+,3000,iOS,iOS,26,Face ID,Stereo Speakers,IP68,4K@120fps,99,98,90,100,98,93,83,ultra-premium,Photography Enthusiasts
Apple,IPhone 17 Pro,12 GB + 1024 GB,172900,in-stock,new,2025,https://m.media-amazon.com/images/I/618vU2qKXQL._SX425_.jpg,smartphone,The future of mobile innovation with an ultra-thin design and revolutionary A19 performance.,12,1024,3998,20,120,6.3,48,"48 MP Main, dual pixel PDAF, sensor-shift OIS + 48 MP Telephoto, PDAF, 3D sensor-shift OIS, 4x Optical Zoom + 48 MP Ultrawide, PDAF + LiDAR",18,Apple A19 Pro,flagship,3nm,5G,OLED,FHD+,3000,iOS,iOS,26,Face ID,Stereo Speakers,IP68,4K@120fps,99,98,90,100,98,93,83,ultra-premium,Photography Enthusiasts
Apple,IPhone 17 Pro Max,12 GB + 256 GB ,147900,in-stock,new,2025,https://m.media-amazon.com/images/I/71R8VsJ07nL._SX425_.jpg,smartphone,The future of mobile innovation with an ultra-thin design and revolutionary A19 performance.,12,256,4823,20,120,6.9,48,"48 MP Main, dual pixel PDAF, sensor-shift OIS + 48 MP Telephoto, PDAF, 3D sensor-shift OIS, 4x Optical Zoom + 48 MP Ultrawide, PDAF + LiDAR",18,Apple A19 Pro,flagship,3nm,5G,OLED,FHD+,3000,iOS,iOS,26,Face ID,Stereo Speakers,IP68,4K@120fps,100,98,100,100,99,91,80,ultra-premium,"Content Creators, Heavy Gamers, Photography Enthusiasts"
Apple,IPhone 17 Pro Max,12 GB + 512 GB ,167900,in-stock,new,2025,https://m.media-amazon.com/images/I/71R8VsJ07nL._SX425_.jpg,smartphone,The future of mobile innovation with an ultra-thin design and revolutionary A19 performance.,12,512,4823,20,120,6.9,48,"48 MP Main, dual pixel PDAF, sensor-shift OIS + 48 MP Telephoto, PDAF, 3D sensor-shift OIS, 4x Optical Zoom + 48 MP Ultrawide, PDAF + LiDAR",18,Apple A19 Pro,flagship,3nm,5G,OLED,FHD+,3000,iOS,iOS,26,Face ID,Stereo Speakers,IP68,4K@120fps,100,98,100,100,99,91,80,ultra-premium,"Content Creators, Heavy Gamers, Photography Enthusiasts"
Apple,IPhone 17 Pro Max,12 GB + 1024 GB,187900,in-stock,new,2025,https://m.media-amazon.com/images/I/71R8VsJ07nL._SX425_.jpg,smartphone,The future of mobile innovation with an ultra-thin design and revolutionary A19 performance.,12,1024,4823,20,120,6.9,48,"48 MP Main, dual pixel PDAF, sensor-shift OIS + 48 MP Telephoto, PDAF, 3D sensor-shift OIS, 4x Optical Zoom + 48 MP Ultrawide, PDAF + LiDAR",18,Apple A19 Pro,flagship,3nm,5G,OLED,FHD+,3000,iOS,iOS,26,Face ID,Stereo Speakers,IP68,4K@120fps,100,98,100,100,99,91,80,ultra-premium,"Content Creators, Heavy Gamers, Photography Enthusiasts"
Apple,IPhone 17 Pro Max,12 GB + 2048 GB,227900,in-stock,new,2025,https://m.media-amazon.com/images/I/71R8VsJ07nL._SX425_.jpg,smartphone,The future of mobile innovation with an ultra-thin design and revolutionary A19 performance.,12,2048,4823,20,120,6.9,48,"48 MP Main, dual pixel PDAF, sensor-shift OIS + 48 MP Telephoto, PDAF, 3D sensor-shift OIS, 4x Optical Zoom + 48 MP Ultrawide, PDAF + LiDAR",18,Apple A19 Pro,flagship,3nm,5G,OLED,FHD+,3000,iOS,iOS,26,Face ID,Stereo Speakers,IP68,4K@120fps,100,98,100,100,99,91,80,ultra-premium,"Content Creators, Heavy Gamers, Photography Enthusiasts"
Samsung,Galaxy Z Fold 6,12 GB + 256 GB,149999,in-stock,new,2024,https://images.samsung.com/is/image/samsung/assets/in/smartphones/galaxy-z-fold6/buy/Fold6_1600x864-4.jpg?imbypass=true,smartphone,Galaxy Z Fold 6 is Samsung's book-style foldable flagship with a large inner display and multitasking-focused hardware.,12,256,4400,25,120,7.6,50,"50 MP Wide, dual pixel PDAF, OIS + 10 MP Telephoto, PDAF, OIS, 3x Optical Zoom + 12 MP Ultrawide",4,Snapdragon 8 Gen 3 for Galaxy / Exynos 2400,flagship,4nm,5G,Foldable Dynamic AMOLED 2X,QXGA+,1750,Android,One UI,6,"Side Fingerprint, Face Unlock",Stereo Speakers,IPX8,8K@24fps,96,90,84,96,97,94,62,ultra-premium,"Productivity Users, Content Creators"
Samsung,Galaxy Z Fold 6,12 GB + 512 GB,164499,in-stock,new,2024,https://images.samsung.com/is/image/samsung/assets/in/smartphones/galaxy-z-fold6/buy/Fold6_1600x864-4.jpg?imbypass=true,smartphone,Galaxy Z Fold 6 is Samsung's book-style foldable flagship with a large inner display and multitasking-focused hardware.,12,512,4400,25,120,7.6,50,"50 MP Wide, dual pixel PDAF, OIS + 10 MP Telephoto, PDAF, OIS, 3x Optical Zoom + 12 MP Ultrawide",4,Snapdragon 8 Gen 3 for Galaxy / Exynos 2400,flagship,4nm,5G,Foldable Dynamic AMOLED 2X,QXGA+,1750,Android,One UI,6,"Side Fingerprint, Face Unlock",Stereo Speakers,IPX8,8K@24fps,96,90,84,96,97,94,62,ultra-premium,"Productivity Users, Content Creators"
Samsung,Galaxy Z Fold 6,12 GB + 1024 GB,185999,in-stock,new,2024,https://images.samsung.com/is/image/samsung/assets/in/smartphones/galaxy-z-fold6/buy/Fold6_1600x864-4.jpg?imbypass=true,smartphone,Galaxy Z Fold 6 is Samsung's book-style foldable flagship with a large inner display and multitasking-focused hardware.,12,1024,4400,25,120,7.6,50,"50 MP Wide, dual pixel PDAF, OIS + 10 MP Telephoto, PDAF, OIS, 3x Optical Zoom + 12 MP Ultrawide",4,Snapdragon 8 Gen 3 for Galaxy / Exynos 2400,flagship,4nm,5G,Foldable Dynamic AMOLED 2X,QXGA+,1750,Android,One UI,6,"Side Fingerprint, Face Unlock",Stereo Speakers,IPX8,8K@24fps,96,90,84,96,97,94,62,ultra-premium,"Productivity Users, Content Creators"
Samsung,Galaxy Z Flip 6,12 GB + 256 GB,89999,in-stock,new,2024,https://s3bg.cashify.in/gpro/uploads/2022/10/11091610/samsung-galaxy-z-flip-6-5g-back.webp,smartphone,Galaxy Z Flip 6 is Samsung's compact foldable phone with a pocketable design and flagship-grade Galaxy features.,12,256,4000,25,120,6.7,50,"50 MP Wide, dual pixel PDAF, OIS + 12 MP Ultrawide",10,Snapdragon 8 Gen 3 for Galaxy / Exynos 2400,flagship,4nm,5G,Foldable Dynamic AMOLED 2X,FHD+,1750,Android,One UI,6,"Side Fingerprint, Face Unlock",Stereo Speakers,IPX8,4K@60fps,92,84,78,95,94,96,64,premium,"Style-focused Users, Everyday Use"
Samsung,Galaxy Z Flip 6,12 GB + 512 GB,101999,in-stock,new,2024,https://s3bg.cashify.in/gpro/uploads/2022/10/11091610/samsung-galaxy-z-flip-6-5g-back.webp,smartphone,Galaxy Z Flip 6 is Samsung's compact foldable phone with a pocketable design and flagship-grade Galaxy features.,12,512,4000,25,120,6.7,50,"50 MP Wide, dual pixel PDAF, OIS + 12 MP Ultrawide",10,Snapdragon 8 Gen 3 for Galaxy / Exynos 2400,flagship,4nm,5G,Foldable Dynamic AMOLED 2X,FHD+,1750,Android,One UI,6,"Side Fingerprint, Face Unlock",Stereo Speakers,IPX8,4K@60fps,92,84,78,95,94,96,64,premium,"Style-focused Users, Everyday Use"
Samsung,Galaxy A3 (2017),2 GB + 16 GB,19800,discontinued,refurbished,2017,TODO_SAMSUNG_IMAGE_URL,smartphone,Galaxy A3 (2017) is a Samsung Galaxy smartphone from 2017 with balanced everyday features for its segment.,2,16,5000,15,60,6.6,13,"13 MP Wide, AF",8,Exynos 7870,midrange,10nm,4G,Super AMOLED,FHD+,1000,Android,Samsung Experience,8.1,"Fingerprint, Face Unlock",Single Speaker,No official IP rating,4K@30fps,43,46,82,45,62,56,70,midrange,Everyday Use
Samsung,Galaxy A5 (2017),3 GB + 32 GB,17100,discontinued,refurbished,2017,TODO_SAMSUNG_IMAGE_URL,smartphone,Galaxy A5 (2017) is a Samsung Galaxy smartphone from 2017 with balanced everyday features for its segment.,3,32,5000,15,60,6.6,16,"16 MP Wide, AF",16,Exynos 7870,midrange,10nm,4G,Super AMOLED,FHD+,1000,Android,Samsung Experience,8.1,"Fingerprint, Face Unlock",Single Speaker,No official IP rating,4K@30fps,44,47,82,46,62,56,70,midrange,Everyday Use
Samsung,Galaxy A5 (2017),3 GB + 64 GB,21600,discontinued,refurbished,2017,TODO_SAMSUNG_IMAGE_URL,smartphone,Galaxy A5 (2017) is a Samsung Galaxy smartphone from 2017 with balanced everyday features for its segment.,3,64,5000,15,60,6.6,16,"16 MP Wide, AF",16,Exynos 7870,midrange,10nm,4G,Super AMOLED,FHD+,1000,Android,Samsung Experience,8.1,"Fingerprint, Face Unlock",Single Speaker,No official IP rating,4K@30fps,44,47,82,46,62,56,70,midrange,Everyday Use
Samsung,Galaxy A7 (2017),3 GB + 32 GB,25200,discontinued,refurbished,2017,TODO_SAMSUNG_IMAGE_URL,smartphone,Galaxy A7 (2017) is a Samsung Galaxy smartphone from 2017 with balanced everyday features for its segment.,3,32,5000,15,60,6.6,16,"16 MP Wide, AF",16,Exynos 7870,midrange,10nm,4G,Super AMOLED,FHD+,1000,Android,Samsung Experience,8.1,"Fingerprint, Face Unlock",Single Speaker,No official IP rating,4K@30fps,44,47,82,46,62,56,64,midrange,Everyday Use
Samsung,Galaxy A7 (2017),3 GB + 64 GB,29700,discontinued,refurbished,2017,TODO_SAMSUNG_IMAGE_URL,smartphone,Galaxy A7 (2017) is a Samsung Galaxy smartphone from 2017 with balanced everyday features for its segment.,3,64,5000,15,60,6.6,16,"16 MP Wide, AF",16,Exynos 7870,midrange,10nm,4G,Super AMOLED,FHD+,1000,Android,Samsung Experience,8.1,"Fingerprint, Face Unlock",Single Speaker,No official IP rating,4K@30fps,44,47,82,46,62,56,64,midrange,Everyday Use
Samsung,Galaxy A6,3 GB + 32 GB,19800,discontinued,refurbished,2018,TODO_SAMSUNG_IMAGE_URL,smartphone,Galaxy A6 is a Samsung Galaxy smartphone from 2018 with balanced everyday features for its segment.,3,32,3300,15,60,6.6,16,"16 MP Wide, PDAF",16,Exynos 7570,entry,10nm,4G,PLS LCD,FHD+,800,Android,Samsung Experience,9,"Fingerprint, Face Unlock",Single Speaker,No official IP rating,1080p@30fps,33,36,69,35,40,47,70,budget,Everyday Use
Samsung,Galaxy A6,4 GB + 32 GB,20800,discontinued,refurbished,2018,TODO_SAMSUNG_IMAGE_URL,smartphone,Galaxy A6 is a Samsung Galaxy smartphone from 2018 with balanced everyday features for its segment.,4,32,3300,15,60,6.6,16,"16 MP Wide, PDAF",16,Exynos 7570,entry,10nm,4G,PLS LCD,FHD+,800,Android,Samsung Experience,9,"Fingerprint, Face Unlock",Single Speaker,No official IP rating,1080p@30fps,33,36,69,35,40,47,70,budget,Everyday Use
Samsung,Galaxy A6,4 GB + 64 GB,25300,discontinued,refurbished,2018,TODO_SAMSUNG_IMAGE_URL,smartphone,Galaxy A6 is a Samsung Galaxy smartphone from 2018 with balanced everyday features for its segment.,4,64,3300,15,60,6.6,16,"16 MP Wide, PDAF",16,Exynos 7570,entry,10nm,4G,PLS LCD,FHD+,800,Android,Samsung Experience,9,"Fingerprint, Face Unlock",Single Speaker,No official IP rating,1080p@30fps,33,36,69,35,40,47,64,budget,Everyday Use
Samsung,Galaxy A6+,3 GB + 32 GB,20700,discontinued,refurbished,2018,TODO_SAMSUNG_IMAGE_URL,smartphone,Galaxy A6+ is a Samsung Galaxy smartphone from 2018 with balanced everyday features for its segment.,3,32,5000,15,60,6.6,16,"16 MP Wide, PDAF + Auxiliary lens",24,Exynos 7870,midrange,10nm,4G,Super AMOLED,FHD+,1000,Android,Samsung Experience,9,"Fingerprint, Face Unlock",Single Speaker,No official IP rating,4K@30fps,47,51,83,49,64,58,74,midrange,Everyday Use
Samsung,Galaxy A6+,4 GB + 32 GB,21700,discontinued,refurbished,2018,TODO_SAMSUNG_IMAGE_URL,smartphone,Galaxy A6+ is a Samsung Galaxy smartphone from 2018 with balanced everyday features for its segment.,4,32,5000,15,60,6.6,16,"16 MP Wide, PDAF + Auxiliary lens",24,Exynos 7870,midrange,10nm,4G,Super AMOLED,FHD+,1000,Android,Samsung Experience,9,"Fingerprint, Face Unlock",Single Speaker,No official IP rating,4K@30fps,47,51,83,49,64,58,74,midrange,Everyday Use
Samsung,Galaxy A6+,4 GB + 64 GB,26200,discontinued,refurbished,2018,TODO_SAMSUNG_IMAGE_URL,smartphone,Galaxy A6+ is a Samsung Galaxy smartphone from 2018 with balanced everyday features for its segment.,4,64,5000,15,60,6.6,16,"16 MP Wide, PDAF + Auxiliary lens",24,Exynos 7870,midrange,10nm,4G,Super AMOLED,FHD+,1000,Android,Samsung Experience,9,"Fingerprint, Face Unlock",Single Speaker,No official IP rating,4K@30fps,47,51,83,49,64,58,68,midrange,Everyday Use
Samsung,Galaxy A7 (2018),4 GB + 64 GB,27900,discontinued,refurbished,2018,TODO_SAMSUNG_IMAGE_URL,smartphone,Galaxy A7 (2018) is a Samsung Galaxy smartphone from 2018 with balanced everyday features for its segment.,4,64,5000,15,60,6.6,24,"24 MP Wide, PDAF + 8 MP Ultrawide + Auxiliary lens",24,Exynos 7870,midrange,10nm,4G,Super AMOLED,FHD+,1000,Android,Samsung Experience,9,"Fingerprint, Face Unlock",Single Speaker,No official IP rating,4K@30fps,47,55,83,49,64,58,68,midrange,Everyday Use
Samsung,Galaxy A7 (2018),4 GB + 128 GB,32400,discontinued,refurbished,2018,TODO_SAMSUNG_IMAGE_URL,smartphone,Galaxy A7 (2018) is a Samsung Galaxy smartphone from 2018 with balanced everyday features for its segment.,4,128,5000,15,60,6.6,24,"24 MP Wide, PDAF + 8 MP Ultrawide + Auxiliary lens",24,Exynos 7870,midrange,10nm,4G,Super AMOLED,FHD+,1000,Android,Samsung Experience,9,"Fingerprint, Face Unlock",Single Speaker,No official IP rating,4K@30fps,47,55,83,49,64,58,68,midrange,Everyday Use
Samsung,Galaxy A7 (2018),6 GB + 128 GB,34400,discontinued,refurbished,2018,TODO_SAMSUNG_IMAGE_URL,smartphone,Galaxy A7 (2018) is a Samsung Galaxy smartphone from 2018 with balanced everyday features for its segment.,6,128,5000,15,60,6.6,24,"24 MP Wide, PDAF + 8 MP Ultrawide + Auxiliary lens",24,Exynos 7870,midrange,10nm,4G,Super AMOLED,FHD+,1000,Android,Samsung Experience,9,"Fingerprint, Face Unlock",Single Speaker,No official IP rating,4K@30fps,48,55,83,50,64,58,68,midrange,Everyday Use
Samsung,Galaxy A8 (2018),4 GB + 32 GB,22500,discontinued,refurbished,2018,TODO_SAMSUNG_IMAGE_URL,smartphone,Galaxy A8 (2018) is a Samsung Galaxy smartphone from 2018 with balanced everyday features for its segment.,4,32,5000,25,60,6.6,16,"16 MP Wide, PDAF",16,Exynos 7885,upper-midrange,10nm,4G,Super AMOLED,FHD+,1200,Android,Samsung Experience,9,"Fingerprint, Face Unlock",Single Speaker,No official IP rating,4K@30fps,59,64,83,63,78,68,74,midrange,"Everyday Use, Photography Enthusiasts"
Samsung,Galaxy A8 (2018),4 GB + 64 GB,27000,discontinued,refurbished,2018,TODO_SAMSUNG_IMAGE_URL,smartphone,Galaxy A8 (2018) is a Samsung Galaxy smartphone from 2018 with balanced everyday features for its segment.,4,64,5000,25,60,6.6,16,"16 MP Wide, PDAF",16,Exynos 7885,upper-midrange,10nm,4G,Super AMOLED,FHD+,1200,Android,Samsung Experience,9,"Fingerprint, Face Unlock",Single Speaker,No official IP rating,4K@30fps,59,64,83,63,78,68,68,midrange,"Everyday Use, Photography Enthusiasts"
Samsung,Galaxy A8+ (2018),4 GB + 32 GB,27000,discontinued,refurbished,2018,TODO_SAMSUNG_IMAGE_URL,smartphone,Galaxy A8+ (2018) is a Samsung Galaxy smartphone from 2018 with balanced everyday features for its segment.,4,32,5000,25,60,6.6,16,"16 MP Wide, PDAF",16,Exynos 7885,upper-midrange,10nm,4G,Super AMOLED,FHD+,1200,Android,Samsung Experience,9,"Fingerprint, Face Unlock",Single Speaker,No official IP rating,4K@30fps,59,64,83,63,78,68,70,midrange,"Everyday Use, Photography Enthusiasts"
Samsung,Galaxy A8+ (2018),6 GB + 32 GB,29000,discontinued,refurbished,2018,TODO_SAMSUNG_IMAGE_URL,smartphone,Galaxy A8+ (2018) is a Samsung Galaxy smartphone from 2018 with balanced everyday features for its segment.,6,32,5000,25,60,6.6,16,"16 MP Wide, PDAF",16,Exynos 7885,upper-midrange,10nm,4G,Super AMOLED,FHD+,1200,Android,Samsung Experience,9,"Fingerprint, Face Unlock",Single Speaker,No official IP rating,4K@30fps,60,64,83,64,78,68,70,midrange,"Everyday Use, Photography Enthusiasts"
Samsung,Galaxy A8+ (2018),4 GB + 64 GB,31500,discontinued,refurbished,2018,TODO_SAMSUNG_IMAGE_URL,smartphone,Galaxy A8+ (2018) is a Samsung Galaxy smartphone from 2018 with balanced everyday features for its segment.,4,64,5000,25,60,6.6,16,"16 MP Wide, PDAF",16,Exynos 7885,upper-midrange,10nm,4G,Super AMOLED,FHD+,1200,Android,Samsung Experience,9,"Fingerprint, Face Unlock",Single Speaker,No official IP rating,4K@30fps,59,64,83,63,78,68,70,midrange,"Everyday Use, Photography Enthusiasts"
Samsung,Galaxy A8+ (2018),6 GB + 64 GB,33500,discontinued,refurbished,2018,TODO_SAMSUNG_IMAGE_URL,smartphone,Galaxy A8+ (2018) is a Samsung Galaxy smartphone from 2018 with balanced everyday features for its segment.,6,64,5000,25,60,6.6,16,"16 MP Wide, PDAF",16,Exynos 7885,upper-midrange,10nm,4G,Super AMOLED,FHD+,1200,Android,Samsung Experience,9,"Fingerprint, Face Unlock",Single Speaker,No official IP rating,4K@30fps,60,64,83,64,78,68,70,midrange,"Everyday Use, Photography Enthusiasts"
Samsung,Galaxy A8 Star,4 GB + 64 GB,31500,discontinued,refurbished,2018,TODO_SAMSUNG_IMAGE_URL,smartphone,Galaxy A8 Star is a Samsung Galaxy smartphone from 2018 with balanced everyday features for its segment.,4,64,5000,25,60,6.6,24,"24 MP Wide, PDAF + 16 MP Main, PDAF",24,Exynos 7885,upper-midrange,10nm,4G,Super AMOLED,FHD+,1200,Android,Samsung Experience,9,"Fingerprint, Face Unlock",Single Speaker,No official IP rating,4K@30fps,59,68,83,63,78,68,68,midrange,"Everyday Use, Photography Enthusiasts"
Samsung,Galaxy A8 Star,6 GB + 64 GB,33500,discontinued,refurbished,2018,TODO_SAMSUNG_IMAGE_URL,smartphone,Galaxy A8 Star is a Samsung Galaxy smartphone from 2018 with balanced everyday features for its segment.,6,64,5000,25,60,6.6,24,"24 MP Wide, PDAF + 16 MP Main, PDAF",24,Exynos 7885,upper-midrange,10nm,4G,Super AMOLED,FHD+,1200,Android,Samsung Experience,9,"Fingerprint, Face Unlock",Single Speaker,No official IP rating,4K@30fps,60,68,83,64,78,68,68,midrange,"Everyday Use, Photography Enthusiasts"
Samsung,Galaxy A9 (2018),6 GB + 64 GB,49500,discontinued,refurbished,2018,TODO_SAMSUNG_IMAGE_URL,smartphone,Galaxy A9 (2018) is a Samsung Galaxy smartphone from 2018 with balanced everyday features for its segment.,6,64,5000,25,60,6.6,24,"24 MP Wide, PDAF + 10 MP Telephoto, AF, 2x Optical Zoom + 8 MP Ultrawide + Auxiliary lens",24,Exynos 7885,upper-midrange,10nm,4G,Super AMOLED,FHD+,1200,Android,Samsung Experience,9,"Fingerprint, Face Unlock",Single Speaker,No official IP rating,4K@30fps,60,71,83,64,78,68,70,midrange,"Everyday Use, Photography Enthusiasts"
Samsung,Galaxy A9 (2018),8 GB + 64 GB,51500,discontinued,refurbished,2018,TODO_SAMSUNG_IMAGE_URL,smartphone,Galaxy A9 (2018) is a Samsung Galaxy smartphone from 2018 with balanced everyday features for its segment.,8,64,5000,25,60,6.6,24,"24 MP Wide, PDAF + 10 MP Telephoto, AF, 2x Optical Zoom + 8 MP Ultrawide + Auxiliary lens",24,Exynos 7885,upper-midrange,10nm,4G,Super AMOLED,FHD+,1200,Android,Samsung Experience,9,"Fingerprint, Face Unlock",Single Speaker,No official IP rating,4K@30fps,61,71,83,65,78,68,70,midrange,"Everyday Use, Photography Enthusiasts"
Samsung,Galaxy A9 (2018),6 GB + 128 GB,54000,discontinued,refurbished,2018,TODO_SAMSUNG_IMAGE_URL,smartphone,Galaxy A9 (2018) is a Samsung Galaxy smartphone from 2018 with balanced everyday features for its segment.,6,128,5000,25,60,6.6,24,"24 MP Wide, PDAF + 10 MP Telephoto, AF, 2x Optical Zoom + 8 MP Ultrawide + Auxiliary lens",24,Exynos 7885,upper-midrange,10nm,4G,Super AMOLED,FHD+,1200,Android,Samsung Experience,9,"Fingerprint, Face Unlock",Single Speaker,No official IP rating,4K@30fps,60,71,83,64,78,68,70,midrange,"Everyday Use, Photography Enthusiasts"
Samsung,Galaxy A9 (2018),8 GB + 128 GB,56000,discontinued,refurbished,2018,TODO_SAMSUNG_IMAGE_URL,smartphone,Galaxy A9 (2018) is a Samsung Galaxy smartphone from 2018 with balanced everyday features for its segment.,8,128,5000,25,60,6.6,24,"24 MP Wide, PDAF + 10 MP Telephoto, AF, 2x Optical Zoom + 8 MP Ultrawide + Auxiliary lens",24,Exynos 7885,upper-midrange,10nm,4G,Super AMOLED,FHD+,1200,Android,Samsung Experience,9,"Fingerprint, Face Unlock",Single Speaker,No official IP rating,4K@30fps,61,71,83,65,78,68,70,midrange,"Everyday Use, Photography Enthusiasts"
Samsung,Galaxy A10,2 GB + 32 GB,14400,discontinued,refurbished,2019,TODO_SAMSUNG_IMAGE_URL,smartphone,Galaxy A10 is a Samsung Galaxy smartphone from 2019 with balanced everyday features for its segment.,2,32,2600,15,60,6.5,13,"13 MP Wide, AF",5,Exynos 7884 / Helio P22,entry,8nm,4G,PLS LCD,HD+,600,Android,One UI,1,"Fingerprint, Face Unlock",Single Speaker,No official IP rating,1080p@30fps,35,37,64,37,43,49,71,budget,Everyday Use
Samsung,Galaxy A10,4 GB + 32 GB,16400,discontinued,refurbished,2019,TODO_SAMSUNG_IMAGE_URL,smartphone,Galaxy A10 is a Samsung Galaxy smartphone from 2019 with balanced everyday features for its segment.,4,32,2600,15,60,6.5,13,"13 MP Wide, AF",5,Exynos 7884 / Helio P22,entry,8nm,4G,PLS LCD,HD+,600,Android,One UI,1,"Fingerprint, Face Unlock",Single Speaker,No official IP rating,1080p@30fps,36,37,64,38,43,49,71,budget,Everyday Use
Samsung,Galaxy A10s,2 GB + 32 GB,16200,discontinued,refurbished,2019,TODO_SAMSUNG_IMAGE_URL,smartphone,Galaxy A10s is a Samsung Galaxy smartphone from 2019 with balanced everyday features for its segment.,2,32,2600,15,60,6.5,13,"13 MP Wide, AF + Auxiliary lens",8,Exynos 7884 / Helio P22,entry,8nm,4G,PLS LCD,HD+,600,Android,One UI,1,"Fingerprint, Face Unlock",Single Speaker,No official IP rating,1080p@30fps,35,39,64,37,43,49,71,budget,Everyday Use
Samsung,Galaxy A10s,3 GB + 32 GB,17200,discontinued,refurbished,2019,TODO_SAMSUNG_IMAGE_URL,smartphone,Galaxy A10s is a Samsung Galaxy smartphone from 2019 with balanced everyday features for its segment.,3,32,2600,15,60,6.5,13,"13 MP Wide, AF + Auxiliary lens",8,Exynos 7884 / Helio P22,entry,8nm,4G,PLS LCD,HD+,600,Android,One UI,1,"Fingerprint, Face Unlock",Single Speaker,No official IP rating,1080p@30fps,36,39,64,38,43,49,71,budget,Everyday Use
Samsung,Galaxy A20,3 GB + 32 GB,9000,discontinued,refurbished,2019,TODO_SAMSUNG_IMAGE_URL,smartphone,Galaxy A20 is a Samsung Galaxy smartphone from 2019 with balanced everyday features for its segment.,3,32,5000,15,60,6.6,13,"13 MP Wide, AF + 5 MP Ultrawide",8,Exynos 7884 / Helio P22,entry,8nm,4G,PLS LCD,FHD+,800,Android,One UI,1,"Fingerprint, Face Unlock",Single Speaker,No official IP rating,1080p@30fps,36,39,84,38,43,49,71,budget,Everyday Use
Samsung,Galaxy A20s,2 GB + 32 GB,22500,discontinued,refurbished,2019,TODO_SAMSUNG_IMAGE_URL,smartphone,Galaxy A20s is a Samsung Galaxy smartphone from 2019 with balanced everyday features for its segment.,2,32,5000,15,60,6.6,13,"13 MP Wide, PDAF + 8 MP Ultrawide + Auxiliary lens",8,Exynos 7884 / Helio P22,entry,8nm,4G,PLS LCD,FHD+,800,Android,One UI,1,"Fingerprint, Face Unlock",Single Speaker,No official IP rating,1080p@30fps,35,40,84,37,43,49,73,budget,Everyday Use
Samsung,Galaxy A20s,3 GB + 32 GB,23500,discontinued,refurbished,2019,TODO_SAMSUNG_IMAGE_URL,smartphone,Galaxy A20s is a Samsung Galaxy smartphone from 2019 with balanced everyday features for its segment.,3,32,5000,15,60,6.6,13,"13 MP Wide, PDAF + 8 MP Ultrawide + Auxiliary lens",8,Exynos 7884 / Helio P22,entry,8nm,4G,PLS LCD,FHD+,800,Android,One UI,1,"Fingerprint, Face Unlock",Single Speaker,No official IP rating,1080p@30fps,36,40,84,38,43,49,73,budget,Everyday Use
Samsung,Galaxy A20s,4 GB + 64 GB,29000,discontinued,refurbished,2019,TODO_SAMSUNG_IMAGE_URL,smartphone,Galaxy A20s is a Samsung Galaxy smartphone from 2019 with balanced everyday features for its segment.,4,64,5000,15,60,6.6,13,"13 MP Wide, PDAF + 8 MP Ultrawide + Auxiliary lens",8,Exynos 7884 / Helio P22,entry,8nm,4G,PLS LCD,FHD+,800,Android,One UI,1,"Fingerprint, Face Unlock",Single Speaker,No official IP rating,1080p@30fps,36,40,84,38,43,49,67,budget,Everyday Use
Samsung,Galaxy A30,3 GB + 32 GB,9900,discontinued,refurbished,2019,TODO_SAMSUNG_IMAGE_URL,smartphone,Galaxy A30 is a Samsung Galaxy smartphone from 2019 with balanced everyday features for its segment.,3,32,5000,15,60,6.6,16,"16 MP Wide, PDAF + 5 MP Ultrawide",16,Exynos 7904 / Snapdragon 675,midrange,8nm,4G,Super AMOLED,FHD+,1000,Android,One UI,1,"Fingerprint, Face Unlock",Single Speaker,No official IP rating,4K@30fps,50,54,84,52,67,60,77,midrange,Everyday Use
Samsung,Galaxy A30,3 GB + 64 GB,14400,discontinued,refurbished,2019,TODO_SAMSUNG_IMAGE_URL,smartphone,Galaxy A30 is a Samsung Galaxy smartphone from 2019 with balanced everyday features for its segment.,3,64,5000,15,60,6.6,16,"16 MP Wide, PDAF + 5 MP Ultrawide",16,Exynos 7904 / Snapdragon 675,midrange,8nm,4G,Super AMOLED,FHD+,1000,Android,One UI,1,"Fingerprint, Face Unlock",Single Speaker,No official IP rating,4K@30fps,50,54,84,52,67,60,77,midrange,Everyday Use
Samsung,Galaxy A30,4 GB + 64 GB,15400,discontinued,refurbished,2019,TODO_SAMSUNG_IMAGE_URL,smartphone,Galaxy A30 is a Samsung Galaxy smartphone from 2019 with balanced everyday features for its segment.,4,64,5000,15,60,6.6,16,"16 MP Wide, PDAF + 5 MP Ultrawide",16,Exynos 7904 / Snapdragon 675,midrange,8nm,4G,Super AMOLED,FHD+,1000,Android,One UI,1,"Fingerprint, Face Unlock",Single Speaker,No official IP rating,4K@30fps,50,54,84,52,67,60,77,midrange,Everyday Use
Samsung,Galaxy A30s,3 GB + 32 GB,23400,discontinued,refurbished,2019,TODO_SAMSUNG_IMAGE_URL,smartphone,Galaxy A30s is a Samsung Galaxy smartphone from 2019 with balanced everyday features for its segment.,3,32,5000,15,60,6.6,25,"25 MP Wide, PDAF + 8 MP Ultrawide + Auxiliary lens",16,Exynos 7904 / Snapdragon 675,midrange,8nm,4G,Super AMOLED,FHD+,1000,Android,One UI,1,"Fingerprint, Face Unlock",Single Speaker,No official IP rating,4K@30fps,50,58,84,52,67,60,77,midrange,Everyday Use
Samsung,Galaxy A30s,4 GB + 64 GB,28900,discontinued,refurbished,2019,TODO_SAMSUNG_IMAGE_URL,smartphone,Galaxy A30s is a Samsung Galaxy smartphone from 2019 with balanced everyday features for its segment.,4,64,5000,15,60,6.6,25,"25 MP Wide, PDAF + 8 MP Ultrawide + Auxiliary lens",16,Exynos 7904 / Snapdragon 675,midrange,8nm,4G,Super AMOLED,FHD+,1000,Android,One UI,1,"Fingerprint, Face Unlock",Single Speaker,No official IP rating,4K@30fps,50,58,84,52,67,60,71,midrange,Everyday Use
Samsung,Galaxy A30s,4 GB + 128 GB,33400,discontinued,refurbished,2019,TODO_SAMSUNG_IMAGE_URL,smartphone,Galaxy A30s is a Samsung Galaxy smartphone from 2019 with balanced everyday features for its segment.,4,128,5000,15,60,6.6,25,"25 MP Wide, PDAF + 8 MP Ultrawide + Auxiliary lens",16,Exynos 7904 / Snapdragon 675,midrange,8nm,4G,Super AMOLED,FHD+,1000,Android,One UI,1,"Fingerprint, Face Unlock",Single Speaker,No official IP rating,4K@30fps,50,58,84,52,67,60,71,midrange,Everyday Use
Samsung,Galaxy A40,4 GB + 64 GB,23400,discontinued,refurbished,2019,TODO_SAMSUNG_IMAGE_URL,smartphone,Galaxy A40 is a Samsung Galaxy smartphone from 2019 with balanced everyday features for its segment.,4,64,5000,15,60,6.6,16,"16 MP Wide, PDAF + 5 MP Ultrawide",25,Exynos 7904 / Snapdragon 675,midrange,8nm,4G,Super AMOLED,FHD+,1000,Android,One UI,1,"Fingerprint, Face Unlock",Single Speaker,No official IP rating,4K@30fps,50,54,84,52,67,60,75,midrange,Everyday Use
Samsung,Galaxy A40,4 GB + 128 GB,27900,discontinued,refurbished,2019,TODO_SAMSUNG_IMAGE_URL,smartphone,Galaxy A40 is a Samsung Galaxy smartphone from 2019 with balanced everyday features for its segment.,4,128,5000,15,60,6.6,16,"16 MP Wide, PDAF + 5 MP Ultrawide",25,Exynos 7904 / Snapdragon 675,midrange,8nm,4G,Super AMOLED,FHD+,1000,Android,One UI,1,"Fingerprint, Face Unlock",Single Speaker,No official IP rating,4K@30fps,50,54,84,52,67,60,69,midrange,Everyday Use
Samsung,Galaxy A50,4 GB + 64 GB,24300,discontinued,refurbished,2019,TODO_SAMSUNG_IMAGE_URL,smartphone,Galaxy A50 is a Samsung Galaxy smartphone from 2019 with balanced everyday features for its segment.,4,64,5000,25,60,6.6,25,"25 MP Wide, PDAF + 8 MP Ultrawide + Auxiliary lens",25,Exynos 9611 / Snapdragon 675,upper-midrange,8nm,4G,Super AMOLED,FHD+,1200,Android,One UI,1,"Fingerprint, Face Unlock",Single Speaker,No official IP rating,4K@30fps,62,72,84,66,81,70,79,midrange,"Everyday Use, Photography Enthusiasts"
Samsung,Galaxy A50,6 GB + 64 GB,26300,discontinued,refurbished,2019,TODO_SAMSUNG_IMAGE_URL,smartphone,Galaxy A50 is a Samsung Galaxy smartphone from 2019 with balanced everyday features for its segment.,6,64,5000,25,60,6.6,25,"25 MP Wide, PDAF + 8 MP Ultrawide + Auxiliary lens",25,Exynos 9611 / Snapdragon 675,upper-midrange,8nm,4G,Super AMOLED,FHD+,1200,Android,One UI,1,"Fingerprint, Face Unlock",Single Speaker,No official IP rating,4K@30fps,63,72,84,67,81,70,73,midrange,"Everyday Use, Photography Enthusiasts"
Samsung,Galaxy A50,4 GB + 128 GB,28800,discontinued,refurbished,2019,TODO_SAMSUNG_IMAGE_URL,smartphone,Galaxy A50 is a Samsung Galaxy smartphone from 2019 with balanced everyday features for its segment.,4,128,5000,25,60,6.6,25,"25 MP Wide, PDAF + 8 MP Ultrawide + Auxiliary lens",25,Exynos 9611 / Snapdragon 675,upper-midrange,8nm,4G,Super AMOLED,FHD+,1200,Android,One UI,1,"Fingerprint, Face Unlock",Single Speaker,No official IP rating,4K@30fps,62,72,84,66,81,70,73,midrange,"Everyday Use, Photography Enthusiasts"
Samsung,Galaxy A50,6 GB + 128 GB,30800,discontinued,refurbished,2019,TODO_SAMSUNG_IMAGE_URL,smartphone,Galaxy A50 is a Samsung Galaxy smartphone from 2019 with balanced everyday features for its segment.,6,128,5000,25,60,6.6,25,"25 MP Wide, PDAF + 8 MP Ultrawide + Auxiliary lens",25,Exynos 9611 / Snapdragon 675,upper-midrange,8nm,4G,Super AMOLED,FHD+,1200,Android,One UI,1,"Fingerprint, Face Unlock",Single Speaker,No official IP rating,4K@30fps,63,72,84,67,81,70,73,midrange,"Everyday Use, Photography Enthusiasts"
Samsung,Galaxy A50s,4 GB + 64 GB,26100,discontinued,refurbished,2019,TODO_SAMSUNG_IMAGE_URL,smartphone,Galaxy A50s is a Samsung Galaxy smartphone from 2019 with balanced everyday features for its segment.,4,64,5000,25,60,6.6,48,"48 MP Wide, PDAF + 8 MP Ultrawide + Auxiliary lens",32,Exynos 9611 / Snapdragon 675,upper-midrange,8nm,4G,Super AMOLED,FHD+,1200,Android,One UI,1,"Fingerprint, Face Unlock",Single Speaker,No official IP rating,4K@30fps,62,76,84,66,81,70,73,midrange,"Everyday Use, Photography Enthusiasts"
Samsung,Galaxy A50s,4 GB + 128 GB,30600,discontinued,refurbished,2019,TODO_SAMSUNG_IMAGE_URL,smartphone,Galaxy A50s is a Samsung Galaxy smartphone from 2019 with balanced everyday features for its segment.,4,128,5000,25,60,6.6,48,"48 MP Wide, PDAF + 8 MP Ultrawide + Auxiliary lens",32,Exynos 9611 / Snapdragon 675,upper-midrange,8nm,4G,Super AMOLED,FHD+,1200,Android,One UI,1,"Fingerprint, Face Unlock",Single Speaker,No official IP rating,4K@30fps,62,76,84,66,81,70,73,midrange,"Everyday Use, Photography Enthusiasts"
Samsung,Galaxy A50s,6 GB + 128 GB,32600,discontinued,refurbished,2019,TODO_SAMSUNG_IMAGE_URL,smartphone,Galaxy A50s is a Samsung Galaxy smartphone from 2019 with balanced everyday features for its segment.,6,128,5000,25,60,6.6,48,"48 MP Wide, PDAF + 8 MP Ultrawide + Auxiliary lens",32,Exynos 9611 / Snapdragon 675,upper-midrange,8nm,4G,Super AMOLED,FHD+,1200,Android,One UI,1,"Fingerprint, Face Unlock",Single Speaker,No official IP rating,4K@30fps,63,76,84,67,81,70,73,midrange,"Everyday Use, Photography Enthusiasts"
Samsung,Galaxy A60,6 GB + 64 GB,26100,discontinued,refurbished,2019,TODO_SAMSUNG_IMAGE_URL,smartphone,Galaxy A60 is a Samsung Galaxy smartphone from 2019 with balanced everyday features for its segment.,6,64,5000,25,60,6.6,32,"32 MP Wide, PDAF + 8 MP Ultrawide + Auxiliary lens",16,Exynos 9611 / Snapdragon 675,upper-midrange,8nm,4G,Super AMOLED,FHD+,1200,Android,One UI,1,"Fingerprint, Face Unlock",Single Speaker,No official IP rating,4K@30fps,63,73,84,67,81,70,71,midrange,"Everyday Use, Photography Enthusiasts"
Samsung,Galaxy A60,6 GB + 128 GB,30600,discontinued,refurbished,2019,TODO_SAMSUNG_IMAGE_URL,smartphone,Galaxy A60 is a Samsung Galaxy smartphone from 2019 with balanced everyday features for its segment.,6,128,5000,25,60,6.6,32,"32 MP Wide, PDAF + 8 MP Ultrawide + Auxiliary lens",16,Exynos 9611 / Snapdragon 675,upper-midrange,8nm,4G,Super AMOLED,FHD+,1200,Android,One UI,1,"Fingerprint, Face Unlock",Single Speaker,No official IP rating,4K@30fps,63,73,84,67,81,70,71,midrange,"Everyday Use, Photography Enthusiasts"
Samsung,Galaxy A70,6 GB + 64 GB,8100,discontinued,refurbished,2019,TODO_SAMSUNG_IMAGE_URL,smartphone,Galaxy A70 is a Samsung Galaxy smartphone from 2019 with balanced everyday features for its segment.,6,64,5000,25,60,6.6,32,"32 MP Wide, PDAF + 8 MP Ultrawide + Auxiliary lens",32,Exynos 9611 / Snapdragon 675,upper-midrange,8nm,4G,Super AMOLED,FHD+,1200,Android,One UI,1,"Fingerprint, Face Unlock",Single Speaker,No official IP rating,4K@30fps,63,73,84,67,81,70,79,midrange,"Everyday Use, Photography Enthusiasts"
Samsung,Galaxy A70,6 GB + 128 GB,12600,discontinued,refurbished,2019,TODO_SAMSUNG_IMAGE_URL,smartphone,Galaxy A70 is a Samsung Galaxy smartphone from 2019 with balanced everyday features for its segment.,6,128,5000,25,60,6.6,32,"32 MP Wide, PDAF + 8 MP Ultrawide + Auxiliary lens",32,Exynos 9611 / Snapdragon 675,upper-midrange,8nm,4G,Super AMOLED,FHD+,1200,Android,One UI,1,"Fingerprint, Face Unlock",Single Speaker,No official IP rating,4K@30fps,63,73,84,67,81,70,79,midrange,"Everyday Use, Photography Enthusiasts"
Samsung,Galaxy A70,8 GB + 128 GB,14600,discontinued,refurbished,2019,TODO_SAMSUNG_IMAGE_URL,smartphone,Galaxy A70 is a Samsung Galaxy smartphone from 2019 with balanced everyday features for its segment.,8,128,5000,25,60,6.6,32,"32 MP Wide, PDAF + 8 MP Ultrawide + Auxiliary lens",32,Exynos 9611 / Snapdragon 675,upper-midrange,8nm,4G,Super AMOLED,FHD+,1200,Android,One UI,1,"Fingerprint, Face Unlock",Single Speaker,No official IP rating,4K@30fps,64,73,84,68,81,70,79,midrange,"Everyday Use, Photography Enthusiasts"
Samsung,Galaxy A70s,6 GB + 128 GB,34200,discontinued,refurbished,2019,TODO_SAMSUNG_IMAGE_URL,smartphone,Galaxy A70s is a Samsung Galaxy smartphone from 2019 with balanced everyday features for its segment.,6,128,5000,25,60,6.6,64,"64 MP Wide, PDAF + 8 MP Ultrawide + Auxiliary lens",32,Exynos 9611 / Snapdragon 675,upper-midrange,8nm,4G,Super AMOLED,FHD+,1200,Android,One UI,1,"Fingerprint, Face Unlock",Single Speaker,No official IP rating,4K@30fps,63,77,84,67,81,70,71,midrange,"Everyday Use, Photography Enthusiasts"
Samsung,Galaxy A70s,8 GB + 128 GB,36200,discontinued,refurbished,2019,TODO_SAMSUNG_IMAGE_URL,smartphone,Galaxy A70s is a Samsung Galaxy smartphone from 2019 with balanced everyday features for its segment.,8,128,5000,25,60,6.6,64,"64 MP Wide, PDAF + 8 MP Ultrawide + Auxiliary lens",32,Exynos 9611 / Snapdragon 675,upper-midrange,8nm,4G,Super AMOLED,FHD+,1200,Android,One UI,1,"Fingerprint, Face Unlock",Single Speaker,No official IP rating,4K@30fps,64,77,84,68,81,70,71,midrange,"Everyday Use, Photography Enthusiasts"
Samsung,Galaxy A80,8 GB + 128 GB,34200,discontinued,refurbished,2019,TODO_SAMSUNG_IMAGE_URL,smartphone,Galaxy A80 is a Samsung Galaxy smartphone from 2019 with balanced everyday features for its segment.,8,128,4500,25,60,6.7,48,"48 MP Wide, PDAF + 8 MP Ultrawide + TOF 3D, f/1.2, (depth)",32,Exynos 9820 / Snapdragon 855,flagship,8nm,4G,Super AMOLED,FHD+,1200,Android,One UI,1,"Fingerprint, Face Unlock",Stereo Speakers,No official IP rating,4K@30fps,38,48,80,40,51,49,65,premium,Everyday Use
Samsung,Galaxy A90 5G,6 GB + 128 GB,36000,discontinued,refurbished,2019,TODO_SAMSUNG_IMAGE_URL,smartphone,Galaxy A90 5G is a Samsung Galaxy smartphone from 2019 with balanced everyday features for its segment.,6,128,4500,25,60,6.7,48,"48 MP Wide, PDAF + 8 MP Ultrawide + Auxiliary lens",32,Exynos 9820 / Snapdragon 855,flagship,8nm,5G,Super AMOLED,FHD+,1200,Android,One UI,1,"Fingerprint, Face Unlock",Stereo Speakers,No official IP rating,4K@30fps,37,48,80,39,51,49,65,premium,Everyday Use
Samsung,Galaxy A90 5G,8 GB + 128 GB,38000,discontinued,refurbished,2019,TODO_SAMSUNG_IMAGE_URL,smartphone,Galaxy A90 5G is a Samsung Galaxy smartphone from 2019 with balanced everyday features for its segment.,8,128,4500,25,60,6.7,48,"48 MP Wide, PDAF + 8 MP Ultrawide + Auxiliary lens",32,Exynos 9820 / Snapdragon 855,flagship,8nm,5G,Super AMOLED,FHD+,1200,Android,One UI,1,"Fingerprint, Face Unlock",Stereo Speakers,No official IP rating,4K@30fps,38,48,80,40,51,49,65,premium,Everyday Use
Samsung,Galaxy A01,2 GB + 16 GB,18000,discontinued,refurbished,2020,TODO_SAMSUNG_IMAGE_URL,smartphone,Galaxy A01 is a Samsung Galaxy smartphone from 2020 with balanced everyday features for its segment.,2,16,5000,15,60,6.5,13,"13 MP Wide, AF + Auxiliary lens",5,Snapdragon 450 / MediaTek MT6739,entry,8nm,4G,PLS LCD,HD+,600,Android,One UI,2,"Fingerprint, Face Unlock",Single Speaker,No official IP rating,1080p@30fps,38,41,85,40,45,51,73,budget,Everyday Use
Samsung,Galaxy A01,2 GB + 32 GB,22500,discontinued,refurbished,2020,TODO_SAMSUNG_IMAGE_URL,smartphone,Galaxy A01 is a Samsung Galaxy smartphone from 2020 with balanced everyday features for its segment.,2,32,5000,15,60,6.5,13,"13 MP Wide, AF + Auxiliary lens",5,Snapdragon 450 / MediaTek MT6739,entry,8nm,4G,PLS LCD,HD+,600,Android,One UI,2,"Fingerprint, Face Unlock",Single Speaker,No official IP rating,1080p@30fps,38,41,85,40,45,51,73,budget,Everyday Use
Samsung,Galaxy A01 Core,1 GB + 16 GB,13500,discontinued,refurbished,2020,TODO_SAMSUNG_IMAGE_URL,smartphone,Galaxy A01 Core is a Samsung Galaxy smartphone from 2020 with balanced everyday features for its segment.,1,16,5000,15,60,6.5,8,"8 MP Main, AF",5,Snapdragon 450 / MediaTek MT6739,entry,8nm,4G,PLS LCD,HD+,600,Android,One UI,2,"Fingerprint, Face Unlock",Single Speaker,No official IP rating,1080p@30fps,38,39,85,40,45,51,75,budget,Everyday Use
Samsung,Galaxy A01 Core,2 GB + 16 GB,14500,discontinued,refurbished,2020,TODO_SAMSUNG_IMAGE_URL,smartphone,Galaxy A01 Core is a Samsung Galaxy smartphone from 2020 with balanced everyday features for its segment.,2,16,5000,15,60,6.5,8,"8 MP Main, AF",5,Snapdragon 450 / MediaTek MT6739,entry,8nm,4G,PLS LCD,HD+,600,Android,One UI,2,"Fingerprint, Face Unlock",Single Speaker,No official IP rating,1080p@30fps,38,39,85,40,45,51,75,budget,Everyday Use
Samsung,Galaxy A01 Core,2 GB + 32 GB,19000,discontinued,refurbished,2020,TODO_SAMSUNG_IMAGE_URL,smartphone,Galaxy A01 Core is a Samsung Galaxy smartphone from 2020 with balanced everyday features for its segment.,2,32,5000,15,60,6.5,8,"8 MP Main, AF",5,Snapdragon 450 / MediaTek MT6739,entry,8nm,4G,PLS LCD,HD+,600,Android,One UI,2,"Fingerprint, Face Unlock",Single Speaker,No official IP rating,1080p@30fps,38,39,85,40,45,51,75,budget,Everyday Use
Samsung,Galaxy A11,2 GB + 32 GB,14400,discontinued,refurbished,2020,TODO_SAMSUNG_IMAGE_URL,smartphone,Galaxy A11 is a Samsung Galaxy smartphone from 2020 with balanced everyday features for its segment.,2,32,5000,15,60,6.6,13,"13 MP Wide, AF + 5 MP Ultrawide + Auxiliary lens",8,Snapdragon 450 / MediaTek MT6739,entry,8nm,4G,PLS LCD,FHD+,800,Android,One UI,2,"Fingerprint, Face Unlock",Single Speaker,No official IP rating,1080p@30fps,38,43,85,40,45,51,75,budget,Everyday Use
Samsung,Galaxy A11,3 GB + 32 GB,15400,discontinued,refurbished,2020,TODO_SAMSUNG_IMAGE_URL,smartphone,Galaxy A11 is a Samsung Galaxy smartphone from 2020 with balanced everyday features for its segment.,3,32,5000,15,60,6.6,13,"13 MP Wide, AF + 5 MP Ultrawide + Auxiliary lens",8,Snapdragon 450 / MediaTek MT6739,entry,8nm,4G,PLS LCD,FHD+,800,Android,One UI,2,"Fingerprint, Face Unlock",Single Speaker,No official IP rating,1080p@30fps,39,43,85,41,45,51,75,budget,Everyday Use
Samsung,Galaxy A11,3 GB + 64 GB,19900,discontinued,refurbished,2020,TODO_SAMSUNG_IMAGE_URL,smartphone,Galaxy A11 is a Samsung Galaxy smartphone from 2020 with balanced everyday features for its segment.,3,64,5000,15,60,6.6,13,"13 MP Wide, AF + 5 MP Ultrawide + Auxiliary lens",8,Snapdragon 450 / MediaTek MT6739,entry,8nm,4G,PLS LCD,FHD+,800,Android,One UI,2,"Fingerprint, Face Unlock",Single Speaker,No official IP rating,1080p@30fps,39,43,85,41,45,51,75,budget,Everyday Use
Samsung,Galaxy A11,4 GB + 64 GB,20900,discontinued,refurbished,2020,TODO_SAMSUNG_IMAGE_URL,smartphone,Galaxy A11 is a Samsung Galaxy smartphone from 2020 with balanced everyday features for its segment.,4,64,5000,15,60,6.6,13,"13 MP Wide, AF + 5 MP Ultrawide + Auxiliary lens",8,Snapdragon 450 / MediaTek MT6739,entry,8nm,4G,PLS LCD,FHD+,800,Android,One UI,2,"Fingerprint, Face Unlock",Single Speaker,No official IP rating,1080p@30fps,39,43,85,41,45,51,75,budget,Everyday Use
Samsung,Galaxy A21,3 GB + 32 GB,6300,discontinued,refurbished,2020,TODO_SAMSUNG_IMAGE_URL,smartphone,Galaxy A21 is a Samsung Galaxy smartphone from 2020 with balanced everyday features for its segment.,3,32,5000,15,60,6.6,16,"16 MP Wide, PDAF + 8 MP Ultrawide + 2 MP Macro + Auxiliary lens",13,Snapdragon 450 / MediaTek MT6739,entry,8nm,4G,PLS LCD,FHD+,800,Android,One UI,2,"Fingerprint, Face Unlock",Single Speaker,No official IP rating,1080p@30fps,39,45,85,41,45,51,73,budget,Everyday Use
Samsung,Galaxy A21s,2 GB + 32 GB,19800,discontinued,refurbished,2020,TODO_SAMSUNG_IMAGE_URL,smartphone,Galaxy A21s is a Samsung Galaxy smartphone from 2020 with balanced everyday features for its segment.,2,32,5000,15,60,6.6,48,"48 MP Wide, PDAF + 8 MP Ultrawide + 2 MP Macro + Auxiliary lens",13,Snapdragon 450 / MediaTek MT6739,entry,8nm,4G,PLS LCD,FHD+,800,Android,One UI,2,"Fingerprint, Face Unlock",Single Speaker,No official IP rating,1080p@30fps,38,52,85,40,45,51,75,budget,Everyday Use
Samsung,Galaxy A21s,3 GB + 32 GB,20800,discontinued,refurbished,2020,TODO_SAMSUNG_IMAGE_URL,smartphone,Galaxy A21s is a Samsung Galaxy smartphone from 2020 with balanced everyday features for its segment.,3,32,5000,15,60,6.6,48,"48 MP Wide, PDAF + 8 MP Ultrawide + 2 MP Macro + Auxiliary lens",13,Snapdragon 450 / MediaTek MT6739,entry,8nm,4G,PLS LCD,FHD+,800,Android,One UI,2,"Fingerprint, Face Unlock",Single Speaker,No official IP rating,1080p@30fps,39,52,85,41,45,51,75,budget,Everyday Use
Samsung,Galaxy A21s,4 GB + 32 GB,21800,discontinued,refurbished,2020,TODO_SAMSUNG_IMAGE_URL,smartphone,Galaxy A21s is a Samsung Galaxy smartphone from 2020 with balanced everyday features for its segment.,4,32,5000,15,60,6.6,48,"48 MP Wide, PDAF + 8 MP Ultrawide + 2 MP Macro + Auxiliary lens",13,Snapdragon 450 / MediaTek MT6739,entry,8nm,4G,PLS LCD,FHD+,800,Android,One UI,2,"Fingerprint, Face Unlock",Single Speaker,No official IP rating,1080p@30fps,39,52,85,41,45,51,75,budget,Everyday Use
Samsung,Galaxy A21s,3 GB + 64 GB,25300,discontinued,refurbished,2020,TODO_SAMSUNG_IMAGE_URL,smartphone,Galaxy A21s is a Samsung Galaxy smartphone from 2020 with balanced everyday features for its segment.,3,64,5000,15,60,6.6,48,"48 MP Wide, PDAF + 8 MP Ultrawide + 2 MP Macro + Auxiliary lens",13,Snapdragon 450 / MediaTek MT6739,entry,8nm,4G,PLS LCD,FHD+,800,Android,One UI,2,"Fingerprint, Face Unlock",Single Speaker,No official IP rating,1080p@30fps,39,52,85,41,45,51,69,budget,Everyday Use
Samsung,Galaxy A21s,4 GB + 64 GB,26300,discontinued,refurbished,2020,TODO_SAMSUNG_IMAGE_URL,smartphone,Galaxy A21s is a Samsung Galaxy smartphone from 2020 with balanced everyday features for its segment.,4,64,5000,15,60,6.6,48,"48 MP Wide, PDAF + 8 MP Ultrawide + 2 MP Macro + Auxiliary lens",13,Snapdragon 450 / MediaTek MT6739,entry,8nm,4G,PLS LCD,FHD+,800,Android,One UI,2,"Fingerprint, Face Unlock",Single Speaker,No official IP rating,1080p@30fps,39,52,85,41,45,51,69,budget,Everyday Use
Samsung,Galaxy A21s,6 GB + 64 GB,28300,discontinued,refurbished,2020,TODO_SAMSUNG_IMAGE_URL,smartphone,Galaxy A21s is a Samsung Galaxy smartphone from 2020 with balanced everyday features for its segment.,6,64,5000,15,60,6.6,48,"48 MP Wide, PDAF + 8 MP Ultrawide + 2 MP Macro + Auxiliary lens",13,Snapdragon 450 / MediaTek MT6739,entry,8nm,4G,PLS LCD,FHD+,800,Android,One UI,2,"Fingerprint, Face Unlock",Single Speaker,No official IP rating,1080p@30fps,40,52,85,42,45,51,69,budget,Everyday Use
Samsung,Galaxy A21s,2 GB + 128 GB,28800,discontinued,refurbished,2020,TODO_SAMSUNG_IMAGE_URL,smartphone,Galaxy A21s is a Samsung Galaxy smartphone from 2020 with balanced everyday features for its segment.,2,128,5000,15,60,6.6,48,"48 MP Wide, PDAF + 8 MP Ultrawide + 2 MP Macro + Auxiliary lens",13,Snapdragon 450 / MediaTek MT6739,entry,8nm,4G,PLS LCD,FHD+,800,Android,One UI,2,"Fingerprint, Face Unlock",Single Speaker,No official IP rating,1080p@30fps,38,52,85,40,45,51,69,budget,Everyday Use
Samsung,Galaxy A21s,3 GB + 128 GB,29800,discontinued,refurbished,2020,TODO_SAMSUNG_IMAGE_URL,smartphone,Galaxy A21s is a Samsung Galaxy smartphone from 2020 with balanced everyday features for its segment.,3,128,5000,15,60,6.6,48,"48 MP Wide, PDAF + 8 MP Ultrawide + 2 MP Macro + Auxiliary lens",13,Snapdragon 450 / MediaTek MT6739,entry,8nm,4G,PLS LCD,FHD+,800,Android,One UI,2,"Fingerprint, Face Unlock",Single Speaker,No official IP rating,1080p@30fps,39,52,85,41,45,51,69,budget,Everyday Use
Samsung,Galaxy A31,4 GB + 64 GB,19799,discontinued,refurbished,2020,TODO_SAMSUNG_IMAGE_URL,smartphone,Galaxy A31 is a Samsung Galaxy smartphone from 2020 with balanced everyday features for its segment.,4,64,5000,15,60,6.6,48,"48 MP Wide, PDAF + 8 MP Ultrawide + 5 MP Macro + Auxiliary lens",20,Exynos 9611 / MediaTek Helio P65,midrange,8nm,4G,Super AMOLED,FHD+,1000,Android,One UI,2,"Fingerprint, Face Unlock",Single Speaker,No official IP rating,4K@30fps,53,66,85,55,69,62,79,midrange,Everyday Use
Samsung,Galaxy A31,4 GB + 128 GB,24299,discontinued,refurbished,2020,TODO_SAMSUNG_IMAGE_URL,smartphone,Galaxy A31 is a Samsung Galaxy smartphone from 2020 with balanced everyday features for its segment.,4,128,5000,15,60,6.6,48,"48 MP Wide, PDAF + 8 MP Ultrawide + 5 MP Macro + Auxiliary lens",20,Exynos 9611 / MediaTek Helio P65,midrange,8nm,4G,Super AMOLED,FHD+,1000,Android,One UI,2,"Fingerprint, Face Unlock",Single Speaker,No official IP rating,4K@30fps,53,66,85,55,69,62,79,midrange,Everyday Use
Samsung,Galaxy A31,6 GB + 128 GB,26299,discontinued,refurbished,2020,TODO_SAMSUNG_IMAGE_URL,smartphone,Galaxy A31 is a Samsung Galaxy smartphone from 2020 with balanced everyday features for its segment.,6,128,5000,15,60,6.6,48,"48 MP Wide, PDAF + 8 MP Ultrawide + 5 MP Macro + Auxiliary lens",20,Exynos 9611 / MediaTek Helio P65,midrange,8nm,4G,Super AMOLED,FHD+,1000,Android,One UI,2,"Fingerprint, Face Unlock",Single Speaker,No official IP rating,4K@30fps,54,66,85,56,69,62,73,midrange,Everyday Use
Samsung,Galaxy A31,8 GB + 128 GB,28299,discontinued,refurbished,2020,TODO_SAMSUNG_IMAGE_URL,smartphone,Galaxy A31 is a Samsung Galaxy smartphone from 2020 with balanced everyday features for its segment.,8,128,5000,15,60,6.6,48,"48 MP Wide, PDAF + 8 MP Ultrawide + 5 MP Macro + Auxiliary lens",20,Exynos 9611 / MediaTek Helio P65,midrange,8nm,4G,Super AMOLED,FHD+,1000,Android,One UI,2,"Fingerprint, Face Unlock",Single Speaker,No official IP rating,4K@30fps,55,66,85,57,69,62,73,midrange,Everyday Use
Samsung,Galaxy A41,4 GB + 64 GB,26100,discontinued,refurbished,2020,TODO_SAMSUNG_IMAGE_URL,smartphone,Galaxy A41 is a Samsung Galaxy smartphone from 2020 with balanced everyday features for its segment.,4,64,5000,15,60,6.6,48,"48 MP Wide, PDAF + 8 MP Ultrawide + Auxiliary lens",25,Exynos 9611 / MediaTek Helio P65,midrange,8nm,4G,Super AMOLED,FHD+,1000,Android,One UI,2,"Fingerprint, Face Unlock",Single Speaker,No official IP rating,4K@30fps,53,64,85,55,69,62,71,midrange,Everyday Use
Samsung,Galaxy A41,8 GB + 64 GB,30100,discontinued,refurbished,2020,TODO_SAMSUNG_IMAGE_URL,smartphone,Galaxy A41 is a Samsung Galaxy smartphone from 2020 with balanced everyday features for its segment.,8,64,5000,15,60,6.6,48,"48 MP Wide, PDAF + 8 MP Ultrawide + Auxiliary lens",25,Exynos 9611 / MediaTek Helio P65,midrange,8nm,4G,Super AMOLED,FHD+,1000,Android,One UI,2,"Fingerprint, Face Unlock",Single Speaker,No official IP rating,4K@30fps,55,64,85,57,69,62,71,midrange,Everyday Use
Samsung,Galaxy A51,4 GB + 128 GB,16200,discontinued,refurbished,2020,TODO_SAMSUNG_IMAGE_URL,smartphone,Galaxy A51 is a Samsung Galaxy smartphone from 2020 with balanced everyday features for its segment.,4,128,5000,25,60,6.6,48,"48 MP Wide, PDAF + 12 MP Ultrawide + 5 MP Macro + Auxiliary lens",32,Exynos 980 / Snapdragon 730,upper-midrange,8nm,4G,Super AMOLED,FHD+,1200,Android,One UI,2,"Fingerprint, Face Unlock",Single Speaker,No official IP rating,4K@30fps,65,80,85,69,83,72,81,midrange,"Everyday Use, Photography Enthusiasts"
Samsung,Galaxy A51,6 GB + 128 GB,18200,discontinued,refurbished,2020,TODO_SAMSUNG_IMAGE_URL,smartphone,Galaxy A51 is a Samsung Galaxy smartphone from 2020 with balanced everyday features for its segment.,6,128,5000,25,60,6.6,48,"48 MP Wide, PDAF + 12 MP Ultrawide + 5 MP Macro + Auxiliary lens",32,Exynos 980 / Snapdragon 730,upper-midrange,8nm,4G,Super AMOLED,FHD+,1200,Android,One UI,2,"Fingerprint, Face Unlock",Single Speaker,No official IP rating,4K@30fps,66,80,85,70,83,72,81,midrange,"Everyday Use, Photography Enthusiasts"
Samsung,Galaxy A51,8 GB + 128 GB,20200,discontinued,refurbished,2020,TODO_SAMSUNG_IMAGE_URL,smartphone,Galaxy A51 is a Samsung Galaxy smartphone from 2020 with balanced everyday features for its segment.,8,128,5000,25,60,6.6,48,"48 MP Wide, PDAF + 12 MP Ultrawide + 5 MP Macro + Auxiliary lens",32,Exynos 980 / Snapdragon 730,upper-midrange,8nm,4G,Super AMOLED,FHD+,1200,Android,One UI,2,"Fingerprint, Face Unlock",Single Speaker,No official IP rating,4K@30fps,67,80,85,71,83,72,81,midrange,"Everyday Use, Photography Enthusiasts"
Samsung,Galaxy A51 5G,4 GB + 128 GB,16200,discontinued,refurbished,2020,TODO_SAMSUNG_IMAGE_URL,smartphone,Galaxy A51 5G is a Samsung Galaxy smartphone from 2020 with balanced everyday features for its segment.,4,128,5000,25,60,6.6,48,"48 MP Wide, PDAF + 12 MP Ultrawide + 5 MP Macro + Auxiliary lens",32,Exynos 980 / Snapdragon 730,upper-midrange,8nm,5G,Super AMOLED,FHD+,1200,Android,One UI,2,"Fingerprint, Face Unlock",Single Speaker,No official IP rating,4K@30fps,65,80,85,69,83,72,81,midrange,"Everyday Use, Photography Enthusiasts"
Samsung,Galaxy A51 5G,6 GB + 128 GB,18200,discontinued,refurbished,2020,TODO_SAMSUNG_IMAGE_URL,smartphone,Galaxy A51 5G is a Samsung Galaxy smartphone from 2020 with balanced everyday features for its segment.,6,128,5000,25,60,6.6,48,"48 MP Wide, PDAF + 12 MP Ultrawide + 5 MP Macro + Auxiliary lens",32,Exynos 980 / Snapdragon 730,upper-midrange,8nm,5G,Super AMOLED,FHD+,1200,Android,One UI,2,"Fingerprint, Face Unlock",Single Speaker,No official IP rating,4K@30fps,66,80,85,70,83,72,81,midrange,"Everyday Use, Photography Enthusiasts"
Samsung,Galaxy A51 5G,8 GB + 128 GB,20200,discontinued,refurbished,2020,TODO_SAMSUNG_IMAGE_URL,smartphone,Galaxy A51 5G is a Samsung Galaxy smartphone from 2020 with balanced everyday features for its segment.,8,128,5000,25,60,6.6,48,"48 MP Wide, PDAF + 12 MP Ultrawide + 5 MP Macro + Auxiliary lens",32,Exynos 980 / Snapdragon 730,upper-midrange,8nm,5G,Super AMOLED,FHD+,1200,Android,One UI,2,"Fingerprint, Face Unlock",Single Speaker,No official IP rating,4K@30fps,67,80,85,71,83,72,81,midrange,"Everyday Use, Photography Enthusiasts"
Samsung,Galaxy A71,6 GB + 128 GB,10800,discontinued,refurbished,2020,TODO_SAMSUNG_IMAGE_URL,smartphone,Galaxy A71 is a Samsung Galaxy smartphone from 2020 with balanced everyday features for its segment.,6,128,5000,25,60,6.6,64,"64 MP Wide, PDAF + 12 MP Ultrawide + 5 MP Macro + Auxiliary lens",32,Exynos 980 / Snapdragon 730,upper-midrange,8nm,4G,Super AMOLED,FHD+,1200,Android,One UI,2,"Fingerprint, Face Unlock",Single Speaker,No official IP rating,4K@30fps,66,81,85,70,83,72,79,midrange,"Everyday Use, Photography Enthusiasts"
Samsung,Galaxy A71,8 GB + 128 GB,12800,discontinued,refurbished,2020,TODO_SAMSUNG_IMAGE_URL,smartphone,Galaxy A71 is a Samsung Galaxy smartphone from 2020 with balanced everyday features for its segment.,8,128,5000,25,60,6.6,64,"64 MP Wide, PDAF + 12 MP Ultrawide + 5 MP Macro + Auxiliary lens",32,Exynos 980 / Snapdragon 730,upper-midrange,8nm,4G,Super AMOLED,FHD+,1200,Android,One UI,2,"Fingerprint, Face Unlock",Single Speaker,No official IP rating,4K@30fps,67,81,85,71,83,72,79,midrange,"Everyday Use, Photography Enthusiasts"
Samsung,Galaxy A71 5G,6 GB + 128 GB,10800,discontinued,refurbished,2020,TODO_SAMSUNG_IMAGE_URL,smartphone,Galaxy A71 5G is a Samsung Galaxy smartphone from 2020 with balanced everyday features for its segment.,6,128,5000,25,60,6.6,64,"64 MP Wide, PDAF + 12 MP Ultrawide + 5 MP Macro + Auxiliary lens",32,Exynos 980 / Snapdragon 730,upper-midrange,8nm,5G,Super AMOLED,FHD+,1200,Android,One UI,2,"Fingerprint, Face Unlock",Single Speaker,No official IP rating,4K@30fps,66,81,85,70,83,72,79,midrange,"Everyday Use, Photography Enthusiasts"
Samsung,Galaxy A71 5G,8 GB + 128 GB,12800,discontinued,refurbished,2020,TODO_SAMSUNG_IMAGE_URL,smartphone,Galaxy A71 5G is a Samsung Galaxy smartphone from 2020 with balanced everyday features for its segment.,8,128,5000,25,60,6.6,64,"64 MP Wide, PDAF + 12 MP Ultrawide + 5 MP Macro + Auxiliary lens",32,Exynos 980 / Snapdragon 730,upper-midrange,8nm,5G,Super AMOLED,FHD+,1200,Android,One UI,2,"Fingerprint, Face Unlock",Single Speaker,No official IP rating,4K@30fps,67,81,85,71,83,72,79,midrange,"Everyday Use, Photography Enthusiasts"
Samsung,Galaxy A02,2 GB + 32 GB,9000,discontinued,new,2021,TODO_SAMSUNG_IMAGE_URL,smartphone,Galaxy A02 is a Samsung Galaxy smartphone from 2021 with balanced everyday features for its segment.,2,32,5000,15,60,6.5,13,"13 MP Wide, AF + 2 MP Macro",5,MediaTek Helio P35,entry,6nm,4G,PLS LCD,HD+,600,Android,One UI,3,"Fingerprint, Face Unlock",Single Speaker,No official IP rating,1080p@30fps,41,44,86,43,48,53,78,budget,Everyday Use
Samsung,Galaxy A02,3 GB + 32 GB,10000,discontinued,new,2021,TODO_SAMSUNG_IMAGE_URL,smartphone,Galaxy A02 is a Samsung Galaxy smartphone from 2021 with balanced everyday features for its segment.,3,32,5000,15,60,6.5,13,"13 MP Wide, AF + 2 MP Macro",5,MediaTek Helio P35,entry,6nm,4G,PLS LCD,HD+,600,Android,One UI,3,"Fingerprint, Face Unlock",Single Speaker,No official IP rating,1080p@30fps,42,44,86,44,48,53,78,budget,Everyday Use
Samsung,Galaxy A02,4 GB + 32 GB,11000,discontinued,new,2021,TODO_SAMSUNG_IMAGE_URL,smartphone,Galaxy A02 is a Samsung Galaxy smartphone from 2021 with balanced everyday features for its segment.,4,32,5000,15,60,6.5,13,"13 MP Wide, AF + 2 MP Macro",5,MediaTek Helio P35,entry,6nm,4G,PLS LCD,HD+,600,Android,One UI,3,"Fingerprint, Face Unlock",Single Speaker,No official IP rating,1080p@30fps,42,44,86,44,48,53,78,budget,Everyday Use
Samsung,Galaxy A02,3 GB + 64 GB,14500,discontinued,new,2021,TODO_SAMSUNG_IMAGE_URL,smartphone,Galaxy A02 is a Samsung Galaxy smartphone from 2021 with balanced everyday features for its segment.,3,64,5000,15,60,6.5,13,"13 MP Wide, AF + 2 MP Macro",5,MediaTek Helio P35,entry,6nm,4G,PLS LCD,HD+,600,Android,One UI,3,"Fingerprint, Face Unlock",Single Speaker,No official IP rating,1080p@30fps,42,44,86,44,48,53,78,budget,Everyday Use
Samsung,Galaxy A02s,1 GB + 16 GB,9900,discontinued,new,2021,TODO_SAMSUNG_IMAGE_URL,smartphone,Galaxy A02s is a Samsung Galaxy smartphone from 2021 with balanced everyday features for its segment.,1,16,5000,15,60,6.5,13,"13 MP Wide, AF + 2 MP Macro + Auxiliary lens",5,MediaTek Helio P35,entry,6nm,4G,PLS LCD,HD+,600,Android,One UI,3,"Fingerprint, Face Unlock",Single Speaker,No official IP rating,1080p@30fps,41,45,86,43,48,53,78,budget,Everyday Use
Samsung,Galaxy A02s,2 GB + 32 GB,15400,discontinued,new,2021,TODO_SAMSUNG_IMAGE_URL,smartphone,Galaxy A02s is a Samsung Galaxy smartphone from 2021 with balanced everyday features for its segment.,2,32,5000,15,60,6.5,13,"13 MP Wide, AF + 2 MP Macro + Auxiliary lens",5,MediaTek Helio P35,entry,6nm,4G,PLS LCD,HD+,600,Android,One UI,3,"Fingerprint, Face Unlock",Single Speaker,No official IP rating,1080p@30fps,41,45,86,43,48,53,78,budget,Everyday Use
Samsung,Galaxy A02s,3 GB + 32 GB,16400,discontinued,new,2021,TODO_SAMSUNG_IMAGE_URL,smartphone,Galaxy A02s is a Samsung Galaxy smartphone from 2021 with balanced everyday features for its segment.,3,32,5000,15,60,6.5,13,"13 MP Wide, AF + 2 MP Macro + Auxiliary lens",5,MediaTek Helio P35,entry,6nm,4G,PLS LCD,HD+,600,Android,One UI,3,"Fingerprint, Face Unlock",Single Speaker,No official IP rating,1080p@30fps,42,45,86,44,48,53,78,budget,Everyday Use
Samsung,Galaxy A02s,4 GB + 32 GB,17400,discontinued,new,2021,TODO_SAMSUNG_IMAGE_URL,smartphone,Galaxy A02s is a Samsung Galaxy smartphone from 2021 with balanced everyday features for its segment.,4,32,5000,15,60,6.5,13,"13 MP Wide, AF + 2 MP Macro + Auxiliary lens",5,MediaTek Helio P35,entry,6nm,4G,PLS LCD,HD+,600,Android,One UI,3,"Fingerprint, Face Unlock",Single Speaker,No official IP rating,1080p@30fps,42,45,86,44,48,53,78,budget,Everyday Use
Samsung,Galaxy A02s,3 GB + 64 GB,20900,discontinued,new,2021,TODO_SAMSUNG_IMAGE_URL,smartphone,Galaxy A02s is a Samsung Galaxy smartphone from 2021 with balanced everyday features for its segment.,3,64,5000,15,60,6.5,13,"13 MP Wide, AF + 2 MP Macro + Auxiliary lens",5,MediaTek Helio P35,entry,6nm,4G,PLS LCD,HD+,600,Android,One UI,3,"Fingerprint, Face Unlock",Single Speaker,No official IP rating,1080p@30fps,42,45,86,44,48,53,78,budget,Everyday Use
Samsung,Galaxy A02s,4 GB + 64 GB,21900,discontinued,new,2021,TODO_SAMSUNG_IMAGE_URL,smartphone,Galaxy A02s is a Samsung Galaxy smartphone from 2021 with balanced everyday features for its segment.,4,64,5000,15,60,6.5,13,"13 MP Wide, AF + 2 MP Macro + Auxiliary lens",5,MediaTek Helio P35,entry,6nm,4G,PLS LCD,HD+,600,Android,One UI,3,"Fingerprint, Face Unlock",Single Speaker,No official IP rating,1080p@30fps,42,45,86,44,48,53,78,budget,Everyday Use
Samsung,Galaxy A03s,2 GB + 32 GB,5477,discontinued,new,2021,TODO_SAMSUNG_IMAGE_URL,smartphone,Galaxy A03s is a Samsung Galaxy smartphone from 2021 with balanced everyday features for its segment.,2,32,5000,15,60,6.5,13,"13 MP Wide, AF + 2 MP Macro + Auxiliary lens",5,MediaTek Helio P35,entry,6nm,4G,PLS LCD,HD+,600,Android,One UI,3,"Fingerprint, Face Unlock",Single Speaker,No official IP rating,1080p@30fps,41,45,86,43,48,53,78,budget,Everyday Use
Samsung,Galaxy A03s,3 GB + 32 GB,6477,discontinued,new,2021,TODO_SAMSUNG_IMAGE_URL,smartphone,Galaxy A03s is a Samsung Galaxy smartphone from 2021 with balanced everyday features for its segment.,3,32,5000,15,60,6.5,13,"13 MP Wide, AF + 2 MP Macro + Auxiliary lens",5,MediaTek Helio P35,entry,6nm,4G,PLS LCD,HD+,600,Android,One UI,3,"Fingerprint, Face Unlock",Single Speaker,No official IP rating,1080p@30fps,42,45,86,44,48,53,78,budget,Everyday Use
Samsung,Galaxy A03s,4 GB + 32 GB,7477,discontinued,new,2021,TODO_SAMSUNG_IMAGE_URL,smartphone,Galaxy A03s is a Samsung Galaxy smartphone from 2021 with balanced everyday features for its segment.,4,32,5000,15,60,6.5,13,"13 MP Wide, AF + 2 MP Macro + Auxiliary lens",5,MediaTek Helio P35,entry,6nm,4G,PLS LCD,HD+,600,Android,One UI,3,"Fingerprint, Face Unlock",Single Speaker,No official IP rating,1080p@30fps,42,45,86,44,48,53,78,budget,Everyday Use
Samsung,Galaxy A03s,3 GB + 64 GB,10977,discontinued,new,2021,TODO_SAMSUNG_IMAGE_URL,smartphone,Galaxy A03s is a Samsung Galaxy smartphone from 2021 with balanced everyday features for its segment.,3,64,5000,15,60,6.5,13,"13 MP Wide, AF + 2 MP Macro + Auxiliary lens",5,MediaTek Helio P35,entry,6nm,4G,PLS LCD,HD+,600,Android,One UI,3,"Fingerprint, Face Unlock",Single Speaker,No official IP rating,1080p@30fps,42,45,86,44,48,53,78,budget,Everyday Use
Samsung,Galaxy A03s,4 GB + 64 GB,11977,discontinued,new,2021,TODO_SAMSUNG_IMAGE_URL,smartphone,Galaxy A03s is a Samsung Galaxy smartphone from 2021 with balanced everyday features for its segment.,4,64,5000,15,60,6.5,13,"13 MP Wide, AF + 2 MP Macro + Auxiliary lens",5,MediaTek Helio P35,entry,6nm,4G,PLS LCD,HD+,600,Android,One UI,3,"Fingerprint, Face Unlock",Single Speaker,No official IP rating,1080p@30fps,42,45,86,44,48,53,78,budget,Everyday Use
Samsung,Galaxy A12,2 GB + 32 GB,7200,discontinued,new,2021,TODO_SAMSUNG_IMAGE_URL,smartphone,Galaxy A12 is a Samsung Galaxy smartphone from 2021 with balanced everyday features for its segment.,2,32,5000,15,60,6.6,48,"48 MP Wide, AF + 5 MP Ultrawide + 2 MP Macro + Auxiliary lens",8,MediaTek Helio P35,entry,6nm,4G,PLS LCD,FHD+,800,Android,One UI,3,"Fingerprint, Face Unlock",Single Speaker,No official IP rating,1080p@30fps,41,54,86,43,48,53,78,budget,Everyday Use
Samsung,Galaxy A12,3 GB + 32 GB,8200,discontinued,new,2021,TODO_SAMSUNG_IMAGE_URL,smartphone,Galaxy A12 is a Samsung Galaxy smartphone from 2021 with balanced everyday features for its segment.,3,32,5000,15,60,6.6,48,"48 MP Wide, AF + 5 MP Ultrawide + 2 MP Macro + Auxiliary lens",8,MediaTek Helio P35,entry,6nm,4G,PLS LCD,FHD+,800,Android,One UI,3,"Fingerprint, Face Unlock",Single Speaker,No official IP rating,1080p@30fps,42,54,86,44,48,53,78,budget,Everyday Use
Samsung,Galaxy A12,4 GB + 32 GB,9200,discontinued,new,2021,TODO_SAMSUNG_IMAGE_URL,smartphone,Galaxy A12 is a Samsung Galaxy smartphone from 2021 with balanced everyday features for its segment.,4,32,5000,15,60,6.6,48,"48 MP Wide, AF + 5 MP Ultrawide + 2 MP Macro + Auxiliary lens",8,MediaTek Helio P35,entry,6nm,4G,PLS LCD,FHD+,800,Android,One UI,3,"Fingerprint, Face Unlock",Single Speaker,No official IP rating,1080p@30fps,42,54,86,44,48,53,78,budget,Everyday Use
Samsung,Galaxy A12,2 GB + 64 GB,11700,discontinued,new,2021,TODO_SAMSUNG_IMAGE_URL,smartphone,Galaxy A12 is a Samsung Galaxy smartphone from 2021 with balanced everyday features for its segment.,2,64,5000,15,60,6.6,48,"48 MP Wide, AF + 5 MP Ultrawide + 2 MP Macro + Auxiliary lens",8,MediaTek Helio P35,entry,6nm,4G,PLS LCD,FHD+,800,Android,One UI,3,"Fingerprint, Face Unlock",Single Speaker,No official IP rating,1080p@30fps,41,54,86,43,48,53,78,budget,Everyday Use
Samsung,Galaxy A12,4 GB + 64 GB,13700,discontinued,new,2021,TODO_SAMSUNG_IMAGE_URL,smartphone,Galaxy A12 is a Samsung Galaxy smartphone from 2021 with balanced everyday features for its segment.,4,64,5000,15,60,6.6,48,"48 MP Wide, AF + 5 MP Ultrawide + 2 MP Macro + Auxiliary lens",8,MediaTek Helio P35,entry,6nm,4G,PLS LCD,FHD+,800,Android,One UI,3,"Fingerprint, Face Unlock",Single Speaker,No official IP rating,1080p@30fps,42,54,86,44,48,53,78,budget,Everyday Use
Samsung,Galaxy A12,2 GB + 128 GB,16200,discontinued,new,2021,TODO_SAMSUNG_IMAGE_URL,smartphone,Galaxy A12 is a Samsung Galaxy smartphone from 2021 with balanced everyday features for its segment.,2,128,5000,15,60,6.6,48,"48 MP Wide, AF + 5 MP Ultrawide + 2 MP Macro + Auxiliary lens",8,MediaTek Helio P35,entry,6nm,4G,PLS LCD,FHD+,800,Android,One UI,3,"Fingerprint, Face Unlock",Single Speaker,No official IP rating,1080p@30fps,41,54,86,43,48,53,78,budget,Everyday Use
Samsung,Galaxy A12,3 GB + 128 GB,17200,discontinued,new,2021,TODO_SAMSUNG_IMAGE_URL,smartphone,Galaxy A12 is a Samsung Galaxy smartphone from 2021 with balanced everyday features for its segment.,3,128,5000,15,60,6.6,48,"48 MP Wide, AF + 5 MP Ultrawide + 2 MP Macro + Auxiliary lens",8,MediaTek Helio P35,entry,6nm,4G,PLS LCD,FHD+,800,Android,One UI,3,"Fingerprint, Face Unlock",Single Speaker,No official IP rating,1080p@30fps,42,54,86,44,48,53,78,budget,Everyday Use
Samsung,Galaxy A12,4 GB + 128 GB,18200,discontinued,new,2021,TODO_SAMSUNG_IMAGE_URL,smartphone,Galaxy A12 is a Samsung Galaxy smartphone from 2021 with balanced everyday features for its segment.,4,128,5000,15,60,6.6,48,"48 MP Wide, AF + 5 MP Ultrawide + 2 MP Macro + Auxiliary lens",8,MediaTek Helio P35,entry,6nm,4G,PLS LCD,FHD+,800,Android,One UI,3,"Fingerprint, Face Unlock",Single Speaker,No official IP rating,1080p@30fps,42,54,86,44,48,53,78,budget,Everyday Use
Samsung,Galaxy A12,6 GB + 128 GB,20200,discontinued,new,2021,TODO_SAMSUNG_IMAGE_URL,smartphone,Galaxy A12 is a Samsung Galaxy smartphone from 2021 with balanced everyday features for its segment.,6,128,5000,15,60,6.6,48,"48 MP Wide, AF + 5 MP Ultrawide + 2 MP Macro + Auxiliary lens",8,MediaTek Helio P35,entry,6nm,4G,PLS LCD,FHD+,800,Android,One UI,3,"Fingerprint, Face Unlock",Single Speaker,No official IP rating,1080p@30fps,43,54,86,45,48,53,78,budget,Everyday Use
Samsung,Galaxy A22,4 GB + 64 GB,10057,discontinued,new,2021,TODO_SAMSUNG_IMAGE_URL,smartphone,Galaxy A22 is a Samsung Galaxy smartphone from 2021 with balanced everyday features for its segment.,4,64,5000,15,60,6.6,48,"48 MP Wide, PDAF + 5 MP Ultrawide + Auxiliary lens",8,MediaTek Helio P35,entry,6nm,4G,PLS LCD,FHD+,800,Android,One UI,3,"Fingerprint, Face Unlock",Single Speaker,No official IP rating,1080p@30fps,42,53,86,44,48,53,78,budget,Everyday Use
Samsung,Galaxy A22,4 GB + 128 GB,14557,discontinued,new,2021,TODO_SAMSUNG_IMAGE_URL,smartphone,Galaxy A22 is a Samsung Galaxy smartphone from 2021 with balanced everyday features for its segment.,4,128,5000,15,60,6.6,48,"48 MP Wide, PDAF + 5 MP Ultrawide + Auxiliary lens",8,MediaTek Helio P35,entry,6nm,4G,PLS LCD,FHD+,800,Android,One UI,3,"Fingerprint, Face Unlock",Single Speaker,No official IP rating,1080p@30fps,42,53,86,44,48,53,78,budget,Everyday Use
Samsung,Galaxy A22,6 GB + 128 GB,16557,discontinued,new,2021,TODO_SAMSUNG_IMAGE_URL,smartphone,Galaxy A22 is a Samsung Galaxy smartphone from 2021 with balanced everyday features for its segment.,6,128,5000,15,60,6.6,48,"48 MP Wide, PDAF + 5 MP Ultrawide + Auxiliary lens",8,MediaTek Helio P35,entry,6nm,4G,PLS LCD,FHD+,800,Android,One UI,3,"Fingerprint, Face Unlock",Single Speaker,No official IP rating,1080p@30fps,43,53,86,45,48,53,78,budget,Everyday Use
Samsung,Galaxy A22,8 GB + 128 GB,18557,discontinued,new,2021,TODO_SAMSUNG_IMAGE_URL,smartphone,Galaxy A22 is a Samsung Galaxy smartphone from 2021 with balanced everyday features for its segment.,8,128,5000,15,60,6.6,48,"48 MP Wide, PDAF + 5 MP Ultrawide + Auxiliary lens",8,MediaTek Helio P35,entry,6nm,4G,PLS LCD,FHD+,800,Android,One UI,3,"Fingerprint, Face Unlock",Single Speaker,No official IP rating,1080p@30fps,44,53,86,46,48,53,78,budget,Everyday Use
Samsung,Galaxy A22 5G,4 GB + 64 GB,10057,discontinued,new,2021,TODO_SAMSUNG_IMAGE_URL,smartphone,Galaxy A22 5G is a Samsung Galaxy smartphone from 2021 with balanced everyday features for its segment.,4,64,5000,15,60,6.6,48,"48 MP Wide, PDAF + 5 MP Ultrawide + Auxiliary lens",8,MediaTek Helio P35,entry,6nm,5G,PLS LCD,FHD+,800,Android,One UI,3,"Fingerprint, Face Unlock",Single Speaker,No official IP rating,1080p@30fps,42,53,86,44,48,53,78,budget,Everyday Use
Samsung,Galaxy A22 5G,4 GB + 128 GB,14557,discontinued,new,2021,TODO_SAMSUNG_IMAGE_URL,smartphone,Galaxy A22 5G is a Samsung Galaxy smartphone from 2021 with balanced everyday features for its segment.,4,128,5000,15,60,6.6,48,"48 MP Wide, PDAF + 5 MP Ultrawide + Auxiliary lens",8,MediaTek Helio P35,entry,6nm,5G,PLS LCD,FHD+,800,Android,One UI,3,"Fingerprint, Face Unlock",Single Speaker,No official IP rating,1080p@30fps,42,53,86,44,48,53,78,budget,Everyday Use
Samsung,Galaxy A22 5G,6 GB + 128 GB,16557,discontinued,new,2021,TODO_SAMSUNG_IMAGE_URL,smartphone,Galaxy A22 5G is a Samsung Galaxy smartphone from 2021 with balanced everyday features for its segment.,6,128,5000,15,60,6.6,48,"48 MP Wide, PDAF + 5 MP Ultrawide + Auxiliary lens",8,MediaTek Helio P35,entry,6nm,5G,PLS LCD,FHD+,800,Android,One UI,3,"Fingerprint, Face Unlock",Single Speaker,No official IP rating,1080p@30fps,43,53,86,45,48,53,78,budget,Everyday Use
Samsung,Galaxy A22 5G,8 GB + 128 GB,18557,discontinued,new,2021,TODO_SAMSUNG_IMAGE_URL,smartphone,Galaxy A22 5G is a Samsung Galaxy smartphone from 2021 with balanced everyday features for its segment.,8,128,5000,15,60,6.6,48,"48 MP Wide, PDAF + 5 MP Ultrawide + Auxiliary lens",8,MediaTek Helio P35,entry,6nm,5G,PLS LCD,FHD+,800,Android,One UI,3,"Fingerprint, Face Unlock",Single Speaker,No official IP rating,1080p@30fps,44,53,86,46,48,53,78,budget,Everyday Use
Samsung,Galaxy A32,4 GB + 64 GB,10800,discontinued,new,2021,TODO_SAMSUNG_IMAGE_URL,smartphone,Galaxy A32 is a Samsung Galaxy smartphone from 2021 with balanced everyday features for its segment.,4,64,5000,15,90,6.6,64,"64 MP Wide, PDAF + 8 MP Ultrawide + 5 MP Macro + Auxiliary lens",20,MediaTek Dimensity 720 / Snapdragon 720G,midrange,6nm,4G,Super AMOLED,FHD+,1000,Android,One UI,3,"Fingerprint, Face Unlock",Single Speaker,No official IP rating,4K@30fps,58,70,86,58,74,64,82,midrange,Everyday Use
Samsung,Galaxy A32,6 GB + 64 GB,12800,discontinued,new,2021,TODO_SAMSUNG_IMAGE_URL,smartphone,Galaxy A32 is a Samsung Galaxy smartphone from 2021 with balanced everyday features for its segment.,6,64,5000,15,90,6.6,64,"64 MP Wide, PDAF + 8 MP Ultrawide + 5 MP Macro + Auxiliary lens",20,MediaTek Dimensity 720 / Snapdragon 720G,midrange,6nm,4G,Super AMOLED,FHD+,1000,Android,One UI,3,"Fingerprint, Face Unlock",Single Speaker,No official IP rating,4K@30fps,59,70,86,59,74,64,82,midrange,Everyday Use
Samsung,Galaxy A32,4 GB + 128 GB,15300,discontinued,new,2021,TODO_SAMSUNG_IMAGE_URL,smartphone,Galaxy A32 is a Samsung Galaxy smartphone from 2021 with balanced everyday features for its segment.,4,128,5000,15,90,6.6,64,"64 MP Wide, PDAF + 8 MP Ultrawide + 5 MP Macro + Auxiliary lens",20,MediaTek Dimensity 720 / Snapdragon 720G,midrange,6nm,4G,Super AMOLED,FHD+,1000,Android,One UI,3,"Fingerprint, Face Unlock",Single Speaker,No official IP rating,4K@30fps,58,70,86,58,74,64,82,midrange,Everyday Use
Samsung,Galaxy A32,6 GB + 128 GB,17300,discontinued,new,2021,TODO_SAMSUNG_IMAGE_URL,smartphone,Galaxy A32 is a Samsung Galaxy smartphone from 2021 with balanced everyday features for its segment.,6,128,5000,15,90,6.6,64,"64 MP Wide, PDAF + 8 MP Ultrawide + 5 MP Macro + Auxiliary lens",20,MediaTek Dimensity 720 / Snapdragon 720G,midrange,6nm,4G,Super AMOLED,FHD+,1000,Android,One UI,3,"Fingerprint, Face Unlock",Single Speaker,No official IP rating,4K@30fps,59,70,86,59,74,64,82,midrange,Everyday Use
Samsung,Galaxy A32,8 GB + 128 GB,19300,discontinued,new,2021,TODO_SAMSUNG_IMAGE_URL,smartphone,Galaxy A32 is a Samsung Galaxy smartphone from 2021 with balanced everyday features for its segment.,8,128,5000,15,90,6.6,64,"64 MP Wide, PDAF + 8 MP Ultrawide + 5 MP Macro + Auxiliary lens",20,MediaTek Dimensity 720 / Snapdragon 720G,midrange,6nm,4G,Super AMOLED,FHD+,1000,Android,One UI,3,"Fingerprint, Face Unlock",Single Speaker,No official IP rating,4K@30fps,60,70,86,60,74,64,82,midrange,Everyday Use
Samsung,Galaxy A32 5G,4 GB + 64 GB,10800,discontinued,new,2021,TODO_SAMSUNG_IMAGE_URL,smartphone,Galaxy A32 5G is a Samsung Galaxy smartphone from 2021 with balanced everyday features for its segment.,4,64,5000,15,90,6.6,64,"64 MP Wide, PDAF + 8 MP Ultrawide + 5 MP Macro + Auxiliary lens",20,MediaTek Dimensity 720 / Snapdragon 720G,midrange,6nm,5G,Super AMOLED,FHD+,1000,Android,One UI,3,"Fingerprint, Face Unlock",Single Speaker,No official IP rating,4K@30fps,58,70,86,58,74,64,82,midrange,Everyday Use
Samsung,Galaxy A32 5G,6 GB + 64 GB,12800,discontinued,new,2021,TODO_SAMSUNG_IMAGE_URL,smartphone,Galaxy A32 5G is a Samsung Galaxy smartphone from 2021 with balanced everyday features for its segment.,6,64,5000,15,90,6.6,64,"64 MP Wide, PDAF + 8 MP Ultrawide + 5 MP Macro + Auxiliary lens",20,MediaTek Dimensity 720 / Snapdragon 720G,midrange,6nm,5G,Super AMOLED,FHD+,1000,Android,One UI,3,"Fingerprint, Face Unlock",Single Speaker,No official IP rating,4K@30fps,59,70,86,59,74,64,82,midrange,Everyday Use
Samsung,Galaxy A32 5G,4 GB + 128 GB,15300,discontinued,new,2021,TODO_SAMSUNG_IMAGE_URL,smartphone,Galaxy A32 5G is a Samsung Galaxy smartphone from 2021 with balanced everyday features for its segment.,4,128,5000,15,90,6.6,64,"64 MP Wide, PDAF + 8 MP Ultrawide + 5 MP Macro + Auxiliary lens",20,MediaTek Dimensity 720 / Snapdragon 720G,midrange,6nm,5G,Super AMOLED,FHD+,1000,Android,One UI,3,"Fingerprint, Face Unlock",Single Speaker,No official IP rating,4K@30fps,58,70,86,58,74,64,82,midrange,Everyday Use
Samsung,Galaxy A32 5G,6 GB + 128 GB,17300,discontinued,new,2021,TODO_SAMSUNG_IMAGE_URL,smartphone,Galaxy A32 5G is a Samsung Galaxy smartphone from 2021 with balanced everyday features for its segment.,6,128,5000,15,90,6.6,64,"64 MP Wide, PDAF + 8 MP Ultrawide + 5 MP Macro + Auxiliary lens",20,MediaTek Dimensity 720 / Snapdragon 720G,midrange,6nm,5G,Super AMOLED,FHD+,1000,Android,One UI,3,"Fingerprint, Face Unlock",Single Speaker,No official IP rating,4K@30fps,59,70,86,59,74,64,82,midrange,Everyday Use
Samsung,Galaxy A32 5G,8 GB + 128 GB,19300,discontinued,new,2021,TODO_SAMSUNG_IMAGE_URL,smartphone,Galaxy A32 5G is a Samsung Galaxy smartphone from 2021 with balanced everyday features for its segment.,8,128,5000,15,90,6.6,64,"64 MP Wide, PDAF + 8 MP Ultrawide + 5 MP Macro + Auxiliary lens",20,MediaTek Dimensity 720 / Snapdragon 720G,midrange,6nm,5G,Super AMOLED,FHD+,1000,Android,One UI,3,"Fingerprint, Face Unlock",Single Speaker,No official IP rating,4K@30fps,60,70,86,60,74,64,82,midrange,Everyday Use
Samsung,Galaxy A42 5G,4 GB + 128 GB,25200,discontinued,new,2021,TODO_SAMSUNG_IMAGE_URL,smartphone,Galaxy A42 5G is a Samsung Galaxy smartphone from 2021 with balanced everyday features for its segment.,4,128,5000,15,90,6.6,48,"48 MP Wide, PDAF + 8 MP Ultrawide + 5 MP Macro + Auxiliary lens",20,MediaTek Dimensity 720 / Snapdragon 720G,midrange,6nm,5G,Super AMOLED,FHD+,1000,Android,One UI,3,"Fingerprint, Face Unlock",Single Speaker,No official IP rating,4K@30fps,58,68,86,58,74,64,76,midrange,Everyday Use
Samsung,Galaxy A42 5G,6 GB + 128 GB,27200,discontinued,new,2021,TODO_SAMSUNG_IMAGE_URL,smartphone,Galaxy A42 5G is a Samsung Galaxy smartphone from 2021 with balanced everyday features for its segment.,6,128,5000,15,90,6.6,48,"48 MP Wide, PDAF + 8 MP Ultrawide + 5 MP Macro + Auxiliary lens",20,MediaTek Dimensity 720 / Snapdragon 720G,midrange,6nm,5G,Super AMOLED,FHD+,1000,Android,One UI,3,"Fingerprint, Face Unlock",Single Speaker,No official IP rating,4K@30fps,59,68,86,59,74,64,76,midrange,Everyday Use
Samsung,Galaxy A42 5G,8 GB + 128 GB,29200,discontinued,new,2021,TODO_SAMSUNG_IMAGE_URL,smartphone,Galaxy A42 5G is a Samsung Galaxy smartphone from 2021 with balanced everyday features for its segment.,8,128,5000,15,90,6.6,48,"48 MP Wide, PDAF + 8 MP Ultrawide + 5 MP Macro + Auxiliary lens",20,MediaTek Dimensity 720 / Snapdragon 720G,midrange,6nm,5G,Super AMOLED,FHD+,1000,Android,One UI,3,"Fingerprint, Face Unlock",Single Speaker,No official IP rating,4K@30fps,60,68,86,60,74,64,76,midrange,Everyday Use
Samsung,Galaxy A52,4 GB + 128 GB,11024,discontinued,new,2021,TODO_SAMSUNG_IMAGE_URL,smartphone,Galaxy A52 is a Samsung Galaxy smartphone from 2021 with balanced everyday features for its segment.,4,128,5000,25,120,6.6,64,"64 MP Wide, PDAF, OIS + 12 MP Ultrawide + 5 MP Macro + Auxiliary lens",32,Snapdragon 778G / Exynos 1280,upper-midrange,6nm,4G,Super AMOLED,FHD+,1200,Android,One UI,3,"Fingerprint, Face Unlock",Stereo Speakers,IP67,4K@30fps,73,84,86,72,91,74,84,midrange,"Everyday Use, Photography Enthusiasts"
Samsung,Galaxy A52,6 GB + 128 GB,13024,discontinued,new,2021,TODO_SAMSUNG_IMAGE_URL,smartphone,Galaxy A52 is a Samsung Galaxy smartphone from 2021 with balanced everyday features for its segment.,6,128,5000,25,120,6.6,64,"64 MP Wide, PDAF, OIS + 12 MP Ultrawide + 5 MP Macro + Auxiliary lens",32,Snapdragon 778G / Exynos 1280,upper-midrange,6nm,4G,Super AMOLED,FHD+,1200,Android,One UI,3,"Fingerprint, Face Unlock",Stereo Speakers,IP67,4K@30fps,74,84,86,73,91,74,84,midrange,"Everyday Use, Photography Enthusiasts"
Samsung,Galaxy A52,8 GB + 128 GB,15024,discontinued,new,2021,TODO_SAMSUNG_IMAGE_URL,smartphone,Galaxy A52 is a Samsung Galaxy smartphone from 2021 with balanced everyday features for its segment.,8,128,5000,25,120,6.6,64,"64 MP Wide, PDAF, OIS + 12 MP Ultrawide + 5 MP Macro + Auxiliary lens",32,Snapdragon 778G / Exynos 1280,upper-midrange,6nm,4G,Super AMOLED,FHD+,1200,Android,One UI,3,"Fingerprint, Face Unlock",Stereo Speakers,IP67,4K@30fps,75,84,86,74,91,74,84,midrange,"Everyday Use, Photography Enthusiasts"
Samsung,Galaxy A52,4 GB + 256 GB,15524,discontinued,new,2021,TODO_SAMSUNG_IMAGE_URL,smartphone,Galaxy A52 is a Samsung Galaxy smartphone from 2021 with balanced everyday features for its segment.,4,256,5000,25,120,6.6,64,"64 MP Wide, PDAF, OIS + 12 MP Ultrawide + 5 MP Macro + Auxiliary lens",32,Snapdragon 778G / Exynos 1280,upper-midrange,6nm,4G,Super AMOLED,FHD+,1200,Android,One UI,3,"Fingerprint, Face Unlock",Stereo Speakers,IP67,4K@30fps,73,84,86,72,91,74,84,midrange,"Everyday Use, Photography Enthusiasts"
Samsung,Galaxy A52,8 GB + 256 GB,19524,discontinued,new,2021,TODO_SAMSUNG_IMAGE_URL,smartphone,Galaxy A52 is a Samsung Galaxy smartphone from 2021 with balanced everyday features for its segment.,8,256,5000,25,120,6.6,64,"64 MP Wide, PDAF, OIS + 12 MP Ultrawide + 5 MP Macro + Auxiliary lens",32,Snapdragon 778G / Exynos 1280,upper-midrange,6nm,4G,Super AMOLED,FHD+,1200,Android,One UI,3,"Fingerprint, Face Unlock",Stereo Speakers,IP67,4K@30fps,75,84,86,74,91,74,84,midrange,"Everyday Use, Photography Enthusiasts"
Samsung,Galaxy A52 5G,4 GB + 128 GB,11024,discontinued,new,2021,TODO_SAMSUNG_IMAGE_URL,smartphone,Galaxy A52 5G is a Samsung Galaxy smartphone from 2021 with balanced everyday features for its segment.,4,128,5000,25,120,6.6,64,"64 MP Wide, PDAF, OIS + 12 MP Ultrawide + 5 MP Macro + Auxiliary lens",32,Snapdragon 778G / Exynos 1280,upper-midrange,6nm,5G,Super AMOLED,FHD+,1200,Android,One UI,3,"Fingerprint, Face Unlock",Stereo Speakers,IP67,4K@30fps,73,84,86,72,91,74,84,midrange,"Everyday Use, Photography Enthusiasts"
Samsung,Galaxy A52 5G,6 GB + 128 GB,13024,discontinued,new,2021,TODO_SAMSUNG_IMAGE_URL,smartphone,Galaxy A52 5G is a Samsung Galaxy smartphone from 2021 with balanced everyday features for its segment.,6,128,5000,25,120,6.6,64,"64 MP Wide, PDAF, OIS + 12 MP Ultrawide + 5 MP Macro + Auxiliary lens",32,Snapdragon 778G / Exynos 1280,upper-midrange,6nm,5G,Super AMOLED,FHD+,1200,Android,One UI,3,"Fingerprint, Face Unlock",Stereo Speakers,IP67,4K@30fps,74,84,86,73,91,74,84,midrange,"Everyday Use, Photography Enthusiasts"
Samsung,Galaxy A52 5G,8 GB + 128 GB,15024,discontinued,new,2021,TODO_SAMSUNG_IMAGE_URL,smartphone,Galaxy A52 5G is a Samsung Galaxy smartphone from 2021 with balanced everyday features for its segment.,8,128,5000,25,120,6.6,64,"64 MP Wide, PDAF, OIS + 12 MP Ultrawide + 5 MP Macro + Auxiliary lens",32,Snapdragon 778G / Exynos 1280,upper-midrange,6nm,5G,Super AMOLED,FHD+,1200,Android,One UI,3,"Fingerprint, Face Unlock",Stereo Speakers,IP67,4K@30fps,75,84,86,74,91,74,84,midrange,"Everyday Use, Photography Enthusiasts"
Samsung,Galaxy A52 5G,4 GB + 256 GB,15524,discontinued,new,2021,TODO_SAMSUNG_IMAGE_URL,smartphone,Galaxy A52 5G is a Samsung Galaxy smartphone from 2021 with balanced everyday features for its segment.,4,256,5000,25,120,6.6,64,"64 MP Wide, PDAF, OIS + 12 MP Ultrawide + 5 MP Macro + Auxiliary lens",32,Snapdragon 778G / Exynos 1280,upper-midrange,6nm,5G,Super AMOLED,FHD+,1200,Android,One UI,3,"Fingerprint, Face Unlock",Stereo Speakers,IP67,4K@30fps,73,84,86,72,91,74,84,midrange,"Everyday Use, Photography Enthusiasts"
Samsung,Galaxy A52 5G,8 GB + 256 GB,19524,discontinued,new,2021,TODO_SAMSUNG_IMAGE_URL,smartphone,Galaxy A52 5G is a Samsung Galaxy smartphone from 2021 with balanced everyday features for its segment.,8,256,5000,25,120,6.6,64,"64 MP Wide, PDAF, OIS + 12 MP Ultrawide + 5 MP Macro + Auxiliary lens",32,Snapdragon 778G / Exynos 1280,upper-midrange,6nm,5G,Super AMOLED,FHD+,1200,Android,One UI,3,"Fingerprint, Face Unlock",Stereo Speakers,IP67,4K@30fps,75,84,86,74,91,74,84,midrange,"Everyday Use, Photography Enthusiasts"
Samsung,Galaxy A52s 5G,4 GB + 128 GB,39999,discontinued,new,2021,TODO_SAMSUNG_IMAGE_URL,smartphone,Galaxy A52s 5G is a Samsung Galaxy smartphone from 2021 with balanced everyday features for its segment.,4,128,5000,25,120,6.6,64,"64 MP Wide, PDAF, OIS + 12 MP Ultrawide + 5 MP Macro + Auxiliary lens",32,Snapdragon 778G / Exynos 1280,upper-midrange,6nm,5G,Super AMOLED,FHD+,1200,Android,One UI,3,"Fingerprint, Face Unlock",Stereo Speakers,IP67,4K@30fps,73,84,86,72,91,74,78,midrange,"Everyday Use, Photography Enthusiasts"
Samsung,Galaxy A52s 5G,6 GB + 128 GB,41999,discontinued,new,2021,TODO_SAMSUNG_IMAGE_URL,smartphone,Galaxy A52s 5G is a Samsung Galaxy smartphone from 2021 with balanced everyday features for its segment.,6,128,5000,25,120,6.6,64,"64 MP Wide, PDAF, OIS + 12 MP Ultrawide + 5 MP Macro + Auxiliary lens",32,Snapdragon 778G / Exynos 1280,upper-midrange,6nm,5G,Super AMOLED,FHD+,1200,Android,One UI,3,"Fingerprint, Face Unlock",Stereo Speakers,IP67,4K@30fps,74,84,86,73,91,74,78,midrange,"Everyday Use, Photography Enthusiasts"
Samsung,Galaxy A52s 5G,8 GB + 128 GB,43999,discontinued,new,2021,TODO_SAMSUNG_IMAGE_URL,smartphone,Galaxy A52s 5G is a Samsung Galaxy smartphone from 2021 with balanced everyday features for its segment.,8,128,5000,25,120,6.6,64,"64 MP Wide, PDAF, OIS + 12 MP Ultrawide + 5 MP Macro + Auxiliary lens",32,Snapdragon 778G / Exynos 1280,upper-midrange,6nm,5G,Super AMOLED,FHD+,1200,Android,One UI,3,"Fingerprint, Face Unlock",Stereo Speakers,IP67,4K@30fps,75,84,86,74,91,74,78,midrange,"Everyday Use, Photography Enthusiasts"
Samsung,Galaxy A52s 5G,6 GB + 256 GB,46499,discontinued,new,2021,TODO_SAMSUNG_IMAGE_URL,smartphone,Galaxy A52s 5G is a Samsung Galaxy smartphone from 2021 with balanced everyday features for its segment.,6,256,5000,25,120,6.6,64,"64 MP Wide, PDAF, OIS + 12 MP Ultrawide + 5 MP Macro + Auxiliary lens",32,Snapdragon 778G / Exynos 1280,upper-midrange,6nm,5G,Super AMOLED,FHD+,1200,Android,One UI,3,"Fingerprint, Face Unlock",Stereo Speakers,IP67,4K@30fps,74,84,86,73,91,74,78,midrange,"Everyday Use, Photography Enthusiasts"
Samsung,Galaxy A52s 5G,8 GB + 256 GB,48499,discontinued,new,2021,TODO_SAMSUNG_IMAGE_URL,smartphone,Galaxy A52s 5G is a Samsung Galaxy smartphone from 2021 with balanced everyday features for its segment.,8,256,5000,25,120,6.6,64,"64 MP Wide, PDAF, OIS + 12 MP Ultrawide + 5 MP Macro + Auxiliary lens",32,Snapdragon 778G / Exynos 1280,upper-midrange,6nm,5G,Super AMOLED,FHD+,1200,Android,One UI,3,"Fingerprint, Face Unlock",Stereo Speakers,IP67,4K@30fps,75,84,86,74,91,74,78,midrange,"Everyday Use, Photography Enthusiasts"
Samsung,Galaxy A72,6 GB + 128 GB,23399,discontinued,new,2021,TODO_SAMSUNG_IMAGE_URL,smartphone,Galaxy A72 is a Samsung Galaxy smartphone from 2021 with balanced everyday features for its segment.,6,128,5000,25,120,6.6,64,"64 MP Wide, PDAF, OIS + 8 MP Telephoto, PDAF, OIS, 3x Optical Zoom + 12 MP Ultrawide + 5 MP Macro",32,Snapdragon 778G / Exynos 1280,upper-midrange,6nm,4G,Super AMOLED,FHD+,1200,Android,One UI,3,"Fingerprint, Face Unlock",Stereo Speakers,IP67,4K@30fps,74,84,86,73,91,74,84,midrange,"Everyday Use, Photography Enthusiasts"
Samsung,Galaxy A72,8 GB + 128 GB,25399,discontinued,new,2021,TODO_SAMSUNG_IMAGE_URL,smartphone,Galaxy A72 is a Samsung Galaxy smartphone from 2021 with balanced everyday features for its segment.,8,128,5000,25,120,6.6,64,"64 MP Wide, PDAF, OIS + 8 MP Telephoto, PDAF, OIS, 3x Optical Zoom + 12 MP Ultrawide + 5 MP Macro",32,Snapdragon 778G / Exynos 1280,upper-midrange,6nm,4G,Super AMOLED,FHD+,1200,Android,One UI,3,"Fingerprint, Face Unlock",Stereo Speakers,IP67,4K@30fps,75,84,86,74,91,74,78,midrange,"Everyday Use, Photography Enthusiasts"
Samsung,Galaxy A72,6 GB + 256 GB,27899,discontinued,new,2021,TODO_SAMSUNG_IMAGE_URL,smartphone,Galaxy A72 is a Samsung Galaxy smartphone from 2021 with balanced everyday features for its segment.,6,256,5000,25,120,6.6,64,"64 MP Wide, PDAF, OIS + 8 MP Telephoto, PDAF, OIS, 3x Optical Zoom + 12 MP Ultrawide + 5 MP Macro",32,Snapdragon 778G / Exynos 1280,upper-midrange,6nm,4G,Super AMOLED,FHD+,1200,Android,One UI,3,"Fingerprint, Face Unlock",Stereo Speakers,IP67,4K@30fps,74,84,86,73,91,74,78,midrange,"Everyday Use, Photography Enthusiasts"
Samsung,Galaxy A72,8 GB + 256 GB,29899,discontinued,new,2021,TODO_SAMSUNG_IMAGE_URL,smartphone,Galaxy A72 is a Samsung Galaxy smartphone from 2021 with balanced everyday features for its segment.,8,256,5000,25,120,6.6,64,"64 MP Wide, PDAF, OIS + 8 MP Telephoto, PDAF, OIS, 3x Optical Zoom + 12 MP Ultrawide + 5 MP Macro",32,Snapdragon 778G / Exynos 1280,upper-midrange,6nm,4G,Super AMOLED,FHD+,1200,Android,One UI,3,"Fingerprint, Face Unlock",Stereo Speakers,IP67,4K@30fps,75,84,86,74,91,74,78,midrange,"Everyday Use, Photography Enthusiasts"
Samsung,Galaxy A03,2 GB + 32 GB,7021,discontinued,new,2022,TODO_SAMSUNG_IMAGE_URL,smartphone,Galaxy A03 is a Samsung Galaxy smartphone from 2022 with balanced everyday features for its segment.,2,32,5000,15,60,6.5,48,"48 MP Wide, AF + Auxiliary lens",5,Exynos 850 / Helio P35,entry,6nm,4G,PLS LCD,HD+,600,Android,One UI,4,"Fingerprint, Face Unlock",Single Speaker,No official IP rating,1080p@30fps,45,54,88,47,50,56,80,budget,Everyday Use
Samsung,Galaxy A03,3 GB + 32 GB,8021,discontinued,new,2022,TODO_SAMSUNG_IMAGE_URL,smartphone,Galaxy A03 is a Samsung Galaxy smartphone from 2022 with balanced everyday features for its segment.,3,32,5000,15,60,6.5,48,"48 MP Wide, AF + Auxiliary lens",5,Exynos 850 / Helio P35,entry,6nm,4G,PLS LCD,HD+,600,Android,One UI,4,"Fingerprint, Face Unlock",Single Speaker,No official IP rating,1080p@30fps,45,54,88,47,50,56,80,budget,Everyday Use
Samsung,Galaxy A03,4 GB + 32 GB,9021,discontinued,new,2022,TODO_SAMSUNG_IMAGE_URL,smartphone,Galaxy A03 is a Samsung Galaxy smartphone from 2022 with balanced everyday features for its segment.,4,32,5000,15,60,6.5,48,"48 MP Wide, AF + Auxiliary lens",5,Exynos 850 / Helio P35,entry,6nm,4G,PLS LCD,HD+,600,Android,One UI,4,"Fingerprint, Face Unlock",Single Speaker,No official IP rating,1080p@30fps,46,54,88,48,50,56,80,budget,Everyday Use
Samsung,Galaxy A03,3 GB + 64 GB,12521,discontinued,new,2022,TODO_SAMSUNG_IMAGE_URL,smartphone,Galaxy A03 is a Samsung Galaxy smartphone from 2022 with balanced everyday features for its segment.,3,64,5000,15,60,6.5,48,"48 MP Wide, AF + Auxiliary lens",5,Exynos 850 / Helio P35,entry,6nm,4G,PLS LCD,HD+,600,Android,One UI,4,"Fingerprint, Face Unlock",Single Speaker,No official IP rating,1080p@30fps,45,54,88,47,50,56,80,budget,Everyday Use
Samsung,Galaxy A03,4 GB + 64 GB,13521,discontinued,new,2022,TODO_SAMSUNG_IMAGE_URL,smartphone,Galaxy A03 is a Samsung Galaxy smartphone from 2022 with balanced everyday features for its segment.,4,64,5000,15,60,6.5,48,"48 MP Wide, AF + Auxiliary lens",5,Exynos 850 / Helio P35,entry,6nm,4G,PLS LCD,HD+,600,Android,One UI,4,"Fingerprint, Face Unlock",Single Speaker,No official IP rating,1080p@30fps,46,54,88,48,50,56,80,budget,Everyday Use
Samsung,Galaxy A03,4 GB + 128 GB,18021,discontinued,new,2022,TODO_SAMSUNG_IMAGE_URL,smartphone,Galaxy A03 is a Samsung Galaxy smartphone from 2022 with balanced everyday features for its segment.,4,128,5000,15,60,6.5,48,"48 MP Wide, AF + Auxiliary lens",5,Exynos 850 / Helio P35,entry,6nm,4G,PLS LCD,HD+,600,Android,One UI,4,"Fingerprint, Face Unlock",Single Speaker,No official IP rating,1080p@30fps,46,54,88,48,50,56,80,budget,Everyday Use
Samsung,Galaxy A03 Core,2 GB + 32 GB,7200,discontinued,new,2022,TODO_SAMSUNG_IMAGE_URL,smartphone,Galaxy A03 Core is a Samsung Galaxy smartphone from 2022 with balanced everyday features for its segment.,2,32,5000,15,60,6.5,8,"8 MP Main, AF",5,Exynos 850 / Helio P35,entry,6nm,4G,PLS LCD,HD+,600,Android,One UI,4,"Fingerprint, Face Unlock",Single Speaker,No official IP rating,1080p@30fps,45,45,88,47,50,56,78,budget,Everyday Use
Samsung,Galaxy A04,3 GB + 32 GB,6300,discontinued,new,2022,TODO_SAMSUNG_IMAGE_URL,smartphone,Galaxy A04 is a Samsung Galaxy smartphone from 2022 with balanced everyday features for its segment.,3,32,5000,15,60,6.5,50,"50 MP Wide, AF + Auxiliary lens",5,Exynos 850 / Helio P35,entry,6nm,4G,PLS LCD,HD+,600,Android,One UI,4,"Fingerprint, Face Unlock",Single Speaker,No official IP rating,1080p@30fps,45,54,88,47,50,56,80,budget,Everyday Use
Samsung,Galaxy A04,4 GB + 32 GB,7300,discontinued,new,2022,TODO_SAMSUNG_IMAGE_URL,smartphone,Galaxy A04 is a Samsung Galaxy smartphone from 2022 with balanced everyday features for its segment.,4,32,5000,15,60,6.5,50,"50 MP Wide, AF + Auxiliary lens",5,Exynos 850 / Helio P35,entry,6nm,4G,PLS LCD,HD+,600,Android,One UI,4,"Fingerprint, Face Unlock",Single Speaker,No official IP rating,1080p@30fps,46,54,88,48,50,56,80,budget,Everyday Use
Samsung,Galaxy A04,3 GB + 64 GB,10800,discontinued,new,2022,TODO_SAMSUNG_IMAGE_URL,smartphone,Galaxy A04 is a Samsung Galaxy smartphone from 2022 with balanced everyday features for its segment.,3,64,5000,15,60,6.5,50,"50 MP Wide, AF + Auxiliary lens",5,Exynos 850 / Helio P35,entry,6nm,4G,PLS LCD,HD+,600,Android,One UI,4,"Fingerprint, Face Unlock",Single Speaker,No official IP rating,1080p@30fps,45,54,88,47,50,56,80,budget,Everyday Use
Samsung,Galaxy A04,4 GB + 64 GB,11800,discontinued,new,2022,TODO_SAMSUNG_IMAGE_URL,smartphone,Galaxy A04 is a Samsung Galaxy smartphone from 2022 with balanced everyday features for its segment.,4,64,5000,15,60,6.5,50,"50 MP Wide, AF + Auxiliary lens",5,Exynos 850 / Helio P35,entry,6nm,4G,PLS LCD,HD+,600,Android,One UI,4,"Fingerprint, Face Unlock",Single Speaker,No official IP rating,1080p@30fps,46,54,88,48,50,56,80,budget,Everyday Use
Samsung,Galaxy A04,6 GB + 64 GB,13800,discontinued,new,2022,TODO_SAMSUNG_IMAGE_URL,smartphone,Galaxy A04 is a Samsung Galaxy smartphone from 2022 with balanced everyday features for its segment.,6,64,5000,15,60,6.5,50,"50 MP Wide, AF + Auxiliary lens",5,Exynos 850 / Helio P35,entry,6nm,4G,PLS LCD,HD+,600,Android,One UI,4,"Fingerprint, Face Unlock",Single Speaker,No official IP rating,1080p@30fps,47,54,88,49,50,56,80,budget,Everyday Use
Samsung,Galaxy A04,4 GB + 128 GB,16300,discontinued,new,2022,TODO_SAMSUNG_IMAGE_URL,smartphone,Galaxy A04 is a Samsung Galaxy smartphone from 2022 with balanced everyday features for its segment.,4,128,5000,15,60,6.5,50,"50 MP Wide, AF + Auxiliary lens",5,Exynos 850 / Helio P35,entry,6nm,4G,PLS LCD,HD+,600,Android,One UI,4,"Fingerprint, Face Unlock",Single Speaker,No official IP rating,1080p@30fps,46,54,88,48,50,56,80,budget,Everyday Use
Samsung,Galaxy A04,8 GB + 128 GB,20300,discontinued,new,2022,TODO_SAMSUNG_IMAGE_URL,smartphone,Galaxy A04 is a Samsung Galaxy smartphone from 2022 with balanced everyday features for its segment.,8,128,5000,15,60,6.5,50,"50 MP Wide, AF + Auxiliary lens",5,Exynos 850 / Helio P35,entry,6nm,4G,PLS LCD,HD+,600,Android,One UI,4,"Fingerprint, Face Unlock",Single Speaker,No official IP rating,1080p@30fps,48,54,88,50,50,56,80,budget,Everyday Use
Samsung,Galaxy A04e,2 GB + 32 GB,11700,discontinued,new,2022,TODO_SAMSUNG_IMAGE_URL,smartphone,Galaxy A04e is a Samsung Galaxy smartphone from 2022 with balanced everyday features for its segment.,2,32,5000,15,60,6.5,13,"13 MP Wide, AF + Auxiliary lens",5,Exynos 850 / Helio P35,entry,6nm,4G,PLS LCD,HD+,600,Android,One UI,4,"Fingerprint, Face Unlock",Single Speaker,No official IP rating,1080p@30fps,45,46,88,47,50,56,80,budget,Everyday Use
Samsung,Galaxy A04e,3 GB + 32 GB,12700,discontinued,new,2022,TODO_SAMSUNG_IMAGE_URL,smartphone,Galaxy A04e is a Samsung Galaxy smartphone from 2022 with balanced everyday features for its segment.,3,32,5000,15,60,6.5,13,"13 MP Wide, AF + Auxiliary lens",5,Exynos 850 / Helio P35,entry,6nm,4G,PLS LCD,HD+,600,Android,One UI,4,"Fingerprint, Face Unlock",Single Speaker,No official IP rating,1080p@30fps,45,46,88,47,50,56,80,budget,Everyday Use
Samsung,Galaxy A04e,4 GB + 32 GB,13700,discontinued,new,2022,TODO_SAMSUNG_IMAGE_URL,smartphone,Galaxy A04e is a Samsung Galaxy smartphone from 2022 with balanced everyday features for its segment.,4,32,5000,15,60,6.5,13,"13 MP Wide, AF + Auxiliary lens",5,Exynos 850 / Helio P35,entry,6nm,4G,PLS LCD,HD+,600,Android,One UI,4,"Fingerprint, Face Unlock",Single Speaker,No official IP rating,1080p@30fps,46,46,88,48,50,56,80,budget,Everyday Use
Samsung,Galaxy A04e,2 GB + 64 GB,16200,discontinued,new,2022,TODO_SAMSUNG_IMAGE_URL,smartphone,Galaxy A04e is a Samsung Galaxy smartphone from 2022 with balanced everyday features for its segment.,2,64,5000,15,60,6.5,13,"13 MP Wide, AF + Auxiliary lens",5,Exynos 850 / Helio P35,entry,6nm,4G,PLS LCD,HD+,600,Android,One UI,4,"Fingerprint, Face Unlock",Single Speaker,No official IP rating,1080p@30fps,45,46,88,47,50,56,80,budget,Everyday Use
Samsung,Galaxy A04e,3 GB + 64 GB,17200,discontinued,new,2022,TODO_SAMSUNG_IMAGE_URL,smartphone,Galaxy A04e is a Samsung Galaxy smartphone from 2022 with balanced everyday features for its segment.,3,64,5000,15,60,6.5,13,"13 MP Wide, AF + Auxiliary lens",5,Exynos 850 / Helio P35,entry,6nm,4G,PLS LCD,HD+,600,Android,One UI,4,"Fingerprint, Face Unlock",Single Speaker,No official IP rating,1080p@30fps,45,46,88,47,50,56,80,budget,Everyday Use
Samsung,Galaxy A04e,4 GB + 64 GB,18200,discontinued,new,2022,TODO_SAMSUNG_IMAGE_URL,smartphone,Galaxy A04e is a Samsung Galaxy smartphone from 2022 with balanced everyday features for its segment.,4,64,5000,15,60,6.5,13,"13 MP Wide, AF + Auxiliary lens",5,Exynos 850 / Helio P35,entry,6nm,4G,PLS LCD,HD+,600,Android,One UI,4,"Fingerprint, Face Unlock",Single Speaker,No official IP rating,1080p@30fps,46,46,88,48,50,56,80,budget,Everyday Use
Samsung,Galaxy A04e,4 GB + 128 GB,22700,discontinued,new,2022,TODO_SAMSUNG_IMAGE_URL,smartphone,Galaxy A04e is a Samsung Galaxy smartphone from 2022 with balanced everyday features for its segment.,4,128,5000,15,60,6.5,13,"13 MP Wide, AF + Auxiliary lens",5,Exynos 850 / Helio P35,entry,6nm,4G,PLS LCD,HD+,600,Android,One UI,4,"Fingerprint, Face Unlock",Single Speaker,No official IP rating,1080p@30fps,46,46,88,48,50,56,80,budget,Everyday Use
Samsung,Galaxy A04s,3 GB + 32 GB,13499,discontinued,new,2022,TODO_SAMSUNG_IMAGE_URL,smartphone,Galaxy A04s is a Samsung Galaxy smartphone from 2022 with balanced everyday features for its segment.,3,32,5000,15,60,6.5,50,"50 MP Wide, PDAF + 2 MP Macro + Auxiliary lens",5,Exynos 850 / Helio P35,entry,6nm,4G,PLS LCD,HD+,600,Android,One UI,4,"Fingerprint, Face Unlock",Single Speaker,No official IP rating,1080p@30fps,45,56,88,47,50,56,80,budget,Everyday Use
Samsung,Galaxy A04s,4 GB + 32 GB,14499,discontinued,new,2022,TODO_SAMSUNG_IMAGE_URL,smartphone,Galaxy A04s is a Samsung Galaxy smartphone from 2022 with balanced everyday features for its segment.,4,32,5000,15,60,6.5,50,"50 MP Wide, PDAF + 2 MP Macro + Auxiliary lens",5,Exynos 850 / Helio P35,entry,6nm,4G,PLS LCD,HD+,600,Android,One UI,4,"Fingerprint, Face Unlock",Single Speaker,No official IP rating,1080p@30fps,46,56,88,48,50,56,80,budget,Everyday Use
Samsung,Galaxy A04s,3 GB + 64 GB,17999,discontinued,new,2022,TODO_SAMSUNG_IMAGE_URL,smartphone,Galaxy A04s is a Samsung Galaxy smartphone from 2022 with balanced everyday features for its segment.,3,64,5000,15,60,6.5,50,"50 MP Wide, PDAF + 2 MP Macro + Auxiliary lens",5,Exynos 850 / Helio P35,entry,6nm,4G,PLS LCD,HD+,600,Android,One UI,4,"Fingerprint, Face Unlock",Single Speaker,No official IP rating,1080p@30fps,45,56,88,47,50,56,80,budget,Everyday Use
Samsung,Galaxy A04s,4 GB + 64 GB,18999,discontinued,new,2022,TODO_SAMSUNG_IMAGE_URL,smartphone,Galaxy A04s is a Samsung Galaxy smartphone from 2022 with balanced everyday features for its segment.,4,64,5000,15,60,6.5,50,"50 MP Wide, PDAF + 2 MP Macro + Auxiliary lens",5,Exynos 850 / Helio P35,entry,6nm,4G,PLS LCD,HD+,600,Android,One UI,4,"Fingerprint, Face Unlock",Single Speaker,No official IP rating,1080p@30fps,46,56,88,48,50,56,80,budget,Everyday Use
Samsung,Galaxy A04s,3 GB + 128 GB,22499,discontinued,new,2022,TODO_SAMSUNG_IMAGE_URL,smartphone,Galaxy A04s is a Samsung Galaxy smartphone from 2022 with balanced everyday features for its segment.,3,128,5000,15,60,6.5,50,"50 MP Wide, PDAF + 2 MP Macro + Auxiliary lens",5,Exynos 850 / Helio P35,entry,6nm,4G,PLS LCD,HD+,600,Android,One UI,4,"Fingerprint, Face Unlock",Single Speaker,No official IP rating,1080p@30fps,45,56,88,47,50,56,80,budget,Everyday Use
Samsung,Galaxy A04s,4 GB + 128 GB,23499,discontinued,new,2022,TODO_SAMSUNG_IMAGE_URL,smartphone,Galaxy A04s is a Samsung Galaxy smartphone from 2022 with balanced everyday features for its segment.,4,128,5000,15,60,6.5,50,"50 MP Wide, PDAF + 2 MP Macro + Auxiliary lens",5,Exynos 850 / Helio P35,entry,6nm,4G,PLS LCD,HD+,600,Android,One UI,4,"Fingerprint, Face Unlock",Single Speaker,No official IP rating,1080p@30fps,46,56,88,48,50,56,80,budget,Everyday Use
Samsung,Galaxy A13,3 GB + 32 GB,9900,discontinued,new,2022,TODO_SAMSUNG_IMAGE_URL,smartphone,Galaxy A13 is a Samsung Galaxy smartphone from 2022 with balanced everyday features for its segment.,3,32,5000,15,60,6.6,50,"50 MP Wide, PDAF + 5 MP Ultrawide + 2 MP Macro + Auxiliary lens",8,Exynos 850 / Helio P35,entry,6nm,4G,PLS LCD,FHD+,800,Android,One UI,4,"Fingerprint, Face Unlock",Single Speaker,No official IP rating,1080p@30fps,45,57,88,47,50,56,80,budget,Everyday Use
Samsung,Galaxy A13,4 GB + 32 GB,10900,discontinued,new,2022,TODO_SAMSUNG_IMAGE_URL,smartphone,Galaxy A13 is a Samsung Galaxy smartphone from 2022 with balanced everyday features for its segment.,4,32,5000,15,60,6.6,50,"50 MP Wide, PDAF + 5 MP Ultrawide + 2 MP Macro + Auxiliary lens",8,Exynos 850 / Helio P35,entry,6nm,4G,PLS LCD,FHD+,800,Android,One UI,4,"Fingerprint, Face Unlock",Single Speaker,No official IP rating,1080p@30fps,46,57,88,48,50,56,80,budget,Everyday Use
Samsung,Galaxy A13,4 GB + 64 GB,15400,discontinued,new,2022,TODO_SAMSUNG_IMAGE_URL,smartphone,Galaxy A13 is a Samsung Galaxy smartphone from 2022 with balanced everyday features for its segment.,4,64,5000,15,60,6.6,50,"50 MP Wide, PDAF + 5 MP Ultrawide + 2 MP Macro + Auxiliary lens",8,Exynos 850 / Helio P35,entry,6nm,4G,PLS LCD,FHD+,800,Android,One UI,4,"Fingerprint, Face Unlock",Single Speaker,No official IP rating,1080p@30fps,46,57,88,48,50,56,80,budget,Everyday Use
Samsung,Galaxy A13,3 GB + 128 GB,18900,discontinued,new,2022,TODO_SAMSUNG_IMAGE_URL,smartphone,Galaxy A13 is a Samsung Galaxy smartphone from 2022 with balanced everyday features for its segment.,3,128,5000,15,60,6.6,50,"50 MP Wide, PDAF + 5 MP Ultrawide + 2 MP Macro + Auxiliary lens",8,Exynos 850 / Helio P35,entry,6nm,4G,PLS LCD,FHD+,800,Android,One UI,4,"Fingerprint, Face Unlock",Single Speaker,No official IP rating,1080p@30fps,45,57,88,47,50,56,80,budget,Everyday Use
Samsung,Galaxy A13,4 GB + 128 GB,19900,discontinued,new,2022,TODO_SAMSUNG_IMAGE_URL,smartphone,Galaxy A13 is a Samsung Galaxy smartphone from 2022 with balanced everyday features for its segment.,4,128,5000,15,60,6.6,50,"50 MP Wide, PDAF + 5 MP Ultrawide + 2 MP Macro + Auxiliary lens",8,Exynos 850 / Helio P35,entry,6nm,4G,PLS LCD,FHD+,800,Android,One UI,4,"Fingerprint, Face Unlock",Single Speaker,No official IP rating,1080p@30fps,46,57,88,48,50,56,80,budget,Everyday Use
Samsung,Galaxy A13,6 GB + 128 GB,21900,discontinued,new,2022,TODO_SAMSUNG_IMAGE_URL,smartphone,Galaxy A13 is a Samsung Galaxy smartphone from 2022 with balanced everyday features for its segment.,6,128,5000,15,60,6.6,50,"50 MP Wide, PDAF + 5 MP Ultrawide + 2 MP Macro + Auxiliary lens",8,Exynos 850 / Helio P35,entry,6nm,4G,PLS LCD,FHD+,800,Android,One UI,4,"Fingerprint, Face Unlock",Single Speaker,No official IP rating,1080p@30fps,47,57,88,49,50,56,80,budget,Everyday Use
Samsung,Galaxy A13 5G,3 GB + 32 GB,9900,discontinued,new,2022,TODO_SAMSUNG_IMAGE_URL,smartphone,Galaxy A13 5G is a Samsung Galaxy smartphone from 2022 with balanced everyday features for its segment.,3,32,5000,15,60,6.6,50,"50 MP Wide, PDAF + 5 MP Ultrawide + 2 MP Macro + Auxiliary lens",8,Exynos 850 / Helio P35,entry,6nm,5G,PLS LCD,FHD+,800,Android,One UI,4,"Fingerprint, Face Unlock",Single Speaker,No official IP rating,1080p@30fps,45,57,88,47,50,56,80,budget,Everyday Use
Samsung,Galaxy A13 5G,4 GB + 32 GB,10900,discontinued,new,2022,TODO_SAMSUNG_IMAGE_URL,smartphone,Galaxy A13 5G is a Samsung Galaxy smartphone from 2022 with balanced everyday features for its segment.,4,32,5000,15,60,6.6,50,"50 MP Wide, PDAF + 5 MP Ultrawide + 2 MP Macro + Auxiliary lens",8,Exynos 850 / Helio P35,entry,6nm,5G,PLS LCD,FHD+,800,Android,One UI,4,"Fingerprint, Face Unlock",Single Speaker,No official IP rating,1080p@30fps,46,57,88,48,50,56,80,budget,Everyday Use
Samsung,Galaxy A13 5G,4 GB + 64 GB,15400,discontinued,new,2022,TODO_SAMSUNG_IMAGE_URL,smartphone,Galaxy A13 5G is a Samsung Galaxy smartphone from 2022 with balanced everyday features for its segment.,4,64,5000,15,60,6.6,50,"50 MP Wide, PDAF + 5 MP Ultrawide + 2 MP Macro + Auxiliary lens",8,Exynos 850 / Helio P35,entry,6nm,5G,PLS LCD,FHD+,800,Android,One UI,4,"Fingerprint, Face Unlock",Single Speaker,No official IP rating,1080p@30fps,46,57,88,48,50,56,80,budget,Everyday Use
Samsung,Galaxy A13 5G,3 GB + 128 GB,18900,discontinued,new,2022,TODO_SAMSUNG_IMAGE_URL,smartphone,Galaxy A13 5G is a Samsung Galaxy smartphone from 2022 with balanced everyday features for its segment.,3,128,5000,15,60,6.6,50,"50 MP Wide, PDAF + 5 MP Ultrawide + 2 MP Macro + Auxiliary lens",8,Exynos 850 / Helio P35,entry,6nm,5G,PLS LCD,FHD+,800,Android,One UI,4,"Fingerprint, Face Unlock",Single Speaker,No official IP rating,1080p@30fps,45,57,88,47,50,56,80,budget,Everyday Use
Samsung,Galaxy A13 5G,4 GB + 128 GB,19900,discontinued,new,2022,TODO_SAMSUNG_IMAGE_URL,smartphone,Galaxy A13 5G is a Samsung Galaxy smartphone from 2022 with balanced everyday features for its segment.,4,128,5000,15,60,6.6,50,"50 MP Wide, PDAF + 5 MP Ultrawide + 2 MP Macro + Auxiliary lens",8,Exynos 850 / Helio P35,entry,6nm,5G,PLS LCD,FHD+,800,Android,One UI,4,"Fingerprint, Face Unlock",Single Speaker,No official IP rating,1080p@30fps,46,57,88,48,50,56,80,budget,Everyday Use
Samsung,Galaxy A13 5G,6 GB + 128 GB,21900,discontinued,new,2022,TODO_SAMSUNG_IMAGE_URL,smartphone,Galaxy A13 5G is a Samsung Galaxy smartphone from 2022 with balanced everyday features for its segment.,6,128,5000,15,60,6.6,50,"50 MP Wide, PDAF + 5 MP Ultrawide + 2 MP Macro + Auxiliary lens",8,Exynos 850 / Helio P35,entry,6nm,5G,PLS LCD,FHD+,800,Android,One UI,4,"Fingerprint, Face Unlock",Single Speaker,No official IP rating,1080p@30fps,47,57,88,49,50,56,80,budget,Everyday Use
Samsung,Galaxy A23,4 GB + 64 GB,9185,discontinued,new,2022,TODO_SAMSUNG_IMAGE_URL,smartphone,Galaxy A23 is a Samsung Galaxy smartphone from 2022 with balanced everyday features for its segment.,4,64,5000,25,90,6.6,50,"50 MP Wide, PDAF, OIS + 5 MP Ultrawide + 2 MP Macro + Auxiliary lens",8,Snapdragon 695 / Exynos 1280,midrange,6nm,4G,Super AMOLED,FHD+,1000,Android,One UI,4,"Fingerprint, Face Unlock",Single Speaker,No official IP rating,4K@30fps,62,71,88,62,76,67,84,midrange,Everyday Use
Samsung,Galaxy A23,6 GB + 64 GB,11185,discontinued,new,2022,TODO_SAMSUNG_IMAGE_URL,smartphone,Galaxy A23 is a Samsung Galaxy smartphone from 2022 with balanced everyday features for its segment.,6,64,5000,25,90,6.6,50,"50 MP Wide, PDAF, OIS + 5 MP Ultrawide + 2 MP Macro + Auxiliary lens",8,Snapdragon 695 / Exynos 1280,midrange,6nm,4G,Super AMOLED,FHD+,1000,Android,One UI,4,"Fingerprint, Face Unlock",Single Speaker,No official IP rating,4K@30fps,63,71,88,63,76,67,84,midrange,Everyday Use
Samsung,Galaxy A23,4 GB + 128 GB,13685,discontinued,new,2022,TODO_SAMSUNG_IMAGE_URL,smartphone,Galaxy A23 is a Samsung Galaxy smartphone from 2022 with balanced everyday features for its segment.,4,128,5000,25,90,6.6,50,"50 MP Wide, PDAF, OIS + 5 MP Ultrawide + 2 MP Macro + Auxiliary lens",8,Snapdragon 695 / Exynos 1280,midrange,6nm,4G,Super AMOLED,FHD+,1000,Android,One UI,4,"Fingerprint, Face Unlock",Single Speaker,No official IP rating,4K@30fps,62,71,88,62,76,67,84,midrange,Everyday Use
Samsung,Galaxy A23,6 GB + 128 GB,15685,discontinued,new,2022,TODO_SAMSUNG_IMAGE_URL,smartphone,Galaxy A23 is a Samsung Galaxy smartphone from 2022 with balanced everyday features for its segment.,6,128,5000,25,90,6.6,50,"50 MP Wide, PDAF, OIS + 5 MP Ultrawide + 2 MP Macro + Auxiliary lens",8,Snapdragon 695 / Exynos 1280,midrange,6nm,4G,Super AMOLED,FHD+,1000,Android,One UI,4,"Fingerprint, Face Unlock",Single Speaker,No official IP rating,4K@30fps,63,71,88,63,76,67,84,midrange,Everyday Use
Samsung,Galaxy A23,8 GB + 128 GB,17685,discontinued,new,2022,TODO_SAMSUNG_IMAGE_URL,smartphone,Galaxy A23 is a Samsung Galaxy smartphone from 2022 with balanced everyday features for its segment.,8,128,5000,25,90,6.6,50,"50 MP Wide, PDAF, OIS + 5 MP Ultrawide + 2 MP Macro + Auxiliary lens",8,Snapdragon 695 / Exynos 1280,midrange,6nm,4G,Super AMOLED,FHD+,1000,Android,One UI,4,"Fingerprint, Face Unlock",Single Speaker,No official IP rating,4K@30fps,64,71,88,64,76,67,84,midrange,Everyday Use
Samsung,Galaxy A23 5G,4 GB + 64 GB,9185,discontinued,new,2022,TODO_SAMSUNG_IMAGE_URL,smartphone,Galaxy A23 5G is a Samsung Galaxy smartphone from 2022 with balanced everyday features for its segment.,4,64,5000,25,90,6.6,50,"50 MP Wide, PDAF, OIS + 5 MP Ultrawide + 2 MP Macro + Auxiliary lens",8,Snapdragon 695 / Exynos 1280,midrange,6nm,5G,Super AMOLED,FHD+,1000,Android,One UI,4,"Fingerprint, Face Unlock",Single Speaker,No official IP rating,4K@30fps,62,71,88,62,76,67,84,midrange,Everyday Use
Samsung,Galaxy A23 5G,6 GB + 64 GB,11185,discontinued,new,2022,TODO_SAMSUNG_IMAGE_URL,smartphone,Galaxy A23 5G is a Samsung Galaxy smartphone from 2022 with balanced everyday features for its segment.,6,64,5000,25,90,6.6,50,"50 MP Wide, PDAF, OIS + 5 MP Ultrawide + 2 MP Macro + Auxiliary lens",8,Snapdragon 695 / Exynos 1280,midrange,6nm,5G,Super AMOLED,FHD+,1000,Android,One UI,4,"Fingerprint, Face Unlock",Single Speaker,No official IP rating,4K@30fps,63,71,88,63,76,67,84,midrange,Everyday Use
Samsung,Galaxy A23 5G,4 GB + 128 GB,13685,discontinued,new,2022,TODO_SAMSUNG_IMAGE_URL,smartphone,Galaxy A23 5G is a Samsung Galaxy smartphone from 2022 with balanced everyday features for its segment.,4,128,5000,25,90,6.6,50,"50 MP Wide, PDAF, OIS + 5 MP Ultrawide + 2 MP Macro + Auxiliary lens",8,Snapdragon 695 / Exynos 1280,midrange,6nm,5G,Super AMOLED,FHD+,1000,Android,One UI,4,"Fingerprint, Face Unlock",Single Speaker,No official IP rating,4K@30fps,62,71,88,62,76,67,84,midrange,Everyday Use
Samsung,Galaxy A23 5G,6 GB + 128 GB,15685,discontinued,new,2022,TODO_SAMSUNG_IMAGE_URL,smartphone,Galaxy A23 5G is a Samsung Galaxy smartphone from 2022 with balanced everyday features for its segment.,6,128,5000,25,90,6.6,50,"50 MP Wide, PDAF, OIS + 5 MP Ultrawide + 2 MP Macro + Auxiliary lens",8,Snapdragon 695 / Exynos 1280,midrange,6nm,5G,Super AMOLED,FHD+,1000,Android,One UI,4,"Fingerprint, Face Unlock",Single Speaker,No official IP rating,4K@30fps,63,71,88,63,76,67,84,midrange,Everyday Use
Samsung,Galaxy A23 5G,8 GB + 128 GB,17685,discontinued,new,2022,TODO_SAMSUNG_IMAGE_URL,smartphone,Galaxy A23 5G is a Samsung Galaxy smartphone from 2022 with balanced everyday features for its segment.,8,128,5000,25,90,6.6,50,"50 MP Wide, PDAF, OIS + 5 MP Ultrawide + 2 MP Macro + Auxiliary lens",8,Snapdragon 695 / Exynos 1280,midrange,6nm,5G,Super AMOLED,FHD+,1000,Android,One UI,4,"Fingerprint, Face Unlock",Single Speaker,No official IP rating,4K@30fps,64,71,88,64,76,67,84,midrange,Everyday Use
Samsung,Galaxy A33 5G,4 GB + 128 GB,12955,discontinued,new,2022,TODO_SAMSUNG_IMAGE_URL,smartphone,Galaxy A33 5G is a Samsung Galaxy smartphone from 2022 with balanced everyday features for its segment.,4,128,5000,25,120,6.6,48,"48 MP Wide, PDAF, OIS + 8 MP Ultrawide + 5 MP Macro + Auxiliary lens",13,Exynos 1280 / Snapdragon 778G,upper-midrange,6nm,5G,Super AMOLED,FHD+,1200,Android,One UI,4,"Fingerprint, Face Unlock",Stereo Speakers,IP67,4K@30fps,77,85,88,76,93,77,86,midrange,"Everyday Use, Photography Enthusiasts"
Samsung,Galaxy A33 5G,6 GB + 128 GB,14955,discontinued,new,2022,TODO_SAMSUNG_IMAGE_URL,smartphone,Galaxy A33 5G is a Samsung Galaxy smartphone from 2022 with balanced everyday features for its segment.,6,128,5000,25,120,6.6,48,"48 MP Wide, PDAF, OIS + 8 MP Ultrawide + 5 MP Macro + Auxiliary lens",13,Exynos 1280 / Snapdragon 778G,upper-midrange,6nm,5G,Super AMOLED,FHD+,1200,Android,One UI,4,"Fingerprint, Face Unlock",Stereo Speakers,IP67,4K@30fps,78,85,88,77,93,77,86,midrange,"Everyday Use, Photography Enthusiasts"
Samsung,Galaxy A33 5G,8 GB + 128 GB,16955,discontinued,new,2022,TODO_SAMSUNG_IMAGE_URL,smartphone,Galaxy A33 5G is a Samsung Galaxy smartphone from 2022 with balanced everyday features for its segment.,8,128,5000,25,120,6.6,48,"48 MP Wide, PDAF, OIS + 8 MP Ultrawide + 5 MP Macro + Auxiliary lens",13,Exynos 1280 / Snapdragon 778G,upper-midrange,6nm,5G,Super AMOLED,FHD+,1200,Android,One UI,4,"Fingerprint, Face Unlock",Stereo Speakers,IP67,4K@30fps,79,85,88,78,93,77,86,midrange,"Everyday Use, Photography Enthusiasts"
Samsung,Galaxy A33 5G,8 GB + 256 GB,21455,discontinued,new,2022,TODO_SAMSUNG_IMAGE_URL,smartphone,Galaxy A33 5G is a Samsung Galaxy smartphone from 2022 with balanced everyday features for its segment.,8,256,5000,25,120,6.6,48,"48 MP Wide, PDAF, OIS + 8 MP Ultrawide + 5 MP Macro + Auxiliary lens",13,Exynos 1280 / Snapdragon 778G,upper-midrange,6nm,5G,Super AMOLED,FHD+,1200,Android,One UI,4,"Fingerprint, Face Unlock",Stereo Speakers,IP67,4K@30fps,79,85,88,78,93,77,86,midrange,"Everyday Use, Photography Enthusiasts"
Samsung,Galaxy A53 5G,4 GB + 128 GB,10748,discontinued,new,2022,TODO_SAMSUNG_IMAGE_URL,smartphone,Galaxy A53 5G is a Samsung Galaxy smartphone from 2022 with balanced everyday features for its segment.,4,128,5000,25,120,6.6,64,"64 MP Wide, PDAF, OIS + 12 MP Ultrawide + 5 MP Macro + Auxiliary lens",32,Exynos 1280 / Snapdragon 778G,upper-midrange,6nm,5G,Super AMOLED,FHD+,1200,Android,One UI,4,"Fingerprint, Face Unlock",Stereo Speakers,IP67,4K@30fps,77,87,88,76,93,77,86,midrange,"Everyday Use, Photography Enthusiasts"
Samsung,Galaxy A53 5G,6 GB + 128 GB,12748,discontinued,new,2022,TODO_SAMSUNG_IMAGE_URL,smartphone,Galaxy A53 5G is a Samsung Galaxy smartphone from 2022 with balanced everyday features for its segment.,6,128,5000,25,120,6.6,64,"64 MP Wide, PDAF, OIS + 12 MP Ultrawide + 5 MP Macro + Auxiliary lens",32,Exynos 1280 / Snapdragon 778G,upper-midrange,6nm,5G,Super AMOLED,FHD+,1200,Android,One UI,4,"Fingerprint, Face Unlock",Stereo Speakers,IP67,4K@30fps,78,87,88,77,93,77,86,midrange,"Everyday Use, Photography Enthusiasts"
Samsung,Galaxy A53 5G,8 GB + 128 GB,14748,discontinued,new,2022,TODO_SAMSUNG_IMAGE_URL,smartphone,Galaxy A53 5G is a Samsung Galaxy smartphone from 2022 with balanced everyday features for its segment.,8,128,5000,25,120,6.6,64,"64 MP Wide, PDAF, OIS + 12 MP Ultrawide + 5 MP Macro + Auxiliary lens",32,Exynos 1280 / Snapdragon 778G,upper-midrange,6nm,5G,Super AMOLED,FHD+,1200,Android,One UI,4,"Fingerprint, Face Unlock",Stereo Speakers,IP67,4K@30fps,79,87,88,78,93,77,86,midrange,"Everyday Use, Photography Enthusiasts"
Samsung,Galaxy A53 5G,6 GB + 256 GB,17248,discontinued,new,2022,TODO_SAMSUNG_IMAGE_URL,smartphone,Galaxy A53 5G is a Samsung Galaxy smartphone from 2022 with balanced everyday features for its segment.,6,256,5000,25,120,6.6,64,"64 MP Wide, PDAF, OIS + 12 MP Ultrawide + 5 MP Macro + Auxiliary lens",32,Exynos 1280 / Snapdragon 778G,upper-midrange,6nm,5G,Super AMOLED,FHD+,1200,Android,One UI,4,"Fingerprint, Face Unlock",Stereo Speakers,IP67,4K@30fps,78,87,88,77,93,77,86,midrange,"Everyday Use, Photography Enthusiasts"
Samsung,Galaxy A53 5G,8 GB + 256 GB,19248,discontinued,new,2022,TODO_SAMSUNG_IMAGE_URL,smartphone,Galaxy A53 5G is a Samsung Galaxy smartphone from 2022 with balanced everyday features for its segment.,8,256,5000,25,120,6.6,64,"64 MP Wide, PDAF, OIS + 12 MP Ultrawide + 5 MP Macro + Auxiliary lens",32,Exynos 1280 / Snapdragon 778G,upper-midrange,6nm,5G,Super AMOLED,FHD+,1200,Android,One UI,4,"Fingerprint, Face Unlock",Stereo Speakers,IP67,4K@30fps,79,87,88,78,93,77,86,midrange,"Everyday Use, Photography Enthusiasts"
Samsung,Galaxy A73 5G,6 GB + 128 GB,54000,discontinued,new,2022,TODO_SAMSUNG_IMAGE_URL,smartphone,Galaxy A73 5G is a Samsung Galaxy smartphone from 2022 with balanced everyday features for its segment.,6,128,5000,25,120,6.6,108,"108 MP Wide, PDAF, OIS + 12 MP Ultrawide + 5 MP Macro + Auxiliary lens",32,Exynos 1280 / Snapdragon 778G,upper-midrange,6nm,5G,Super AMOLED,FHD+,1200,Android,One UI,4,"Fingerprint, Face Unlock",Stereo Speakers,IP67,4K@30fps,78,87,88,77,93,77,80,midrange,"Everyday Use, Photography Enthusiasts"
Samsung,Galaxy A73 5G,8 GB + 128 GB,56000,discontinued,new,2022,TODO_SAMSUNG_IMAGE_URL,smartphone,Galaxy A73 5G is a Samsung Galaxy smartphone from 2022 with balanced everyday features for its segment.,8,128,5000,25,120,6.6,108,"108 MP Wide, PDAF, OIS + 12 MP Ultrawide + 5 MP Macro + Auxiliary lens",32,Exynos 1280 / Snapdragon 778G,upper-midrange,6nm,5G,Super AMOLED,FHD+,1200,Android,One UI,4,"Fingerprint, Face Unlock",Stereo Speakers,IP67,4K@30fps,79,87,88,78,93,77,80,midrange,"Everyday Use, Photography Enthusiasts"
Samsung,Galaxy A73 5G,8 GB + 256 GB,60500,discontinued,new,2022,TODO_SAMSUNG_IMAGE_URL,smartphone,Galaxy A73 5G is a Samsung Galaxy smartphone from 2022 with balanced everyday features for its segment.,8,256,5000,25,120,6.6,108,"108 MP Wide, PDAF, OIS + 12 MP Ultrawide + 5 MP Macro + Auxiliary lens",32,Exynos 1280 / Snapdragon 778G,upper-midrange,6nm,5G,Super AMOLED,FHD+,1200,Android,One UI,4,"Fingerprint, Face Unlock",Stereo Speakers,IP67,4K@30fps,79,87,88,78,93,77,80,midrange,"Everyday Use, Photography Enthusiasts"
Samsung,Galaxy A14,4 GB + 64 GB,10250,discontinued,new,2023,TODO_SAMSUNG_IMAGE_URL,smartphone,Galaxy A14 is a Samsung Galaxy smartphone from 2023 with balanced everyday features for its segment.,4,64,5000,15,60,6.6,50,"50 MP Wide, PDAF + 5 MP Ultrawide + 2 MP Macro",13,Exynos 850 / Helio G80,entry,6nm,4G,PLS LCD,FHD+,800,Android,One UI,5,"Fingerprint, Face Unlock",Single Speaker,No official IP rating,1080p@30fps,49,58,89,51,52,58,82,budget,Everyday Use
Samsung,Galaxy A14,4 GB + 128 GB,14750,discontinued,new,2023,TODO_SAMSUNG_IMAGE_URL,smartphone,Galaxy A14 is a Samsung Galaxy smartphone from 2023 with balanced everyday features for its segment.,4,128,5000,15,60,6.6,50,"50 MP Wide, PDAF + 5 MP Ultrawide + 2 MP Macro",13,Exynos 850 / Helio G80,entry,6nm,4G,PLS LCD,FHD+,800,Android,One UI,5,"Fingerprint, Face Unlock",Single Speaker,No official IP rating,1080p@30fps,49,58,89,51,52,58,82,budget,Everyday Use
Samsung,Galaxy A14,6 GB + 128 GB,16750,discontinued,new,2023,TODO_SAMSUNG_IMAGE_URL,smartphone,Galaxy A14 is a Samsung Galaxy smartphone from 2023 with balanced everyday features for its segment.,6,128,5000,15,60,6.6,50,"50 MP Wide, PDAF + 5 MP Ultrawide + 2 MP Macro",13,Exynos 850 / Helio G80,entry,6nm,4G,PLS LCD,FHD+,800,Android,One UI,5,"Fingerprint, Face Unlock",Single Speaker,No official IP rating,1080p@30fps,50,58,89,52,52,58,82,budget,Everyday Use
Samsung,Galaxy A14,8 GB + 128 GB,18750,discontinued,new,2023,TODO_SAMSUNG_IMAGE_URL,smartphone,Galaxy A14 is a Samsung Galaxy smartphone from 2023 with balanced everyday features for its segment.,8,128,5000,15,60,6.6,50,"50 MP Wide, PDAF + 5 MP Ultrawide + 2 MP Macro",13,Exynos 850 / Helio G80,entry,6nm,4G,PLS LCD,FHD+,800,Android,One UI,5,"Fingerprint, Face Unlock",Single Speaker,No official IP rating,1080p@30fps,51,58,89,53,52,58,82,budget,Everyday Use
Samsung,Galaxy A14 5G,4 GB + 64 GB,10250,discontinued,new,2023,TODO_SAMSUNG_IMAGE_URL,smartphone,Galaxy A14 5G is a Samsung Galaxy smartphone from 2023 with balanced everyday features for its segment.,4,64,5000,15,60,6.6,50,"50 MP Wide, PDAF + 5 MP Ultrawide + 2 MP Macro",13,Exynos 850 / Helio G80,entry,6nm,5G,PLS LCD,FHD+,800,Android,One UI,5,"Fingerprint, Face Unlock",Single Speaker,No official IP rating,1080p@30fps,49,58,89,51,52,58,82,budget,Everyday Use
Samsung,Galaxy A14 5G,4 GB + 128 GB,14750,discontinued,new,2023,TODO_SAMSUNG_IMAGE_URL,smartphone,Galaxy A14 5G is a Samsung Galaxy smartphone from 2023 with balanced everyday features for its segment.,4,128,5000,15,60,6.6,50,"50 MP Wide, PDAF + 5 MP Ultrawide + 2 MP Macro",13,Exynos 850 / Helio G80,entry,6nm,5G,PLS LCD,FHD+,800,Android,One UI,5,"Fingerprint, Face Unlock",Single Speaker,No official IP rating,1080p@30fps,49,58,89,51,52,58,82,budget,Everyday Use
Samsung,Galaxy A14 5G,6 GB + 128 GB,16750,discontinued,new,2023,TODO_SAMSUNG_IMAGE_URL,smartphone,Galaxy A14 5G is a Samsung Galaxy smartphone from 2023 with balanced everyday features for its segment.,6,128,5000,15,60,6.6,50,"50 MP Wide, PDAF + 5 MP Ultrawide + 2 MP Macro",13,Exynos 850 / Helio G80,entry,6nm,5G,PLS LCD,FHD+,800,Android,One UI,5,"Fingerprint, Face Unlock",Single Speaker,No official IP rating,1080p@30fps,50,58,89,52,52,58,82,budget,Everyday Use
Samsung,Galaxy A14 5G,8 GB + 128 GB,18750,discontinued,new,2023,TODO_SAMSUNG_IMAGE_URL,smartphone,Galaxy A14 5G is a Samsung Galaxy smartphone from 2023 with balanced everyday features for its segment.,8,128,5000,15,60,6.6,50,"50 MP Wide, PDAF + 5 MP Ultrawide + 2 MP Macro",13,Exynos 850 / Helio G80,entry,6nm,5G,PLS LCD,FHD+,800,Android,One UI,5,"Fingerprint, Face Unlock",Single Speaker,No official IP rating,1080p@30fps,51,58,89,53,52,58,82,budget,Everyday Use
Samsung,Galaxy A24,4 GB + 128 GB,13500,discontinued,new,2023,TODO_SAMSUNG_IMAGE_URL,smartphone,Galaxy A24 is a Samsung Galaxy smartphone from 2023 with balanced everyday features for its segment.,4,128,5000,25,90,6.6,50,"50 MP Wide, PDAF, OIS + 5 MP Ultrawide + 2 MP Macro",13,Exynos 1330 / MediaTek Helio G99,midrange,6nm,4G,Super AMOLED,FHD+,1000,Android,One UI,5,"Fingerprint, Face Unlock",Single Speaker,No official IP rating,4K@30fps,65,72,89,65,78,69,86,midrange,Everyday Use
Samsung,Galaxy A24,6 GB + 128 GB,15500,discontinued,new,2023,TODO_SAMSUNG_IMAGE_URL,smartphone,Galaxy A24 is a Samsung Galaxy smartphone from 2023 with balanced everyday features for its segment.,6,128,5000,25,90,6.6,50,"50 MP Wide, PDAF, OIS + 5 MP Ultrawide + 2 MP Macro",13,Exynos 1330 / MediaTek Helio G99,midrange,6nm,4G,Super AMOLED,FHD+,1000,Android,One UI,5,"Fingerprint, Face Unlock",Single Speaker,No official IP rating,4K@30fps,66,72,89,66,78,69,86,midrange,Everyday Use
Samsung,Galaxy A24,8 GB + 128 GB,17500,discontinued,new,2023,TODO_SAMSUNG_IMAGE_URL,smartphone,Galaxy A24 is a Samsung Galaxy smartphone from 2023 with balanced everyday features for its segment.,8,128,5000,25,90,6.6,50,"50 MP Wide, PDAF, OIS + 5 MP Ultrawide + 2 MP Macro",13,Exynos 1330 / MediaTek Helio G99,midrange,6nm,4G,Super AMOLED,FHD+,1000,Android,One UI,5,"Fingerprint, Face Unlock",Single Speaker,No official IP rating,4K@30fps,67,72,89,67,78,69,86,midrange,Everyday Use
Samsung,Galaxy A34 5G,4 GB + 128 GB,17360,discontinued,new,2023,TODO_SAMSUNG_IMAGE_URL,smartphone,Galaxy A34 5G is a Samsung Galaxy smartphone from 2023 with balanced everyday features for its segment.,4,128,5000,25,120,6.6,48,"48 MP Wide, PDAF, OIS + 8 MP Ultrawide + 5 MP Macro",13,Exynos 1380,upper-midrange,6nm,5G,Super AMOLED,FHD+,1200,Android,One UI,5,"Fingerprint, Face Unlock",Stereo Speakers,IP67,4K@30fps,80,86,89,79,95,79,88,midrange,"Everyday Use, Photography Enthusiasts"
Samsung,Galaxy A34 5G,6 GB + 128 GB,19360,discontinued,new,2023,TODO_SAMSUNG_IMAGE_URL,smartphone,Galaxy A34 5G is a Samsung Galaxy smartphone from 2023 with balanced everyday features for its segment.,6,128,5000,25,120,6.6,48,"48 MP Wide, PDAF, OIS + 8 MP Ultrawide + 5 MP Macro",13,Exynos 1380,upper-midrange,6nm,5G,Super AMOLED,FHD+,1200,Android,One UI,5,"Fingerprint, Face Unlock",Stereo Speakers,IP67,4K@30fps,81,86,89,80,95,79,88,midrange,"Everyday Use, Photography Enthusiasts"
Samsung,Galaxy A34 5G,8 GB + 128 GB,21360,discontinued,new,2023,TODO_SAMSUNG_IMAGE_URL,smartphone,Galaxy A34 5G is a Samsung Galaxy smartphone from 2023 with balanced everyday features for its segment.,8,128,5000,25,120,6.6,48,"48 MP Wide, PDAF, OIS + 8 MP Ultrawide + 5 MP Macro",13,Exynos 1380,upper-midrange,6nm,5G,Super AMOLED,FHD+,1200,Android,One UI,5,"Fingerprint, Face Unlock",Stereo Speakers,IP67,4K@30fps,82,86,89,81,95,79,88,midrange,"Everyday Use, Photography Enthusiasts"
Samsung,Galaxy A34 5G,6 GB + 256 GB,23860,discontinued,new,2023,TODO_SAMSUNG_IMAGE_URL,smartphone,Galaxy A34 5G is a Samsung Galaxy smartphone from 2023 with balanced everyday features for its segment.,6,256,5000,25,120,6.6,48,"48 MP Wide, PDAF, OIS + 8 MP Ultrawide + 5 MP Macro",13,Exynos 1380,upper-midrange,6nm,5G,Super AMOLED,FHD+,1200,Android,One UI,5,"Fingerprint, Face Unlock",Stereo Speakers,IP67,4K@30fps,81,86,89,80,95,79,88,midrange,"Everyday Use, Photography Enthusiasts"
Samsung,Galaxy A34 5G,8 GB + 256 GB,25860,discontinued,new,2023,TODO_SAMSUNG_IMAGE_URL,smartphone,Galaxy A34 5G is a Samsung Galaxy smartphone from 2023 with balanced everyday features for its segment.,8,256,5000,25,120,6.6,48,"48 MP Wide, PDAF, OIS + 8 MP Ultrawide + 5 MP Macro",13,Exynos 1380,upper-midrange,6nm,5G,Super AMOLED,FHD+,1200,Android,One UI,5,"Fingerprint, Face Unlock",Stereo Speakers,IP67,4K@30fps,82,86,89,81,95,79,82,midrange,"Everyday Use, Photography Enthusiasts"
Samsung,Galaxy A54 5G,4 GB + 128 GB,14056,discontinued,new,2023,TODO_SAMSUNG_IMAGE_URL,smartphone,Galaxy A54 5G is a Samsung Galaxy smartphone from 2023 with balanced everyday features for its segment.,4,128,5000,25,120,6.6,50,"50 MP Wide, PDAF, OIS + 12 MP Ultrawide + 5 MP Macro",32,Exynos 1380,upper-midrange,6nm,5G,Super AMOLED,FHD+,1200,Android,One UI,5,"Fingerprint, Face Unlock",Stereo Speakers,IP67,4K@30fps,80,86,89,79,95,79,88,midrange,"Everyday Use, Photography Enthusiasts"
Samsung,Galaxy A54 5G,6 GB + 128 GB,16056,discontinued,new,2023,TODO_SAMSUNG_IMAGE_URL,smartphone,Galaxy A54 5G is a Samsung Galaxy smartphone from 2023 with balanced everyday features for its segment.,6,128,5000,25,120,6.6,50,"50 MP Wide, PDAF, OIS + 12 MP Ultrawide + 5 MP Macro",32,Exynos 1380,upper-midrange,6nm,5G,Super AMOLED,FHD+,1200,Android,One UI,5,"Fingerprint, Face Unlock",Stereo Speakers,IP67,4K@30fps,81,86,89,80,95,79,88,midrange,"Everyday Use, Photography Enthusiasts"
Samsung,Galaxy A54 5G,8 GB + 128 GB,18056,discontinued,new,2023,TODO_SAMSUNG_IMAGE_URL,smartphone,Galaxy A54 5G is a Samsung Galaxy smartphone from 2023 with balanced everyday features for its segment.,8,128,5000,25,120,6.6,50,"50 MP Wide, PDAF, OIS + 12 MP Ultrawide + 5 MP Macro",32,Exynos 1380,upper-midrange,6nm,5G,Super AMOLED,FHD+,1200,Android,One UI,5,"Fingerprint, Face Unlock",Stereo Speakers,IP67,4K@30fps,82,86,89,81,95,79,88,midrange,"Everyday Use, Photography Enthusiasts"
Samsung,Galaxy A54 5G,6 GB + 256 GB,20556,discontinued,new,2023,TODO_SAMSUNG_IMAGE_URL,smartphone,Galaxy A54 5G is a Samsung Galaxy smartphone from 2023 with balanced everyday features for its segment.,6,256,5000,25,120,6.6,50,"50 MP Wide, PDAF, OIS + 12 MP Ultrawide + 5 MP Macro",32,Exynos 1380,upper-midrange,6nm,5G,Super AMOLED,FHD+,1200,Android,One UI,5,"Fingerprint, Face Unlock",Stereo Speakers,IP67,4K@30fps,81,86,89,80,95,79,88,midrange,"Everyday Use, Photography Enthusiasts"
Samsung,Galaxy A54 5G,8 GB + 256 GB,22556,discontinued,new,2023,TODO_SAMSUNG_IMAGE_URL,smartphone,Galaxy A54 5G is a Samsung Galaxy smartphone from 2023 with balanced everyday features for its segment.,8,256,5000,25,120,6.6,50,"50 MP Wide, PDAF, OIS + 12 MP Ultrawide + 5 MP Macro",32,Exynos 1380,upper-midrange,6nm,5G,Super AMOLED,FHD+,1200,Android,One UI,5,"Fingerprint, Face Unlock",Stereo Speakers,IP67,4K@30fps,82,86,89,81,95,79,88,midrange,"Everyday Use, Photography Enthusiasts"
Samsung,Galaxy A05,3 GB + 32 GB,8259,in-stock,new,2024,TODO_SAMSUNG_IMAGE_URL,smartphone,Galaxy A05 is a Samsung Galaxy smartphone from 2024 with balanced everyday features for its segment.,3,32,5000,25,60,6.5,50,"50 MP Wide, AF + Auxiliary lens",8,MediaTek Helio G85 / Dimensity 6100+,entry,6nm,4G,PLS LCD,HD+,600,Android,One UI,6,"Fingerprint, Face Unlock",Single Speaker,No official IP rating,1080p@30fps,51,59,90,53,55,60,85,budget,Everyday Use
Samsung,Galaxy A05,4 GB + 64 GB,13759,in-stock,new,2024,TODO_SAMSUNG_IMAGE_URL,smartphone,Galaxy A05 is a Samsung Galaxy smartphone from 2024 with balanced everyday features for its segment.,4,64,5000,25,60,6.5,50,"50 MP Wide, AF + Auxiliary lens",8,MediaTek Helio G85 / Dimensity 6100+,entry,6nm,4G,PLS LCD,HD+,600,Android,One UI,6,"Fingerprint, Face Unlock",Single Speaker,No official IP rating,1080p@30fps,52,59,90,54,55,60,85,budget,Everyday Use
Samsung,Galaxy A05,4 GB + 128 GB,18259,in-stock,new,2024,TODO_SAMSUNG_IMAGE_URL,smartphone,Galaxy A05 is a Samsung Galaxy smartphone from 2024 with balanced everyday features for its segment.,4,128,5000,25,60,6.5,50,"50 MP Wide, AF + Auxiliary lens",8,MediaTek Helio G85 / Dimensity 6100+,entry,6nm,4G,PLS LCD,HD+,600,Android,One UI,6,"Fingerprint, Face Unlock",Single Speaker,No official IP rating,1080p@30fps,52,59,90,54,55,60,85,budget,Everyday Use
Samsung,Galaxy A05,6 GB + 128 GB,20259,in-stock,new,2024,TODO_SAMSUNG_IMAGE_URL,smartphone,Galaxy A05 is a Samsung Galaxy smartphone from 2024 with balanced everyday features for its segment.,6,128,5000,25,60,6.5,50,"50 MP Wide, AF + Auxiliary lens",8,MediaTek Helio G85 / Dimensity 6100+,entry,6nm,4G,PLS LCD,HD+,600,Android,One UI,6,"Fingerprint, Face Unlock",Single Speaker,No official IP rating,1080p@30fps,53,59,90,55,55,60,85,budget,Everyday Use
Samsung,Galaxy A05s,4 GB + 64 GB,8999,in-stock,new,2024,TODO_SAMSUNG_IMAGE_URL,smartphone,Galaxy A05s is a Samsung Galaxy smartphone from 2024 with balanced everyday features for its segment.,4,64,5000,25,90,6.6,50,"50 MP Wide, AF + 2 MP Macro + Auxiliary lens",13,MediaTek Helio G85 / Dimensity 6100+,entry,6nm,4G,Super AMOLED,FHD+,800,Android,One UI,6,"Fingerprint, Face Unlock",Single Speaker,No official IP rating,1080p@30fps,54,61,90,54,65,60,85,budget,Everyday Use
Samsung,Galaxy A05s,4 GB + 128 GB,13499,in-stock,new,2024,TODO_SAMSUNG_IMAGE_URL,smartphone,Galaxy A05s is a Samsung Galaxy smartphone from 2024 with balanced everyday features for its segment.,4,128,5000,25,90,6.6,50,"50 MP Wide, AF + 2 MP Macro + Auxiliary lens",13,MediaTek Helio G85 / Dimensity 6100+,entry,6nm,4G,Super AMOLED,FHD+,800,Android,One UI,6,"Fingerprint, Face Unlock",Single Speaker,No official IP rating,1080p@30fps,54,61,90,54,65,60,85,budget,Everyday Use
Samsung,Galaxy A05s,6 GB + 128 GB,15499,in-stock,new,2024,TODO_SAMSUNG_IMAGE_URL,smartphone,Galaxy A05s is a Samsung Galaxy smartphone from 2024 with balanced everyday features for its segment.,6,128,5000,25,90,6.6,50,"50 MP Wide, AF + 2 MP Macro + Auxiliary lens",13,MediaTek Helio G85 / Dimensity 6100+,entry,6nm,4G,Super AMOLED,FHD+,800,Android,One UI,6,"Fingerprint, Face Unlock",Single Speaker,No official IP rating,1080p@30fps,55,61,90,55,65,60,85,budget,Everyday Use
Samsung,Galaxy A06,4 GB + 64 GB,12999,in-stock,new,2024,TODO_SAMSUNG_IMAGE_URL,smartphone,Galaxy A06 is a Samsung Galaxy smartphone from 2024 with balanced everyday features for its segment.,4,64,5000,25,60,6.5,50,"50 MP Wide, PDAF + Auxiliary lens",8,MediaTek Helio G85 / Dimensity 6100+,entry,6nm,4G,PLS LCD,HD+,600,Android,One UI,6,"Fingerprint, Face Unlock",Single Speaker,No official IP rating,1080p@30fps,52,59,90,54,55,60,85,budget,Everyday Use
Samsung,Galaxy A06,4 GB + 128 GB,17499,in-stock,new,2024,TODO_SAMSUNG_IMAGE_URL,smartphone,Galaxy A06 is a Samsung Galaxy smartphone from 2024 with balanced everyday features for its segment.,4,128,5000,25,60,6.5,50,"50 MP Wide, PDAF + Auxiliary lens",8,MediaTek Helio G85 / Dimensity 6100+,entry,6nm,4G,PLS LCD,HD+,600,Android,One UI,6,"Fingerprint, Face Unlock",Single Speaker,No official IP rating,1080p@30fps,52,59,90,54,55,60,85,budget,Everyday Use
Samsung,Galaxy A06,6 GB + 128 GB,19499,in-stock,new,2024,TODO_SAMSUNG_IMAGE_URL,smartphone,Galaxy A06 is a Samsung Galaxy smartphone from 2024 with balanced everyday features for its segment.,6,128,5000,25,60,6.5,50,"50 MP Wide, PDAF + Auxiliary lens",8,MediaTek Helio G85 / Dimensity 6100+,entry,6nm,4G,PLS LCD,HD+,600,Android,One UI,6,"Fingerprint, Face Unlock",Single Speaker,No official IP rating,1080p@30fps,53,59,90,55,55,60,85,budget,Everyday Use
Samsung,Galaxy A15,4 GB + 64 GB,6834,in-stock,new,2024,TODO_SAMSUNG_IMAGE_URL,smartphone,Galaxy A15 is a Samsung Galaxy smartphone from 2024 with balanced everyday features for its segment.,4,64,5000,25,90,6.6,50,"50 MP Wide, AF + 5 MP Ultrawide + 2 MP Macro",13,MediaTek Helio G85 / Dimensity 6100+,entry,6nm,4G,Super AMOLED,FHD+,800,Android,One UI,6,"Fingerprint, Face Unlock",Single Speaker,No official IP rating,1080p@30fps,54,61,90,54,65,60,85,budget,Everyday Use
Samsung,Galaxy A15,4 GB + 128 GB,11334,in-stock,new,2024,TODO_SAMSUNG_IMAGE_URL,smartphone,Galaxy A15 is a Samsung Galaxy smartphone from 2024 with balanced everyday features for its segment.,4,128,5000,25,90,6.6,50,"50 MP Wide, AF + 5 MP Ultrawide + 2 MP Macro",13,MediaTek Helio G85 / Dimensity 6100+,entry,6nm,4G,Super AMOLED,FHD+,800,Android,One UI,6,"Fingerprint, Face Unlock",Single Speaker,No official IP rating,1080p@30fps,54,61,90,54,65,60,85,budget,Everyday Use
Samsung,Galaxy A15,6 GB + 128 GB,13334,in-stock,new,2024,TODO_SAMSUNG_IMAGE_URL,smartphone,Galaxy A15 is a Samsung Galaxy smartphone from 2024 with balanced everyday features for its segment.,6,128,5000,25,90,6.6,50,"50 MP Wide, AF + 5 MP Ultrawide + 2 MP Macro",13,MediaTek Helio G85 / Dimensity 6100+,entry,6nm,4G,Super AMOLED,FHD+,800,Android,One UI,6,"Fingerprint, Face Unlock",Single Speaker,No official IP rating,1080p@30fps,55,61,90,55,65,60,85,budget,Everyday Use
Samsung,Galaxy A15,8 GB + 128 GB,15334,in-stock,new,2024,TODO_SAMSUNG_IMAGE_URL,smartphone,Galaxy A15 is a Samsung Galaxy smartphone from 2024 with balanced everyday features for its segment.,8,128,5000,25,90,6.6,50,"50 MP Wide, AF + 5 MP Ultrawide + 2 MP Macro",13,MediaTek Helio G85 / Dimensity 6100+,entry,6nm,4G,Super AMOLED,FHD+,800,Android,One UI,6,"Fingerprint, Face Unlock",Single Speaker,No official IP rating,1080p@30fps,56,61,90,56,65,60,85,budget,Everyday Use
Samsung,Galaxy A15,8 GB + 256 GB,19834,in-stock,new,2024,TODO_SAMSUNG_IMAGE_URL,smartphone,Galaxy A15 is a Samsung Galaxy smartphone from 2024 with balanced everyday features for its segment.,8,256,5000,25,90,6.6,50,"50 MP Wide, AF + 5 MP Ultrawide + 2 MP Macro",13,MediaTek Helio G85 / Dimensity 6100+,entry,6nm,4G,Super AMOLED,FHD+,800,Android,One UI,6,"Fingerprint, Face Unlock",Single Speaker,No official IP rating,1080p@30fps,56,61,90,56,65,60,85,budget,Everyday Use
Samsung,Galaxy A15 5G,4 GB + 64 GB,6834,in-stock,new,2024,TODO_SAMSUNG_IMAGE_URL,smartphone,Galaxy A15 5G is a Samsung Galaxy smartphone from 2024 with balanced everyday features for its segment.,4,64,5000,25,90,6.6,50,"50 MP Wide, AF + 5 MP Ultrawide + 2 MP Macro",13,MediaTek Helio G85 / Dimensity 6100+,entry,6nm,5G,Super AMOLED,FHD+,800,Android,One UI,6,"Fingerprint, Face Unlock",Single Speaker,No official IP rating,1080p@30fps,54,61,90,54,65,60,85,budget,Everyday Use
Samsung,Galaxy A15 5G,4 GB + 128 GB,11334,in-stock,new,2024,TODO_SAMSUNG_IMAGE_URL,smartphone,Galaxy A15 5G is a Samsung Galaxy smartphone from 2024 with balanced everyday features for its segment.,4,128,5000,25,90,6.6,50,"50 MP Wide, AF + 5 MP Ultrawide + 2 MP Macro",13,MediaTek Helio G85 / Dimensity 6100+,entry,6nm,5G,Super AMOLED,FHD+,800,Android,One UI,6,"Fingerprint, Face Unlock",Single Speaker,No official IP rating,1080p@30fps,54,61,90,54,65,60,85,budget,Everyday Use
Samsung,Galaxy A15 5G,6 GB + 128 GB,13334,in-stock,new,2024,TODO_SAMSUNG_IMAGE_URL,smartphone,Galaxy A15 5G is a Samsung Galaxy smartphone from 2024 with balanced everyday features for its segment.,6,128,5000,25,90,6.6,50,"50 MP Wide, AF + 5 MP Ultrawide + 2 MP Macro",13,MediaTek Helio G85 / Dimensity 6100+,entry,6nm,5G,Super AMOLED,FHD+,800,Android,One UI,6,"Fingerprint, Face Unlock",Single Speaker,No official IP rating,1080p@30fps,55,61,90,55,65,60,85,budget,Everyday Use
Samsung,Galaxy A15 5G,8 GB + 128 GB,15334,in-stock,new,2024,TODO_SAMSUNG_IMAGE_URL,smartphone,Galaxy A15 5G is a Samsung Galaxy smartphone from 2024 with balanced everyday features for its segment.,8,128,5000,25,90,6.6,50,"50 MP Wide, AF + 5 MP Ultrawide + 2 MP Macro",13,MediaTek Helio G85 / Dimensity 6100+,entry,6nm,5G,Super AMOLED,FHD+,800,Android,One UI,6,"Fingerprint, Face Unlock",Single Speaker,No official IP rating,1080p@30fps,56,61,90,56,65,60,85,budget,Everyday Use
Samsung,Galaxy A15 5G,8 GB + 256 GB,19834,in-stock,new,2024,TODO_SAMSUNG_IMAGE_URL,smartphone,Galaxy A15 5G is a Samsung Galaxy smartphone from 2024 with balanced everyday features for its segment.,8,256,5000,25,90,6.6,50,"50 MP Wide, AF + 5 MP Ultrawide + 2 MP Macro",13,MediaTek Helio G85 / Dimensity 6100+,entry,6nm,5G,Super AMOLED,FHD+,800,Android,One UI,6,"Fingerprint, Face Unlock",Single Speaker,No official IP rating,1080p@30fps,56,61,90,56,65,60,85,budget,Everyday Use
Samsung,Galaxy A25 5G,4 GB + 128 GB,8143,in-stock,new,2024,TODO_SAMSUNG_IMAGE_URL,smartphone,Galaxy A25 5G is a Samsung Galaxy smartphone from 2024 with balanced everyday features for its segment.,4,128,5000,25,90,6.6,50,"50 MP Wide, PDAF, OIS + 8 MP Ultrawide + 2 MP Macro",13,Exynos 1380 / Dimensity 6100+,midrange,6nm,5G,Super AMOLED,FHD+,1000,Android,One UI,6,"Fingerprint, Face Unlock",Single Speaker,No official IP rating,4K@30fps,68,75,90,68,81,71,89,midrange,Everyday Use
Samsung,Galaxy A25 5G,6 GB + 128 GB,10143,in-stock,new,2024,TODO_SAMSUNG_IMAGE_URL,smartphone,Galaxy A25 5G is a Samsung Galaxy smartphone from 2024 with balanced everyday features for its segment.,6,128,5000,25,90,6.6,50,"50 MP Wide, PDAF, OIS + 8 MP Ultrawide + 2 MP Macro",13,Exynos 1380 / Dimensity 6100+,midrange,6nm,5G,Super AMOLED,FHD+,1000,Android,One UI,6,"Fingerprint, Face Unlock",Single Speaker,No official IP rating,4K@30fps,69,75,90,69,81,71,89,midrange,Everyday Use
Samsung,Galaxy A25 5G,8 GB + 128 GB,12143,in-stock,new,2024,TODO_SAMSUNG_IMAGE_URL,smartphone,Galaxy A25 5G is a Samsung Galaxy smartphone from 2024 with balanced everyday features for its segment.,8,128,5000,25,90,6.6,50,"50 MP Wide, PDAF, OIS + 8 MP Ultrawide + 2 MP Macro",13,Exynos 1380 / Dimensity 6100+,midrange,6nm,5G,Super AMOLED,FHD+,1000,Android,One UI,6,"Fingerprint, Face Unlock",Single Speaker,No official IP rating,4K@30fps,70,75,90,70,81,71,89,midrange,Everyday Use
Samsung,Galaxy A25 5G,6 GB + 256 GB,14643,in-stock,new,2024,TODO_SAMSUNG_IMAGE_URL,smartphone,Galaxy A25 5G is a Samsung Galaxy smartphone from 2024 with balanced everyday features for its segment.,6,256,5000,25,90,6.6,50,"50 MP Wide, PDAF, OIS + 8 MP Ultrawide + 2 MP Macro",13,Exynos 1380 / Dimensity 6100+,midrange,6nm,5G,Super AMOLED,FHD+,1000,Android,One UI,6,"Fingerprint, Face Unlock",Single Speaker,No official IP rating,4K@30fps,69,75,90,69,81,71,89,midrange,Everyday Use
Samsung,Galaxy A25 5G,8 GB + 256 GB,16643,in-stock,new,2024,TODO_SAMSUNG_IMAGE_URL,smartphone,Galaxy A25 5G is a Samsung Galaxy smartphone from 2024 with balanced everyday features for its segment.,8,256,5000,25,90,6.6,50,"50 MP Wide, PDAF, OIS + 8 MP Ultrawide + 2 MP Macro",13,Exynos 1380 / Dimensity 6100+,midrange,6nm,5G,Super AMOLED,FHD+,1000,Android,One UI,6,"Fingerprint, Face Unlock",Single Speaker,No official IP rating,4K@30fps,70,75,90,70,81,71,89,midrange,Everyday Use
Samsung,Galaxy A35 5G,4 GB + 128 GB,29899,in-stock,new,2024,TODO_SAMSUNG_IMAGE_URL,smartphone,Galaxy A35 5G is a Samsung Galaxy smartphone from 2024 with balanced everyday features for its segment.,4,128,5000,45,120,6.6,50,"50 MP Wide, PDAF, OIS + 8 MP Ultrawide + 5 MP Macro",13,Exynos 1480 / Snapdragon 7 Gen 1,upper-midrange,6nm,5G,Super AMOLED,FHD+,1600,Android,One UI,6,"Fingerprint, Face Unlock",Stereo Speakers,IP67,4K@30fps,83,89,90,82,98,81,85,midrange,"Everyday Use, Photography Enthusiasts"
Samsung,Galaxy A35 5G,6 GB + 128 GB,31899,in-stock,new,2024,TODO_SAMSUNG_IMAGE_URL,smartphone,Galaxy A35 5G is a Samsung Galaxy smartphone from 2024 with balanced everyday features for its segment.,6,128,5000,45,120,6.6,50,"50 MP Wide, PDAF, OIS + 8 MP Ultrawide + 5 MP Macro",13,Exynos 1480 / Snapdragon 7 Gen 1,upper-midrange,6nm,5G,Super AMOLED,FHD+,1600,Android,One UI,6,"Fingerprint, Face Unlock",Stereo Speakers,IP67,4K@30fps,84,89,90,83,98,81,85,midrange,"Everyday Use, Photography Enthusiasts"
Samsung,Galaxy A35 5G,8 GB + 128 GB,33899,in-stock,new,2024,TODO_SAMSUNG_IMAGE_URL,smartphone,Galaxy A35 5G is a Samsung Galaxy smartphone from 2024 with balanced everyday features for its segment.,8,128,5000,45,120,6.6,50,"50 MP Wide, PDAF, OIS + 8 MP Ultrawide + 5 MP Macro",13,Exynos 1480 / Snapdragon 7 Gen 1,upper-midrange,6nm,5G,Super AMOLED,FHD+,1600,Android,One UI,6,"Fingerprint, Face Unlock",Stereo Speakers,IP67,4K@30fps,85,89,90,84,98,81,85,midrange,"Everyday Use, Photography Enthusiasts"
Samsung,Galaxy A35 5G,6 GB + 256 GB,36399,in-stock,new,2024,TODO_SAMSUNG_IMAGE_URL,smartphone,Galaxy A35 5G is a Samsung Galaxy smartphone from 2024 with balanced everyday features for its segment.,6,256,5000,45,120,6.6,50,"50 MP Wide, PDAF, OIS + 8 MP Ultrawide + 5 MP Macro",13,Exynos 1480 / Snapdragon 7 Gen 1,upper-midrange,6nm,5G,Super AMOLED,FHD+,1600,Android,One UI,6,"Fingerprint, Face Unlock",Stereo Speakers,IP67,4K@30fps,84,89,90,83,98,81,85,midrange,"Everyday Use, Photography Enthusiasts"
Samsung,Galaxy A35 5G,8 GB + 256 GB,38399,in-stock,new,2024,TODO_SAMSUNG_IMAGE_URL,smartphone,Galaxy A35 5G is a Samsung Galaxy smartphone from 2024 with balanced everyday features for its segment.,8,256,5000,45,120,6.6,50,"50 MP Wide, PDAF, OIS + 8 MP Ultrawide + 5 MP Macro",13,Exynos 1480 / Snapdragon 7 Gen 1,upper-midrange,6nm,5G,Super AMOLED,FHD+,1600,Android,One UI,6,"Fingerprint, Face Unlock",Stereo Speakers,IP67,4K@30fps,85,89,90,84,98,81,85,midrange,"Everyday Use, Photography Enthusiasts"
Samsung,Galaxy A35 5G,12 GB + 256 GB,42399,in-stock,new,2024,TODO_SAMSUNG_IMAGE_URL,smartphone,Galaxy A35 5G is a Samsung Galaxy smartphone from 2024 with balanced everyday features for its segment.,12,256,5000,45,120,6.6,50,"50 MP Wide, PDAF, OIS + 8 MP Ultrawide + 5 MP Macro",13,Exynos 1480 / Snapdragon 7 Gen 1,upper-midrange,6nm,5G,Super AMOLED,FHD+,1600,Android,One UI,6,"Fingerprint, Face Unlock",Stereo Speakers,IP67,4K@30fps,87,89,90,86,98,81,85,midrange,"Everyday Use, Photography Enthusiasts"
Samsung,Galaxy A55 5G,6 GB + 128 GB,22055,in-stock,new,2024,TODO_SAMSUNG_IMAGE_URL,smartphone,Galaxy A55 5G is a Samsung Galaxy smartphone from 2024 with balanced everyday features for its segment.,6,128,5000,45,120,6.6,50,"50 MP Wide, PDAF, OIS + 12 MP Ultrawide + 5 MP Macro",32,Exynos 1480 / Snapdragon 7 Gen 1,upper-midrange,6nm,5G,Super AMOLED,FHD+,1600,Android,One UI,6,"Fingerprint, Face Unlock",Stereo Speakers,IP67,4K@30fps,84,89,90,83,98,81,91,midrange,"Everyday Use, Photography Enthusiasts"
Samsung,Galaxy A55 5G,8 GB + 128 GB,24055,in-stock,new,2024,TODO_SAMSUNG_IMAGE_URL,smartphone,Galaxy A55 5G is a Samsung Galaxy smartphone from 2024 with balanced everyday features for its segment.,8,128,5000,45,120,6.6,50,"50 MP Wide, PDAF, OIS + 12 MP Ultrawide + 5 MP Macro",32,Exynos 1480 / Snapdragon 7 Gen 1,upper-midrange,6nm,5G,Super AMOLED,FHD+,1600,Android,One UI,6,"Fingerprint, Face Unlock",Stereo Speakers,IP67,4K@30fps,85,89,90,84,98,81,91,midrange,"Everyday Use, Photography Enthusiasts"
Samsung,Galaxy A55 5G,6 GB + 256 GB,26555,in-stock,new,2024,TODO_SAMSUNG_IMAGE_URL,smartphone,Galaxy A55 5G is a Samsung Galaxy smartphone from 2024 with balanced everyday features for its segment.,6,256,5000,45,120,6.6,50,"50 MP Wide, PDAF, OIS + 12 MP Ultrawide + 5 MP Macro",32,Exynos 1480 / Snapdragon 7 Gen 1,upper-midrange,6nm,5G,Super AMOLED,FHD+,1600,Android,One UI,6,"Fingerprint, Face Unlock",Stereo Speakers,IP67,4K@30fps,84,89,90,83,98,81,85,midrange,"Everyday Use, Photography Enthusiasts"
Samsung,Galaxy A55 5G,8 GB + 256 GB,28555,in-stock,new,2024,TODO_SAMSUNG_IMAGE_URL,smartphone,Galaxy A55 5G is a Samsung Galaxy smartphone from 2024 with balanced everyday features for its segment.,8,256,5000,45,120,6.6,50,"50 MP Wide, PDAF, OIS + 12 MP Ultrawide + 5 MP Macro",32,Exynos 1480 / Snapdragon 7 Gen 1,upper-midrange,6nm,5G,Super AMOLED,FHD+,1600,Android,One UI,6,"Fingerprint, Face Unlock",Stereo Speakers,IP67,4K@30fps,85,89,90,84,98,81,85,midrange,"Everyday Use, Photography Enthusiasts"
Samsung,Galaxy A55 5G,12 GB + 256 GB,32555,in-stock,new,2024,TODO_SAMSUNG_IMAGE_URL,smartphone,Galaxy A55 5G is a Samsung Galaxy smartphone from 2024 with balanced everyday features for its segment.,12,256,5000,45,120,6.6,50,"50 MP Wide, PDAF, OIS + 12 MP Ultrawide + 5 MP Macro",32,Exynos 1480 / Snapdragon 7 Gen 1,upper-midrange,6nm,5G,Super AMOLED,FHD+,1600,Android,One UI,6,"Fingerprint, Face Unlock",Stereo Speakers,IP67,4K@30fps,87,89,90,86,98,81,85,midrange,"Everyday Use, Photography Enthusiasts"
Samsung,Galaxy A06 5G,4 GB + 64 GB,12999,in-stock,new,2025,TODO_SAMSUNG_IMAGE_URL,smartphone,Galaxy A06 5G is a Samsung Galaxy smartphone from 2025 with balanced everyday features for its segment.,4,64,5000,25,60,6.5,50,"50 MP Wide, PDAF + Auxiliary lens",8,Exynos 1330 / Dimensity 6300,entry,6nm,5G,PLS LCD,HD+,600,Android,One UI,7,"Fingerprint, Face Unlock",Single Speaker,No official IP rating,1080p@30fps,55,62,91,57,57,62,87,budget,Everyday Use
Samsung,Galaxy A06 5G,4 GB + 128 GB,17499,in-stock,new,2025,TODO_SAMSUNG_IMAGE_URL,smartphone,Galaxy A06 5G is a Samsung Galaxy smartphone from 2025 with balanced everyday features for its segment.,4,128,5000,25,60,6.5,50,"50 MP Wide, PDAF + Auxiliary lens",8,Exynos 1330 / Dimensity 6300,entry,6nm,5G,PLS LCD,HD+,600,Android,One UI,7,"Fingerprint, Face Unlock",Single Speaker,No official IP rating,1080p@30fps,55,62,91,57,57,62,87,budget,Everyday Use
Samsung,Galaxy A06 5G,6 GB + 128 GB,19499,in-stock,new,2025,TODO_SAMSUNG_IMAGE_URL,smartphone,Galaxy A06 5G is a Samsung Galaxy smartphone from 2025 with balanced everyday features for its segment.,6,128,5000,25,60,6.5,50,"50 MP Wide, PDAF + Auxiliary lens",8,Exynos 1330 / Dimensity 6300,entry,6nm,5G,PLS LCD,HD+,600,Android,One UI,7,"Fingerprint, Face Unlock",Single Speaker,No official IP rating,1080p@30fps,56,62,91,58,57,62,87,budget,Everyday Use
Samsung,Galaxy A07,4 GB + 64 GB,13949,in-stock,new,2025,TODO_SAMSUNG_IMAGE_URL,smartphone,Galaxy A07 is a Samsung Galaxy smartphone from 2025 with balanced everyday features for its segment.,4,64,5000,25,60,6.5,50,"50 MP Wide, PDAF + Auxiliary lens",8,Exynos 1330 / Dimensity 6300,entry,6nm,4G,PLS LCD,HD+,600,Android,One UI,7,"Fingerprint, Face Unlock",Single Speaker,No official IP rating,1080p@30fps,55,62,91,57,57,62,87,budget,Everyday Use
Samsung,Galaxy A07,4 GB + 128 GB,18449,in-stock,new,2025,TODO_SAMSUNG_IMAGE_URL,smartphone,Galaxy A07 is a Samsung Galaxy smartphone from 2025 with balanced everyday features for its segment.,4,128,5000,25,60,6.5,50,"50 MP Wide, PDAF + Auxiliary lens",8,Exynos 1330 / Dimensity 6300,entry,6nm,4G,PLS LCD,HD+,600,Android,One UI,7,"Fingerprint, Face Unlock",Single Speaker,No official IP rating,1080p@30fps,55,62,91,57,57,62,87,budget,Everyday Use
Samsung,Galaxy A07,6 GB + 128 GB,20449,in-stock,new,2025,TODO_SAMSUNG_IMAGE_URL,smartphone,Galaxy A07 is a Samsung Galaxy smartphone from 2025 with balanced everyday features for its segment.,6,128,5000,25,60,6.5,50,"50 MP Wide, PDAF + Auxiliary lens",8,Exynos 1330 / Dimensity 6300,entry,6nm,4G,PLS LCD,HD+,600,Android,One UI,7,"Fingerprint, Face Unlock",Single Speaker,No official IP rating,1080p@30fps,56,62,91,58,57,62,87,budget,Everyday Use
Samsung,Galaxy A16,4 GB + 128 GB,8715,in-stock,new,2025,TODO_SAMSUNG_IMAGE_URL,smartphone,Galaxy A16 is a Samsung Galaxy smartphone from 2025 with balanced everyday features for its segment.,4,128,5000,25,90,6.6,50,"50 MP Wide, AF + 5 MP Ultrawide + 2 MP Macro",13,Exynos 1330 / Dimensity 6300,entry,6nm,4G,Super AMOLED,FHD+,800,Android,One UI,7,"Fingerprint, Face Unlock",Single Speaker,No official IP rating,1080p@30fps,57,64,91,57,67,62,87,budget,Everyday Use
Samsung,Galaxy A16,6 GB + 128 GB,10715,in-stock,new,2025,TODO_SAMSUNG_IMAGE_URL,smartphone,Galaxy A16 is a Samsung Galaxy smartphone from 2025 with balanced everyday features for its segment.,6,128,5000,25,90,6.6,50,"50 MP Wide, AF + 5 MP Ultrawide + 2 MP Macro",13,Exynos 1330 / Dimensity 6300,entry,6nm,4G,Super AMOLED,FHD+,800,Android,One UI,7,"Fingerprint, Face Unlock",Single Speaker,No official IP rating,1080p@30fps,58,64,91,58,67,62,87,budget,Everyday Use
Samsung,Galaxy A16,8 GB + 128 GB,12715,in-stock,new,2025,TODO_SAMSUNG_IMAGE_URL,smartphone,Galaxy A16 is a Samsung Galaxy smartphone from 2025 with balanced everyday features for its segment.,8,128,5000,25,90,6.6,50,"50 MP Wide, AF + 5 MP Ultrawide + 2 MP Macro",13,Exynos 1330 / Dimensity 6300,entry,6nm,4G,Super AMOLED,FHD+,800,Android,One UI,7,"Fingerprint, Face Unlock",Single Speaker,No official IP rating,1080p@30fps,59,64,91,59,67,62,87,budget,Everyday Use
Samsung,Galaxy A16,4 GB + 256 GB,13215,in-stock,new,2025,TODO_SAMSUNG_IMAGE_URL,smartphone,Galaxy A16 is a Samsung Galaxy smartphone from 2025 with balanced everyday features for its segment.,4,256,5000,25,90,6.6,50,"50 MP Wide, AF + 5 MP Ultrawide + 2 MP Macro",13,Exynos 1330 / Dimensity 6300,entry,6nm,4G,Super AMOLED,FHD+,800,Android,One UI,7,"Fingerprint, Face Unlock",Single Speaker,No official IP rating,1080p@30fps,57,64,91,57,67,62,87,budget,Everyday Use
Samsung,Galaxy A16,6 GB + 256 GB,15215,in-stock,new,2025,TODO_SAMSUNG_IMAGE_URL,smartphone,Galaxy A16 is a Samsung Galaxy smartphone from 2025 with balanced everyday features for its segment.,6,256,5000,25,90,6.6,50,"50 MP Wide, AF + 5 MP Ultrawide + 2 MP Macro",13,Exynos 1330 / Dimensity 6300,entry,6nm,4G,Super AMOLED,FHD+,800,Android,One UI,7,"Fingerprint, Face Unlock",Single Speaker,No official IP rating,1080p@30fps,58,64,91,58,67,62,87,budget,Everyday Use
Samsung,Galaxy A16,8 GB + 256 GB,17215,in-stock,new,2025,TODO_SAMSUNG_IMAGE_URL,smartphone,Galaxy A16 is a Samsung Galaxy smartphone from 2025 with balanced everyday features for its segment.,8,256,5000,25,90,6.6,50,"50 MP Wide, AF + 5 MP Ultrawide + 2 MP Macro",13,Exynos 1330 / Dimensity 6300,entry,6nm,4G,Super AMOLED,FHD+,800,Android,One UI,7,"Fingerprint, Face Unlock",Single Speaker,No official IP rating,1080p@30fps,59,64,91,59,67,62,87,budget,Everyday Use
Samsung,Galaxy A16 5G,4 GB + 128 GB,8715,in-stock,new,2025,TODO_SAMSUNG_IMAGE_URL,smartphone,Galaxy A16 5G is a Samsung Galaxy smartphone from 2025 with balanced everyday features for its segment.,4,128,5000,25,90,6.6,50,"50 MP Wide, AF + 5 MP Ultrawide + 2 MP Macro",13,Exynos 1330 / Dimensity 6300,entry,6nm,5G,Super AMOLED,FHD+,800,Android,One UI,7,"Fingerprint, Face Unlock",Single Speaker,No official IP rating,1080p@30fps,57,64,91,57,67,62,87,budget,Everyday Use
Samsung,Galaxy A16 5G,6 GB + 128 GB,10715,in-stock,new,2025,TODO_SAMSUNG_IMAGE_URL,smartphone,Galaxy A16 5G is a Samsung Galaxy smartphone from 2025 with balanced everyday features for its segment.,6,128,5000,25,90,6.6,50,"50 MP Wide, AF + 5 MP Ultrawide + 2 MP Macro",13,Exynos 1330 / Dimensity 6300,entry,6nm,5G,Super AMOLED,FHD+,800,Android,One UI,7,"Fingerprint, Face Unlock",Single Speaker,No official IP rating,1080p@30fps,58,64,91,58,67,62,87,budget,Everyday Use
Samsung,Galaxy A16 5G,8 GB + 128 GB,12715,in-stock,new,2025,TODO_SAMSUNG_IMAGE_URL,smartphone,Galaxy A16 5G is a Samsung Galaxy smartphone from 2025 with balanced everyday features for its segment.,8,128,5000,25,90,6.6,50,"50 MP Wide, AF + 5 MP Ultrawide + 2 MP Macro",13,Exynos 1330 / Dimensity 6300,entry,6nm,5G,Super AMOLED,FHD+,800,Android,One UI,7,"Fingerprint, Face Unlock",Single Speaker,No official IP rating,1080p@30fps,59,64,91,59,67,62,87,budget,Everyday Use
Samsung,Galaxy A16 5G,4 GB + 256 GB,13215,in-stock,new,2025,TODO_SAMSUNG_IMAGE_URL,smartphone,Galaxy A16 5G is a Samsung Galaxy smartphone from 2025 with balanced everyday features for its segment.,4,256,5000,25,90,6.6,50,"50 MP Wide, AF + 5 MP Ultrawide + 2 MP Macro",13,Exynos 1330 / Dimensity 6300,entry,6nm,5G,Super AMOLED,FHD+,800,Android,One UI,7,"Fingerprint, Face Unlock",Single Speaker,No official IP rating,1080p@30fps,57,64,91,57,67,62,87,budget,Everyday Use
Samsung,Galaxy A16 5G,6 GB + 256 GB,15215,in-stock,new,2025,TODO_SAMSUNG_IMAGE_URL,smartphone,Galaxy A16 5G is a Samsung Galaxy smartphone from 2025 with balanced everyday features for its segment.,6,256,5000,25,90,6.6,50,"50 MP Wide, AF + 5 MP Ultrawide + 2 MP Macro",13,Exynos 1330 / Dimensity 6300,entry,6nm,5G,Super AMOLED,FHD+,800,Android,One UI,7,"Fingerprint, Face Unlock",Single Speaker,No official IP rating,1080p@30fps,58,64,91,58,67,62,87,budget,Everyday Use
Samsung,Galaxy A16 5G,8 GB + 256 GB,17215,in-stock,new,2025,TODO_SAMSUNG_IMAGE_URL,smartphone,Galaxy A16 5G is a Samsung Galaxy smartphone from 2025 with balanced everyday features for its segment.,8,256,5000,25,90,6.6,50,"50 MP Wide, AF + 5 MP Ultrawide + 2 MP Macro",13,Exynos 1330 / Dimensity 6300,entry,6nm,5G,Super AMOLED,FHD+,800,Android,One UI,7,"Fingerprint, Face Unlock",Single Speaker,No official IP rating,1080p@30fps,59,64,91,59,67,62,87,budget,Everyday Use
Samsung,Galaxy A26 5G,4 GB + 128 GB,13595,in-stock,new,2025,TODO_SAMSUNG_IMAGE_URL,smartphone,Galaxy A26 5G is a Samsung Galaxy smartphone from 2025 with balanced everyday features for its segment.,4,128,5000,25,90,6.6,50,"50 MP Wide, PDAF, OIS + 8 MP Ultrawide + 2 MP Macro",13,Exynos 1380 / Dimensity 6300,midrange,6nm,5G,Super AMOLED,FHD+,1000,Android,One UI,7,"Fingerprint, Face Unlock",Single Speaker,No official IP rating,4K@30fps,71,78,91,71,83,73,91,midrange,Everyday Use
Samsung,Galaxy A26 5G,6 GB + 128 GB,15595,in-stock,new,2025,TODO_SAMSUNG_IMAGE_URL,smartphone,Galaxy A26 5G is a Samsung Galaxy smartphone from 2025 with balanced everyday features for its segment.,6,128,5000,25,90,6.6,50,"50 MP Wide, PDAF, OIS + 8 MP Ultrawide + 2 MP Macro",13,Exynos 1380 / Dimensity 6300,midrange,6nm,5G,Super AMOLED,FHD+,1000,Android,One UI,7,"Fingerprint, Face Unlock",Single Speaker,No official IP rating,4K@30fps,72,78,91,72,83,73,91,midrange,Everyday Use
Samsung,Galaxy A26 5G,8 GB + 128 GB,17595,in-stock,new,2025,TODO_SAMSUNG_IMAGE_URL,smartphone,Galaxy A26 5G is a Samsung Galaxy smartphone from 2025 with balanced everyday features for its segment.,8,128,5000,25,90,6.6,50,"50 MP Wide, PDAF, OIS + 8 MP Ultrawide + 2 MP Macro",13,Exynos 1380 / Dimensity 6300,midrange,6nm,5G,Super AMOLED,FHD+,1000,Android,One UI,7,"Fingerprint, Face Unlock",Single Speaker,No official IP rating,4K@30fps,73,78,91,73,83,73,91,midrange,Everyday Use
Samsung,Galaxy A26 5G,6 GB + 256 GB,20095,in-stock,new,2025,TODO_SAMSUNG_IMAGE_URL,smartphone,Galaxy A26 5G is a Samsung Galaxy smartphone from 2025 with balanced everyday features for its segment.,6,256,5000,25,90,6.6,50,"50 MP Wide, PDAF, OIS + 8 MP Ultrawide + 2 MP Macro",13,Exynos 1380 / Dimensity 6300,midrange,6nm,5G,Super AMOLED,FHD+,1000,Android,One UI,7,"Fingerprint, Face Unlock",Single Speaker,No official IP rating,4K@30fps,72,78,91,72,83,73,91,midrange,Everyday Use
Samsung,Galaxy A26 5G,8 GB + 256 GB,22095,in-stock,new,2025,TODO_SAMSUNG_IMAGE_URL,smartphone,Galaxy A26 5G is a Samsung Galaxy smartphone from 2025 with balanced everyday features for its segment.,8,256,5000,25,90,6.6,50,"50 MP Wide, PDAF, OIS + 8 MP Ultrawide + 2 MP Macro",13,Exynos 1380 / Dimensity 6300,midrange,6nm,5G,Super AMOLED,FHD+,1000,Android,One UI,7,"Fingerprint, Face Unlock",Single Speaker,No official IP rating,4K@30fps,73,78,91,73,83,73,91,midrange,Everyday Use
Samsung,Galaxy A36 5G,6 GB + 128 GB,28499,in-stock,new,2025,TODO_SAMSUNG_IMAGE_URL,smartphone,Galaxy A36 5G is a Samsung Galaxy smartphone from 2025 with balanced everyday features for its segment.,6,128,5000,45,120,6.6,50,"50 MP Wide, PDAF, OIS + 8 MP Ultrawide + 5 MP Macro",12,Exynos 1580,upper-midrange,6nm,5G,Super AMOLED,FHD+,1600,Android,One UI,7,"Fingerprint, Face Unlock",Stereo Speakers,IP67,4K@30fps,87,92,91,86,100,83,87,midrange,"Everyday Use, Photography Enthusiasts"
Samsung,Galaxy A36 5G,8 GB + 128 GB,30499,in-stock,new,2025,TODO_SAMSUNG_IMAGE_URL,smartphone,Galaxy A36 5G is a Samsung Galaxy smartphone from 2025 with balanced everyday features for its segment.,8,128,5000,45,120,6.6,50,"50 MP Wide, PDAF, OIS + 8 MP Ultrawide + 5 MP Macro",12,Exynos 1580,upper-midrange,6nm,5G,Super AMOLED,FHD+,1600,Android,One UI,7,"Fingerprint, Face Unlock",Stereo Speakers,IP67,4K@30fps,88,92,91,87,100,83,87,midrange,"Everyday Use, Photography Enthusiasts"
Samsung,Galaxy A36 5G,6 GB + 256 GB,32999,in-stock,new,2025,TODO_SAMSUNG_IMAGE_URL,smartphone,Galaxy A36 5G is a Samsung Galaxy smartphone from 2025 with balanced everyday features for its segment.,6,256,5000,45,120,6.6,50,"50 MP Wide, PDAF, OIS + 8 MP Ultrawide + 5 MP Macro",12,Exynos 1580,upper-midrange,6nm,5G,Super AMOLED,FHD+,1600,Android,One UI,7,"Fingerprint, Face Unlock",Stereo Speakers,IP67,4K@30fps,87,92,91,86,100,83,87,midrange,"Everyday Use, Photography Enthusiasts"
Samsung,Galaxy A36 5G,8 GB + 256 GB,34999,in-stock,new,2025,TODO_SAMSUNG_IMAGE_URL,smartphone,Galaxy A36 5G is a Samsung Galaxy smartphone from 2025 with balanced everyday features for its segment.,8,256,5000,45,120,6.6,50,"50 MP Wide, PDAF, OIS + 8 MP Ultrawide + 5 MP Macro",12,Exynos 1580,upper-midrange,6nm,5G,Super AMOLED,FHD+,1600,Android,One UI,7,"Fingerprint, Face Unlock",Stereo Speakers,IP67,4K@30fps,88,92,91,87,100,83,87,midrange,"Everyday Use, Photography Enthusiasts"
Samsung,Galaxy A36 5G,12 GB + 256 GB,38999,in-stock,new,2025,TODO_SAMSUNG_IMAGE_URL,smartphone,Galaxy A36 5G is a Samsung Galaxy smartphone from 2025 with balanced everyday features for its segment.,12,256,5000,45,120,6.6,50,"50 MP Wide, PDAF, OIS + 8 MP Ultrawide + 5 MP Macro",12,Exynos 1580,upper-midrange,6nm,5G,Super AMOLED,FHD+,1600,Android,One UI,7,"Fingerprint, Face Unlock",Stereo Speakers,IP67,4K@30fps,90,92,91,89,100,83,87,midrange,"Everyday Use, Photography Enthusiasts"
Samsung,Galaxy A56 5G,6 GB + 128 GB,42999,in-stock,new,2025,TODO_SAMSUNG_IMAGE_URL,smartphone,Galaxy A56 5G is a Samsung Galaxy smartphone from 2025 with balanced everyday features for its segment.,6,128,5000,45,120,6.6,50,"50 MP Wide, PDAF, OIS + 12 MP Ultrawide + 5 MP Macro",12,Exynos 1580,upper-midrange,6nm,5G,Super AMOLED,FHD+,1600,Android,One UI,7,"Fingerprint, Face Unlock",Stereo Speakers,IP67,4K@30fps,87,92,91,86,100,83,87,midrange,"Everyday Use, Photography Enthusiasts"
Samsung,Galaxy A56 5G,8 GB + 128 GB,44999,in-stock,new,2025,TODO_SAMSUNG_IMAGE_URL,smartphone,Galaxy A56 5G is a Samsung Galaxy smartphone from 2025 with balanced everyday features for its segment.,8,128,5000,45,120,6.6,50,"50 MP Wide, PDAF, OIS + 12 MP Ultrawide + 5 MP Macro",12,Exynos 1580,upper-midrange,6nm,5G,Super AMOLED,FHD+,1600,Android,One UI,7,"Fingerprint, Face Unlock",Stereo Speakers,IP67,4K@30fps,88,92,91,87,100,83,87,midrange,"Everyday Use, Photography Enthusiasts"
Samsung,Galaxy A56 5G,6 GB + 256 GB,47499,in-stock,new,2025,TODO_SAMSUNG_IMAGE_URL,smartphone,Galaxy A56 5G is a Samsung Galaxy smartphone from 2025 with balanced everyday features for its segment.,6,256,5000,45,120,6.6,50,"50 MP Wide, PDAF, OIS + 12 MP Ultrawide + 5 MP Macro",12,Exynos 1580,upper-midrange,6nm,5G,Super AMOLED,FHD+,1600,Android,One UI,7,"Fingerprint, Face Unlock",Stereo Speakers,IP67,4K@30fps,87,92,91,86,100,83,87,midrange,"Everyday Use, Photography Enthusiasts"
Samsung,Galaxy A56 5G,8 GB + 256 GB,49499,in-stock,new,2025,TODO_SAMSUNG_IMAGE_URL,smartphone,Galaxy A56 5G is a Samsung Galaxy smartphone from 2025 with balanced everyday features for its segment.,8,256,5000,45,120,6.6,50,"50 MP Wide, PDAF, OIS + 12 MP Ultrawide + 5 MP Macro",12,Exynos 1580,upper-midrange,6nm,5G,Super AMOLED,FHD+,1600,Android,One UI,7,"Fingerprint, Face Unlock",Stereo Speakers,IP67,4K@30fps,88,92,91,87,100,83,87,midrange,"Everyday Use, Photography Enthusiasts"
Samsung,Galaxy A56 5G,12 GB + 256 GB,53499,in-stock,new,2025,TODO_SAMSUNG_IMAGE_URL,smartphone,Galaxy A56 5G is a Samsung Galaxy smartphone from 2025 with balanced everyday features for its segment.,12,256,5000,45,120,6.6,50,"50 MP Wide, PDAF, OIS + 12 MP Ultrawide + 5 MP Macro",12,Exynos 1580,upper-midrange,6nm,5G,Super AMOLED,FHD+,1600,Android,One UI,7,"Fingerprint, Face Unlock",Stereo Speakers,IP67,4K@30fps,90,92,91,89,100,83,87,midrange,"Everyday Use, Photography Enthusiasts"
Samsung,Galaxy A07 5G,4 GB + 64 GB,13949,in-stock,new,2026,TODO_SAMSUNG_IMAGE_URL,smartphone,Galaxy A07 5G is a Samsung Galaxy smartphone from 2026 with balanced everyday features for its segment.,4,64,5000,25,60,6.5,50,"50 MP Wide, PDAF + Auxiliary lens",8,MediaTek Dimensity 6300,entry,6nm,5G,PLS LCD,HD+,600,Android,One UI,8,"Fingerprint, Face Unlock",Single Speaker,No official IP rating,1080p@30fps,58,65,92,60,60,64,90,budget,Everyday Use
Samsung,Galaxy A07 5G,4 GB + 128 GB,18449,in-stock,new,2026,TODO_SAMSUNG_IMAGE_URL,smartphone,Galaxy A07 5G is a Samsung Galaxy smartphone from 2026 with balanced everyday features for its segment.,4,128,5000,25,60,6.5,50,"50 MP Wide, PDAF + Auxiliary lens",8,MediaTek Dimensity 6300,entry,6nm,5G,PLS LCD,HD+,600,Android,One UI,8,"Fingerprint, Face Unlock",Single Speaker,No official IP rating,1080p@30fps,58,65,92,60,60,64,90,budget,Everyday Use
Samsung,Galaxy A07 5G,6 GB + 128 GB,20449,in-stock,new,2026,TODO_SAMSUNG_IMAGE_URL,smartphone,Galaxy A07 5G is a Samsung Galaxy smartphone from 2026 with balanced everyday features for its segment.,6,128,5000,25,60,6.5,50,"50 MP Wide, PDAF + Auxiliary lens",8,MediaTek Dimensity 6300,entry,6nm,5G,PLS LCD,HD+,600,Android,One UI,8,"Fingerprint, Face Unlock",Single Speaker,No official IP rating,1080p@30fps,59,65,92,61,60,64,90,budget,Everyday Use
Samsung,Galaxy A17 5G,4 GB + 128 GB,12035,in-stock,new,2026,TODO_SAMSUNG_IMAGE_URL,smartphone,Galaxy A17 5G is a Samsung Galaxy smartphone from 2026 with balanced everyday features for its segment.,4,128,5000,25,90,6.6,50,"50 MP Wide, AF, OIS + 5 MP Ultrawide + 2 MP Macro",13,MediaTek Dimensity 6300,entry,6nm,5G,Super AMOLED,FHD+,800,Android,One UI,8,"Fingerprint, Face Unlock",Single Speaker,No official IP rating,1080p@30fps,60,66,92,60,70,64,90,budget,Everyday Use
Samsung,Galaxy A17 5G,6 GB + 128 GB,14035,in-stock,new,2026,TODO_SAMSUNG_IMAGE_URL,smartphone,Galaxy A17 5G is a Samsung Galaxy smartphone from 2026 with balanced everyday features for its segment.,6,128,5000,25,90,6.6,50,"50 MP Wide, AF, OIS + 5 MP Ultrawide + 2 MP Macro",13,MediaTek Dimensity 6300,entry,6nm,5G,Super AMOLED,FHD+,800,Android,One UI,8,"Fingerprint, Face Unlock",Single Speaker,No official IP rating,1080p@30fps,61,66,92,61,70,64,90,budget,Everyday Use
Samsung,Galaxy A17 5G,8 GB + 128 GB,16035,in-stock,new,2026,TODO_SAMSUNG_IMAGE_URL,smartphone,Galaxy A17 5G is a Samsung Galaxy smartphone from 2026 with balanced everyday features for its segment.,8,128,5000,25,90,6.6,50,"50 MP Wide, AF, OIS + 5 MP Ultrawide + 2 MP Macro",13,MediaTek Dimensity 6300,entry,6nm,5G,Super AMOLED,FHD+,800,Android,One UI,8,"Fingerprint, Face Unlock",Single Speaker,No official IP rating,1080p@30fps,62,66,92,62,70,64,90,budget,Everyday Use
Samsung,Galaxy A17 5G,4 GB + 256 GB,16535,in-stock,new,2026,TODO_SAMSUNG_IMAGE_URL,smartphone,Galaxy A17 5G is a Samsung Galaxy smartphone from 2026 with balanced everyday features for its segment.,4,256,5000,25,90,6.6,50,"50 MP Wide, AF, OIS + 5 MP Ultrawide + 2 MP Macro",13,MediaTek Dimensity 6300,entry,6nm,5G,Super AMOLED,FHD+,800,Android,One UI,8,"Fingerprint, Face Unlock",Single Speaker,No official IP rating,1080p@30fps,60,66,92,60,70,64,90,budget,Everyday Use
Samsung,Galaxy A17 5G,8 GB + 256 GB,20535,in-stock,new,2026,TODO_SAMSUNG_IMAGE_URL,smartphone,Galaxy A17 5G is a Samsung Galaxy smartphone from 2026 with balanced everyday features for its segment.,8,256,5000,25,90,6.6,50,"50 MP Wide, AF, OIS + 5 MP Ultrawide + 2 MP Macro",13,MediaTek Dimensity 6300,entry,6nm,5G,Super AMOLED,FHD+,800,Android,One UI,8,"Fingerprint, Face Unlock",Single Speaker,No official IP rating,1080p@30fps,62,66,92,62,70,64,90,budget,Everyday Use
Samsung,Galaxy A37 5G,6 GB + 128 GB,32390,in-stock,new,2026,TODO_SAMSUNG_IMAGE_URL,smartphone,Galaxy A37 5G is a Samsung Galaxy smartphone from 2026 with balanced everyday features for its segment.,6,128,5000,45,120,6.6,50,"50 MP Wide, PDAF, OIS + 8 MP Ultrawide + 5 MP Macro",12,Exynos 1680,upper-midrange,6nm,5G,Super AMOLED,FHD+,1600,Android,One UI,8,"Fingerprint, Face Unlock",Stereo Speakers,IP67,4K@30fps,90,94,92,89,100,85,90,midrange,"Everyday Use, Photography Enthusiasts"
Samsung,Galaxy A37 5G,8 GB + 128 GB,34390,in-stock,new,2026,TODO_SAMSUNG_IMAGE_URL,smartphone,Galaxy A37 5G is a Samsung Galaxy smartphone from 2026 with balanced everyday features for its segment.,8,128,5000,45,120,6.6,50,"50 MP Wide, PDAF, OIS + 8 MP Ultrawide + 5 MP Macro",12,Exynos 1680,upper-midrange,6nm,5G,Super AMOLED,FHD+,1600,Android,One UI,8,"Fingerprint, Face Unlock",Stereo Speakers,IP67,4K@30fps,91,94,92,90,100,85,90,midrange,"Everyday Use, Photography Enthusiasts"
Samsung,Galaxy A37 5G,8 GB + 256 GB,38890,in-stock,new,2026,TODO_SAMSUNG_IMAGE_URL,smartphone,Galaxy A37 5G is a Samsung Galaxy smartphone from 2026 with balanced everyday features for its segment.,8,256,5000,45,120,6.6,50,"50 MP Wide, PDAF, OIS + 8 MP Ultrawide + 5 MP Macro",12,Exynos 1680,upper-midrange,6nm,5G,Super AMOLED,FHD+,1600,Android,One UI,8,"Fingerprint, Face Unlock",Stereo Speakers,IP67,4K@30fps,91,94,92,90,100,85,90,midrange,"Everyday Use, Photography Enthusiasts"
Samsung,Galaxy A37 5G,12 GB + 256 GB,42890,in-stock,new,2026,TODO_SAMSUNG_IMAGE_URL,smartphone,Galaxy A37 5G is a Samsung Galaxy smartphone from 2026 with balanced everyday features for its segment.,12,256,5000,45,120,6.6,50,"50 MP Wide, PDAF, OIS + 8 MP Ultrawide + 5 MP Macro",12,Exynos 1680,upper-midrange,6nm,5G,Super AMOLED,FHD+,1600,Android,One UI,8,"Fingerprint, Face Unlock",Stereo Speakers,IP67,4K@30fps,93,94,92,92,100,85,90,midrange,"Everyday Use, Photography Enthusiasts"
Samsung,Galaxy A57 5G,8 GB + 128 GB,44200,in-stock,new,2026,TODO_SAMSUNG_IMAGE_URL,smartphone,Galaxy A57 5G is a Samsung Galaxy smartphone from 2026 with balanced everyday features for its segment.,8,128,5000,45,120,6.6,50,"50 MP Wide, PDAF, OIS + 12 MP Ultrawide + 5 MP Macro",12,Exynos 1680,upper-midrange,6nm,5G,Super AMOLED,FHD+,1600,Android,One UI,8,"Fingerprint, Face Unlock",Stereo Speakers,IP67,4K@30fps,91,94,92,90,100,85,90,midrange,"Everyday Use, Photography Enthusiasts"
Samsung,Galaxy A57 5G,8 GB + 256 GB,48700,in-stock,new,2026,TODO_SAMSUNG_IMAGE_URL,smartphone,Galaxy A57 5G is a Samsung Galaxy smartphone from 2026 with balanced everyday features for its segment.,8,256,5000,45,120,6.6,50,"50 MP Wide, PDAF, OIS + 12 MP Ultrawide + 5 MP Macro",12,Exynos 1680,upper-midrange,6nm,5G,Super AMOLED,FHD+,1600,Android,One UI,8,"Fingerprint, Face Unlock",Stereo Speakers,IP67,4K@30fps,91,94,92,90,100,85,90,midrange,"Everyday Use, Photography Enthusiasts"
Samsung,Galaxy A57 5G,12 GB + 256 GB,52700,in-stock,new,2026,TODO_SAMSUNG_IMAGE_URL,smartphone,Galaxy A57 5G is a Samsung Galaxy smartphone from 2026 with balanced everyday features for its segment.,12,256,5000,45,120,6.6,50,"50 MP Wide, PDAF, OIS + 12 MP Ultrawide + 5 MP Macro",12,Exynos 1680,upper-midrange,6nm,5G,Super AMOLED,FHD+,1600,Android,One UI,8,"Fingerprint, Face Unlock",Stereo Speakers,IP67,4K@30fps,93,94,92,92,100,85,90,midrange,"Everyday Use, Photography Enthusiasts"
Samsung,Galaxy A57 5G,12 GB + 512 GB,57200,in-stock,new,2026,TODO_SAMSUNG_IMAGE_URL,smartphone,Galaxy A57 5G is a Samsung Galaxy smartphone from 2026 with balanced everyday features for its segment.,12,512,5000,45,120,6.6,50,"50 MP Wide, PDAF, OIS + 12 MP Ultrawide + 5 MP Macro",12,Exynos 1680,upper-midrange,6nm,5G,Super AMOLED,FHD+,1600,Android,One UI,8,"Fingerprint, Face Unlock",Stereo Speakers,IP67,4K@30fps,93,94,92,92,100,85,90,midrange,"Everyday Use, Photography Enthusiasts"
Samsung,Galaxy M10,2 GB + 16 GB,21600,discontinued,refurbished,2019,TODO_SAMSUNG_IMAGE_URL,smartphone,Galaxy M10 is a Samsung Galaxy smartphone from 2019 with balanced everyday features for its segment.,2,16,2600,15,60,6.5,13,"13 MP Wide, PDAF + 5 MP Ultrawide",5,Exynos 7884 / Helio P22,entry,8nm,4G,PLS LCD,HD+,600,Android,One UI,1,"Fingerprint, Face Unlock",Single Speaker,No official IP rating,1080p@30fps,35,39,64,37,43,49,71,budget,Everyday Use
Samsung,Galaxy M10,3 GB + 32 GB,27100,discontinued,refurbished,2019,TODO_SAMSUNG_IMAGE_URL,smartphone,Galaxy M10 is a Samsung Galaxy smartphone from 2019 with balanced everyday features for its segment.,3,32,2600,15,60,6.5,13,"13 MP Wide, PDAF + 5 MP Ultrawide",5,Exynos 7884 / Helio P22,entry,8nm,4G,PLS LCD,HD+,600,Android,One UI,1,"Fingerprint, Face Unlock",Single Speaker,No official IP rating,1080p@30fps,36,39,64,38,43,49,65,budget,Everyday Use
Samsung,Galaxy M20,3 GB + 32 GB,36000,discontinued,refurbished,2019,TODO_SAMSUNG_IMAGE_URL,smartphone,Galaxy M20 is a Samsung Galaxy smartphone from 2019 with balanced everyday features for its segment.,3,32,5000,15,60,6.6,13,"13 MP Main, PDAF + 5 MP Ultrawide",8,Exynos 7884 / Helio P22,entry,8nm,4G,PLS LCD,FHD+,800,Android,One UI,1,"Fingerprint, Face Unlock",Single Speaker,No official IP rating,1080p@30fps,36,39,84,38,43,49,65,budget,Everyday Use
Samsung,Galaxy M20,4 GB + 64 GB,41500,discontinued,refurbished,2019,TODO_SAMSUNG_IMAGE_URL,smartphone,Galaxy M20 is a Samsung Galaxy smartphone from 2019 with balanced everyday features for its segment.,4,64,5000,15,60,6.6,13,"13 MP Main, PDAF + 5 MP Ultrawide",8,Exynos 7884 / Helio P22,entry,8nm,4G,PLS LCD,FHD+,800,Android,One UI,1,"Fingerprint, Face Unlock",Single Speaker,No official IP rating,1080p@30fps,36,39,84,38,43,49,65,budget,Everyday Use
Samsung,Galaxy M30,3 GB + 32 GB,23400,discontinued,refurbished,2019,TODO_SAMSUNG_IMAGE_URL,smartphone,Galaxy M30 is a Samsung Galaxy smartphone from 2019 with balanced everyday features for its segment.,3,32,5000,15,60,6.6,13,"13 MP Main, PDAF + 5 MP Ultrawide + Auxiliary lens",16,Exynos 7904 / Snapdragon 675,midrange,8nm,4G,Super AMOLED,FHD+,1000,Android,One UI,1,"Fingerprint, Face Unlock",Single Speaker,No official IP rating,4K@30fps,50,54,84,52,67,60,77,midrange,Everyday Use
Samsung,Galaxy M30,4 GB + 32 GB,24400,discontinued,refurbished,2019,TODO_SAMSUNG_IMAGE_URL,smartphone,Galaxy M30 is a Samsung Galaxy smartphone from 2019 with balanced everyday features for its segment.,4,32,5000,15,60,6.6,13,"13 MP Main, PDAF + 5 MP Ultrawide + Auxiliary lens",16,Exynos 7904 / Snapdragon 675,midrange,8nm,4G,Super AMOLED,FHD+,1000,Android,One UI,1,"Fingerprint, Face Unlock",Single Speaker,No official IP rating,4K@30fps,50,54,84,52,67,60,77,midrange,Everyday Use
Samsung,Galaxy M30,4 GB + 64 GB,28900,discontinued,refurbished,2019,TODO_SAMSUNG_IMAGE_URL,smartphone,Galaxy M30 is a Samsung Galaxy smartphone from 2019 with balanced everyday features for its segment.,4,64,5000,15,60,6.6,13,"13 MP Main, PDAF + 5 MP Ultrawide + Auxiliary lens",16,Exynos 7904 / Snapdragon 675,midrange,8nm,4G,Super AMOLED,FHD+,1000,Android,One UI,1,"Fingerprint, Face Unlock",Single Speaker,No official IP rating,4K@30fps,50,54,84,52,67,60,71,midrange,Everyday Use
Samsung,Galaxy M30,6 GB + 64 GB,30900,discontinued,refurbished,2019,TODO_SAMSUNG_IMAGE_URL,smartphone,Galaxy M30 is a Samsung Galaxy smartphone from 2019 with balanced everyday features for its segment.,6,64,5000,15,60,6.6,13,"13 MP Main, PDAF + 5 MP Ultrawide + Auxiliary lens",16,Exynos 7904 / Snapdragon 675,midrange,8nm,4G,Super AMOLED,FHD+,1000,Android,One UI,1,"Fingerprint, Face Unlock",Single Speaker,No official IP rating,4K@30fps,51,54,84,53,67,60,71,midrange,Everyday Use
Samsung,Galaxy M30,6 GB + 128 GB,35400,discontinued,refurbished,2019,TODO_SAMSUNG_IMAGE_URL,smartphone,Galaxy M30 is a Samsung Galaxy smartphone from 2019 with balanced everyday features for its segment.,6,128,5000,15,60,6.6,13,"13 MP Main, PDAF + 5 MP Ultrawide + Auxiliary lens",16,Exynos 7904 / Snapdragon 675,midrange,8nm,4G,Super AMOLED,FHD+,1000,Android,One UI,1,"Fingerprint, Face Unlock",Single Speaker,No official IP rating,4K@30fps,51,54,84,53,67,60,71,midrange,Everyday Use
Samsung,Galaxy M30s,4 GB + 64 GB,23400,discontinued,refurbished,2019,TODO_SAMSUNG_IMAGE_URL,smartphone,Galaxy M30s is a Samsung Galaxy smartphone from 2019 with balanced everyday features for its segment.,4,64,5000,15,60,6.6,48,"48 MP Wide, PDAF + 8 MP Ultrawide + Auxiliary lens",16,Exynos 7904 / Snapdragon 675,midrange,8nm,4G,Super AMOLED,FHD+,1000,Android,One UI,1,"Fingerprint, Face Unlock",Single Speaker,No official IP rating,4K@30fps,50,62,84,52,67,60,77,midrange,Everyday Use
Samsung,Galaxy M30s,4 GB + 128 GB,27900,discontinued,refurbished,2019,TODO_SAMSUNG_IMAGE_URL,smartphone,Galaxy M30s is a Samsung Galaxy smartphone from 2019 with balanced everyday features for its segment.,4,128,5000,15,60,6.6,48,"48 MP Wide, PDAF + 8 MP Ultrawide + Auxiliary lens",16,Exynos 7904 / Snapdragon 675,midrange,8nm,4G,Super AMOLED,FHD+,1000,Android,One UI,1,"Fingerprint, Face Unlock",Single Speaker,No official IP rating,4K@30fps,50,62,84,52,67,60,71,midrange,Everyday Use
Samsung,Galaxy M30s,6 GB + 128 GB,29900,discontinued,refurbished,2019,TODO_SAMSUNG_IMAGE_URL,smartphone,Galaxy M30s is a Samsung Galaxy smartphone from 2019 with balanced everyday features for its segment.,6,128,5000,15,60,6.6,48,"48 MP Wide, PDAF + 8 MP Ultrawide + Auxiliary lens",16,Exynos 7904 / Snapdragon 675,midrange,8nm,4G,Super AMOLED,FHD+,1000,Android,One UI,1,"Fingerprint, Face Unlock",Single Speaker,No official IP rating,4K@30fps,51,62,84,53,67,60,71,midrange,Everyday Use
Samsung,Galaxy M40,4 GB + 64 GB,18000,discontinued,refurbished,2019,TODO_SAMSUNG_IMAGE_URL,smartphone,Galaxy M40 is a Samsung Galaxy smartphone from 2019 with balanced everyday features for its segment.,4,64,5000,15,60,6.6,32,"32 MP Wide, PDAF + 8 MP Ultrawide, PDAF + Auxiliary lens",16,Exynos 7904 / Snapdragon 675,midrange,8nm,4G,Super AMOLED,FHD+,1000,Android,One UI,1,"Fingerprint, Face Unlock",Single Speaker,No official IP rating,4K@30fps,50,59,84,52,67,60,75,midrange,Everyday Use
Samsung,Galaxy M40,6 GB + 128 GB,24500,discontinued,refurbished,2019,TODO_SAMSUNG_IMAGE_URL,smartphone,Galaxy M40 is a Samsung Galaxy smartphone from 2019 with balanced everyday features for its segment.,6,128,5000,15,60,6.6,32,"32 MP Wide, PDAF + 8 MP Ultrawide, PDAF + Auxiliary lens",16,Exynos 7904 / Snapdragon 675,midrange,8nm,4G,Super AMOLED,FHD+,1000,Android,One UI,1,"Fingerprint, Face Unlock",Single Speaker,No official IP rating,4K@30fps,51,59,84,53,67,60,75,midrange,Everyday Use
Samsung,Galaxy M01,3 GB + 32 GB,9900,discontinued,refurbished,2020,TODO_SAMSUNG_IMAGE_URL,smartphone,Galaxy M01 is a Samsung Galaxy smartphone from 2020 with balanced everyday features for its segment.,3,32,5000,15,60,6.5,13,"13 MP Wide, AF + Auxiliary lens",5,Snapdragon 450 / MediaTek MT6739,entry,8nm,4G,PLS LCD,HD+,600,Android,One UI,2,"Fingerprint, Face Unlock",Single Speaker,No official IP rating,1080p@30fps,39,41,85,41,45,51,73,budget,Everyday Use
Samsung,Galaxy M01 Core,1 GB + 16 GB,5400,discontinued,refurbished,2020,TODO_SAMSUNG_IMAGE_URL,smartphone,Galaxy M01 Core is a Samsung Galaxy smartphone from 2020 with balanced everyday features for its segment.,1,16,5000,15,60,6.5,8,"8 MP Main, AF",5,Snapdragon 450 / MediaTek MT6739,entry,8nm,4G,PLS LCD,HD+,600,Android,One UI,2,"Fingerprint, Face Unlock",Single Speaker,No official IP rating,1080p@30fps,38,39,85,40,45,51,73,budget,Everyday Use
Samsung,Galaxy M01 Core,2 GB + 32 GB,10900,discontinued,refurbished,2020,TODO_SAMSUNG_IMAGE_URL,smartphone,Galaxy M01 Core is a Samsung Galaxy smartphone from 2020 with balanced everyday features for its segment.,2,32,5000,15,60,6.5,8,"8 MP Main, AF",5,Snapdragon 450 / MediaTek MT6739,entry,8nm,4G,PLS LCD,HD+,600,Android,One UI,2,"Fingerprint, Face Unlock",Single Speaker,No official IP rating,1080p@30fps,38,39,85,40,45,51,73,budget,Everyday Use
Samsung,Galaxy M11,3 GB + 32 GB,9900,discontinued,refurbished,2020,TODO_SAMSUNG_IMAGE_URL,smartphone,Galaxy M11 is a Samsung Galaxy smartphone from 2020 with balanced everyday features for its segment.,3,32,5000,15,60,6.6,13,"13 MP Wide, PDAF + 5 MP Ultrawide + Auxiliary lens",8,Snapdragon 450 / MediaTek MT6739,entry,8nm,4G,PLS LCD,FHD+,800,Android,One UI,2,"Fingerprint, Face Unlock",Single Speaker,No official IP rating,1080p@30fps,39,43,85,41,45,51,73,budget,Everyday Use
Samsung,Galaxy M11,4 GB + 64 GB,15400,discontinued,refurbished,2020,TODO_SAMSUNG_IMAGE_URL,smartphone,Galaxy M11 is a Samsung Galaxy smartphone from 2020 with balanced everyday features for its segment.,4,64,5000,15,60,6.6,13,"13 MP Wide, PDAF + 5 MP Ultrawide + Auxiliary lens",8,Snapdragon 450 / MediaTek MT6739,entry,8nm,4G,PLS LCD,FHD+,800,Android,One UI,2,"Fingerprint, Face Unlock",Single Speaker,No official IP rating,1080p@30fps,39,43,85,41,45,51,73,budget,Everyday Use
Samsung,Galaxy M21,4 GB + 64 GB,17100,discontinued,refurbished,2020,TODO_SAMSUNG_IMAGE_URL,smartphone,Galaxy M21 is a Samsung Galaxy smartphone from 2020 with balanced everyday features for its segment.,4,64,5000,15,60,6.6,48,"48 MP Wide, PDAF + 8 MP Ultrawide + Auxiliary lens",20,Snapdragon 450 / MediaTek MT6739,entry,8nm,4G,PLS LCD,FHD+,800,Android,One UI,2,"Fingerprint, Face Unlock",Single Speaker,No official IP rating,1080p@30fps,39,50,85,41,45,51,73,budget,Everyday Use
Samsung,Galaxy M21,6 GB + 128 GB,23600,discontinued,refurbished,2020,TODO_SAMSUNG_IMAGE_URL,smartphone,Galaxy M21 is a Samsung Galaxy smartphone from 2020 with balanced everyday features for its segment.,6,128,5000,15,60,6.6,48,"48 MP Wide, PDAF + 8 MP Ultrawide + Auxiliary lens",20,Snapdragon 450 / MediaTek MT6739,entry,8nm,4G,PLS LCD,FHD+,800,Android,One UI,2,"Fingerprint, Face Unlock",Single Speaker,No official IP rating,1080p@30fps,40,50,85,42,45,51,73,budget,Everyday Use
Samsung,Galaxy M31,6 GB + 64 GB,27900,discontinued,refurbished,2020,TODO_SAMSUNG_IMAGE_URL,smartphone,Galaxy M31 is a Samsung Galaxy smartphone from 2020 with balanced everyday features for its segment.,6,64,5000,15,60,6.6,64,"64 MP Wide, PDAF + 8 MP Ultrawide + 5 MP Macro + Auxiliary lens",32,Exynos 9611 / MediaTek Helio P65,midrange,8nm,4G,Super AMOLED,FHD+,1000,Android,One UI,2,"Fingerprint, Face Unlock",Single Speaker,No official IP rating,4K@30fps,54,67,85,56,69,62,73,midrange,Everyday Use
Samsung,Galaxy M31,6 GB + 128 GB,32400,discontinued,refurbished,2020,TODO_SAMSUNG_IMAGE_URL,smartphone,Galaxy M31 is a Samsung Galaxy smartphone from 2020 with balanced everyday features for its segment.,6,128,5000,15,60,6.6,64,"64 MP Wide, PDAF + 8 MP Ultrawide + 5 MP Macro + Auxiliary lens",32,Exynos 9611 / MediaTek Helio P65,midrange,8nm,4G,Super AMOLED,FHD+,1000,Android,One UI,2,"Fingerprint, Face Unlock",Single Speaker,No official IP rating,4K@30fps,54,67,85,56,69,62,73,midrange,Everyday Use
Samsung,Galaxy M31,8 GB + 128 GB,34400,discontinued,refurbished,2020,TODO_SAMSUNG_IMAGE_URL,smartphone,Galaxy M31 is a Samsung Galaxy smartphone from 2020 with balanced everyday features for its segment.,8,128,5000,15,60,6.6,64,"64 MP Wide, PDAF + 8 MP Ultrawide + 5 MP Macro + Auxiliary lens",32,Exynos 9611 / MediaTek Helio P65,midrange,8nm,4G,Super AMOLED,FHD+,1000,Android,One UI,2,"Fingerprint, Face Unlock",Single Speaker,No official IP rating,4K@30fps,55,67,85,57,69,62,73,midrange,Everyday Use
Samsung,Galaxy M31s,6 GB + 128 GB,27000,discontinued,refurbished,2020,TODO_SAMSUNG_IMAGE_URL,smartphone,Galaxy M31s is a Samsung Galaxy smartphone from 2020 with balanced everyday features for its segment.,6,128,5000,15,60,6.6,64,"64 MP Wide, PDAF + 12 MP Ultrawide + 5 MP Macro + Auxiliary lens",32,Exynos 9611 / MediaTek Helio P65,midrange,8nm,4G,Super AMOLED,FHD+,1000,Android,One UI,2,"Fingerprint, Face Unlock",Single Speaker,No official IP rating,4K@30fps,54,67,85,56,69,62,71,midrange,Everyday Use
Samsung,Galaxy M31s,8 GB + 128 GB,29000,discontinued,refurbished,2020,TODO_SAMSUNG_IMAGE_URL,smartphone,Galaxy M31s is a Samsung Galaxy smartphone from 2020 with balanced everyday features for its segment.,8,128,5000,15,60,6.6,64,"64 MP Wide, PDAF + 12 MP Ultrawide + 5 MP Macro + Auxiliary lens",32,Exynos 9611 / MediaTek Helio P65,midrange,8nm,4G,Super AMOLED,FHD+,1000,Android,One UI,2,"Fingerprint, Face Unlock",Single Speaker,No official IP rating,4K@30fps,55,67,85,57,69,62,71,midrange,Everyday Use
Samsung,Galaxy M51,6 GB + 128 GB,42300,discontinued,refurbished,2020,TODO_SAMSUNG_IMAGE_URL,smartphone,Galaxy M51 is a Samsung Galaxy smartphone from 2020 with balanced everyday features for its segment.,6,128,5000,25,60,6.6,64,"64 MP Wide, PDAF + 12 MP Ultrawide + 5 MP Macro + Auxiliary lens",32,Exynos 980 / Snapdragon 730,upper-midrange,8nm,4G,Super AMOLED,FHD+,1200,Android,One UI,2,"Fingerprint, Face Unlock",Single Speaker,No official IP rating,4K@30fps,66,81,85,70,83,72,73,midrange,"Everyday Use, Photography Enthusiasts"
Samsung,Galaxy M51,8 GB + 128 GB,44300,discontinued,refurbished,2020,TODO_SAMSUNG_IMAGE_URL,smartphone,Galaxy M51 is a Samsung Galaxy smartphone from 2020 with balanced everyday features for its segment.,8,128,5000,25,60,6.6,64,"64 MP Wide, PDAF + 12 MP Ultrawide + 5 MP Macro + Auxiliary lens",32,Exynos 980 / Snapdragon 730,upper-midrange,8nm,4G,Super AMOLED,FHD+,1200,Android,One UI,2,"Fingerprint, Face Unlock",Single Speaker,No official IP rating,4K@30fps,67,81,85,71,83,72,73,midrange,"Everyday Use, Photography Enthusiasts"
Samsung,Galaxy M02,2 GB + 32 GB,7200,discontinued,new,2021,TODO_SAMSUNG_IMAGE_URL,smartphone,Galaxy M02 is a Samsung Galaxy smartphone from 2021 with balanced everyday features for its segment.,2,32,5000,15,60,6.5,13,"13 MP Wide, AF + 2 MP Macro",5,MediaTek Helio P35,entry,6nm,4G,PLS LCD,HD+,600,Android,One UI,3,"Fingerprint, Face Unlock",Single Speaker,No official IP rating,1080p@30fps,41,44,86,43,48,53,76,budget,Everyday Use
Samsung,Galaxy M02,3 GB + 32 GB,8200,discontinued,new,2021,TODO_SAMSUNG_IMAGE_URL,smartphone,Galaxy M02 is a Samsung Galaxy smartphone from 2021 with balanced everyday features for its segment.,3,32,5000,15,60,6.5,13,"13 MP Wide, AF + 2 MP Macro",5,MediaTek Helio P35,entry,6nm,4G,PLS LCD,HD+,600,Android,One UI,3,"Fingerprint, Face Unlock",Single Speaker,No official IP rating,1080p@30fps,42,44,86,44,48,53,76,budget,Everyday Use
Samsung,Galaxy M02s,3 GB + 32 GB,9000,discontinued,new,2021,TODO_SAMSUNG_IMAGE_URL,smartphone,Galaxy M02s is a Samsung Galaxy smartphone from 2021 with balanced everyday features for its segment.,3,32,5000,15,60,6.5,13,"13 MP Wide, AF + 2 MP Macro + Auxiliary lens",5,MediaTek Helio P35,entry,6nm,4G,PLS LCD,HD+,600,Android,One UI,3,"Fingerprint, Face Unlock",Single Speaker,No official IP rating,1080p@30fps,42,45,86,44,48,53,76,budget,Everyday Use
Samsung,Galaxy M02s,4 GB + 64 GB,14500,discontinued,new,2021,TODO_SAMSUNG_IMAGE_URL,smartphone,Galaxy M02s is a Samsung Galaxy smartphone from 2021 with balanced everyday features for its segment.,4,64,5000,15,60,6.5,13,"13 MP Wide, AF + 2 MP Macro + Auxiliary lens",5,MediaTek Helio P35,entry,6nm,4G,PLS LCD,HD+,600,Android,One UI,3,"Fingerprint, Face Unlock",Single Speaker,No official IP rating,1080p@30fps,42,45,86,44,48,53,76,budget,Everyday Use
Samsung,Galaxy M12,3 GB + 32 GB,15300,discontinued,new,2021,TODO_SAMSUNG_IMAGE_URL,smartphone,Galaxy M12 is a Samsung Galaxy smartphone from 2021 with balanced everyday features for its segment.,3,32,5000,15,60,6.6,48,"48 MP Wide, PDAF + 5 MP Ultrawide + 2 MP Macro + Auxiliary lens",8,MediaTek Helio P35,entry,6nm,4G,PLS LCD,FHD+,800,Android,One UI,3,"Fingerprint, Face Unlock",Single Speaker,No official IP rating,1080p@30fps,42,54,86,44,48,53,78,budget,Everyday Use
Samsung,Galaxy M12,4 GB + 32 GB,16300,discontinued,new,2021,TODO_SAMSUNG_IMAGE_URL,smartphone,Galaxy M12 is a Samsung Galaxy smartphone from 2021 with balanced everyday features for its segment.,4,32,5000,15,60,6.6,48,"48 MP Wide, PDAF + 5 MP Ultrawide + 2 MP Macro + Auxiliary lens",8,MediaTek Helio P35,entry,6nm,4G,PLS LCD,FHD+,800,Android,One UI,3,"Fingerprint, Face Unlock",Single Speaker,No official IP rating,1080p@30fps,42,54,86,44,48,53,78,budget,Everyday Use
Samsung,Galaxy M12,4 GB + 64 GB,20800,discontinued,new,2021,TODO_SAMSUNG_IMAGE_URL,smartphone,Galaxy M12 is a Samsung Galaxy smartphone from 2021 with balanced everyday features for its segment.,4,64,5000,15,60,6.6,48,"48 MP Wide, PDAF + 5 MP Ultrawide + 2 MP Macro + Auxiliary lens",8,MediaTek Helio P35,entry,6nm,4G,PLS LCD,FHD+,800,Android,One UI,3,"Fingerprint, Face Unlock",Single Speaker,No official IP rating,1080p@30fps,42,54,86,44,48,53,78,budget,Everyday Use
Samsung,Galaxy M12,4 GB + 128 GB,25300,discontinued,new,2021,TODO_SAMSUNG_IMAGE_URL,smartphone,Galaxy M12 is a Samsung Galaxy smartphone from 2021 with balanced everyday features for its segment.,4,128,5000,15,60,6.6,48,"48 MP Wide, PDAF + 5 MP Ultrawide + 2 MP Macro + Auxiliary lens",8,MediaTek Helio P35,entry,6nm,4G,PLS LCD,FHD+,800,Android,One UI,3,"Fingerprint, Face Unlock",Single Speaker,No official IP rating,1080p@30fps,42,54,86,44,48,53,72,budget,Everyday Use
Samsung,Galaxy M22,4 GB + 64 GB,20700,discontinued,new,2021,TODO_SAMSUNG_IMAGE_URL,smartphone,Galaxy M22 is a Samsung Galaxy smartphone from 2021 with balanced everyday features for its segment.,4,64,5000,15,60,6.6,48,"48 MP Wide, PDAF, OIS + 8 MP Ultrawide + 2 MP Macro + Auxiliary lens",13,MediaTek Helio P35,entry,6nm,4G,PLS LCD,FHD+,800,Android,One UI,3,"Fingerprint, Face Unlock",Single Speaker,No official IP rating,1080p@30fps,42,54,86,44,48,53,78,budget,Everyday Use
Samsung,Galaxy M22,4 GB + 128 GB,25200,discontinued,new,2021,TODO_SAMSUNG_IMAGE_URL,smartphone,Galaxy M22 is a Samsung Galaxy smartphone from 2021 with balanced everyday features for its segment.,4,128,5000,15,60,6.6,48,"48 MP Wide, PDAF, OIS + 8 MP Ultrawide + 2 MP Macro + Auxiliary lens",13,MediaTek Helio P35,entry,6nm,4G,PLS LCD,FHD+,800,Android,One UI,3,"Fingerprint, Face Unlock",Single Speaker,No official IP rating,1080p@30fps,42,54,86,44,48,53,72,budget,Everyday Use
Samsung,Galaxy M22,6 GB + 128 GB,27200,discontinued,new,2021,TODO_SAMSUNG_IMAGE_URL,smartphone,Galaxy M22 is a Samsung Galaxy smartphone from 2021 with balanced everyday features for its segment.,6,128,5000,15,60,6.6,48,"48 MP Wide, PDAF, OIS + 8 MP Ultrawide + 2 MP Macro + Auxiliary lens",13,MediaTek Helio P35,entry,6nm,4G,PLS LCD,FHD+,800,Android,One UI,3,"Fingerprint, Face Unlock",Single Speaker,No official IP rating,1080p@30fps,43,54,86,45,48,53,72,budget,Everyday Use
Samsung,Galaxy M32,6 GB + 128 GB,19800,discontinued,new,2021,TODO_SAMSUNG_IMAGE_URL,smartphone,Galaxy M32 is a Samsung Galaxy smartphone from 2021 with balanced everyday features for its segment.,6,128,5000,15,90,6.6,48,"48 MP Wide, PDAF + 8 MP Ultrawide + 5 MP Macro + Auxiliary lens",13,MediaTek Dimensity 720 / Snapdragon 720G,midrange,6nm,4G,Super AMOLED,FHD+,1000,Android,One UI,3,"Fingerprint, Face Unlock",Single Speaker,No official IP rating,4K@30fps,59,68,86,59,74,64,80,midrange,Everyday Use
Samsung,Galaxy M32,8 GB + 128 GB,21800,discontinued,new,2021,TODO_SAMSUNG_IMAGE_URL,smartphone,Galaxy M32 is a Samsung Galaxy smartphone from 2021 with balanced everyday features for its segment.,8,128,5000,15,90,6.6,48,"48 MP Wide, PDAF + 8 MP Ultrawide + 5 MP Macro + Auxiliary lens",13,MediaTek Dimensity 720 / Snapdragon 720G,midrange,6nm,4G,Super AMOLED,FHD+,1000,Android,One UI,3,"Fingerprint, Face Unlock",Single Speaker,No official IP rating,4K@30fps,60,68,86,60,74,64,80,midrange,Everyday Use
Samsung,Galaxy M32 5G,6 GB + 128 GB,19800,discontinued,new,2021,TODO_SAMSUNG_IMAGE_URL,smartphone,Galaxy M32 5G is a Samsung Galaxy smartphone from 2021 with balanced everyday features for its segment.,6,128,5000,15,90,6.6,48,"48 MP Wide, PDAF + 8 MP Ultrawide + 5 MP Macro + Auxiliary lens",13,MediaTek Dimensity 720 / Snapdragon 720G,midrange,6nm,5G,Super AMOLED,FHD+,1000,Android,One UI,3,"Fingerprint, Face Unlock",Single Speaker,No official IP rating,4K@30fps,59,68,86,59,74,64,80,midrange,Everyday Use
Samsung,Galaxy M32 5G,8 GB + 128 GB,21800,discontinued,new,2021,TODO_SAMSUNG_IMAGE_URL,smartphone,Galaxy M32 5G is a Samsung Galaxy smartphone from 2021 with balanced everyday features for its segment.,8,128,5000,15,90,6.6,48,"48 MP Wide, PDAF + 8 MP Ultrawide + 5 MP Macro + Auxiliary lens",13,MediaTek Dimensity 720 / Snapdragon 720G,midrange,6nm,5G,Super AMOLED,FHD+,1000,Android,One UI,3,"Fingerprint, Face Unlock",Single Speaker,No official IP rating,4K@30fps,60,68,86,60,74,64,80,midrange,Everyday Use
Samsung,Galaxy M42 5G,6 GB + 128 GB,19800,discontinued,new,2021,TODO_SAMSUNG_IMAGE_URL,smartphone,Galaxy M42 5G is a Samsung Galaxy smartphone from 2021 with balanced everyday features for its segment.,6,128,5000,15,90,6.6,48,"48 MP Wide, PDAF + 8 MP Ultrawide + 5 MP Macro + Auxiliary lens",20,MediaTek Dimensity 720 / Snapdragon 720G,midrange,6nm,5G,Super AMOLED,FHD+,1000,Android,One UI,3,"Fingerprint, Face Unlock",Single Speaker,No official IP rating,4K@30fps,59,68,86,59,74,64,80,midrange,Everyday Use
Samsung,Galaxy M42 5G,8 GB + 128 GB,21800,discontinued,new,2021,TODO_SAMSUNG_IMAGE_URL,smartphone,Galaxy M42 5G is a Samsung Galaxy smartphone from 2021 with balanced everyday features for its segment.,8,128,5000,15,90,6.6,48,"48 MP Wide, PDAF + 8 MP Ultrawide + 5 MP Macro + Auxiliary lens",20,MediaTek Dimensity 720 / Snapdragon 720G,midrange,6nm,5G,Super AMOLED,FHD+,1000,Android,One UI,3,"Fingerprint, Face Unlock",Single Speaker,No official IP rating,4K@30fps,60,68,86,60,74,64,80,midrange,Everyday Use
Samsung,Galaxy M52 5G,6 GB + 128 GB,27000,discontinued,new,2021,TODO_SAMSUNG_IMAGE_URL,smartphone,Galaxy M52 5G is a Samsung Galaxy smartphone from 2021 with balanced everyday features for its segment.,6,128,5000,25,120,6.6,64,"64 MP Wide, PDAF + 12 MP Ultrawide + 5 MP Macro",32,Snapdragon 778G / Exynos 1280,upper-midrange,6nm,5G,Super AMOLED,FHD+,1200,Android,One UI,3,"Fingerprint, Face Unlock",Stereo Speakers,IP67,4K@30fps,74,83,86,73,91,74,76,midrange,"Everyday Use, Photography Enthusiasts"
Samsung,Galaxy M52 5G,8 GB + 128 GB,29000,discontinued,new,2021,TODO_SAMSUNG_IMAGE_URL,smartphone,Galaxy M52 5G is a Samsung Galaxy smartphone from 2021 with balanced everyday features for its segment.,8,128,5000,25,120,6.6,64,"64 MP Wide, PDAF + 12 MP Ultrawide + 5 MP Macro",32,Snapdragon 778G / Exynos 1280,upper-midrange,6nm,5G,Super AMOLED,FHD+,1200,Android,One UI,3,"Fingerprint, Face Unlock",Stereo Speakers,IP67,4K@30fps,75,83,86,74,91,74,76,midrange,"Everyday Use, Photography Enthusiasts"
Samsung,Galaxy M62,8 GB + 128 GB,31999,discontinued,new,2021,TODO_SAMSUNG_IMAGE_URL,smartphone,Galaxy M62 is a Samsung Galaxy smartphone from 2021 with balanced everyday features for its segment.,8,128,5000,25,120,6.6,64,"64 MP Wide, PDAF + 12 MP Ultrawide + 5 MP Macro + Auxiliary lens",32,Snapdragon 778G / Exynos 1280,upper-midrange,6nm,4G,Super AMOLED,FHD+,1200,Android,One UI,3,"Fingerprint, Face Unlock",Stereo Speakers,IP67,4K@30fps,75,84,86,74,91,74,76,midrange,"Everyday Use, Photography Enthusiasts"
Samsung,Galaxy M62,8 GB + 256 GB,36499,discontinued,new,2021,TODO_SAMSUNG_IMAGE_URL,smartphone,Galaxy M62 is a Samsung Galaxy smartphone from 2021 with balanced everyday features for its segment.,8,256,5000,25,120,6.6,64,"64 MP Wide, PDAF + 12 MP Ultrawide + 5 MP Macro + Auxiliary lens",32,Snapdragon 778G / Exynos 1280,upper-midrange,6nm,4G,Super AMOLED,FHD+,1200,Android,One UI,3,"Fingerprint, Face Unlock",Stereo Speakers,IP67,4K@30fps,75,84,86,74,91,74,76,midrange,"Everyday Use, Photography Enthusiasts"
Samsung,Galaxy M13,4 GB + 64 GB,16200,discontinued,new,2022,TODO_SAMSUNG_IMAGE_URL,smartphone,Galaxy M13 is a Samsung Galaxy smartphone from 2022 with balanced everyday features for its segment.,4,64,5000,15,60,6.6,50,"50 MP Wide, PDAF + Auxiliary lens",5,Exynos 850 / Helio P35,entry,6nm,4G,PLS LCD,FHD+,800,Android,One UI,4,"Fingerprint, Face Unlock",Single Speaker,No official IP rating,1080p@30fps,46,54,88,48,50,56,78,budget,Everyday Use
Samsung,Galaxy M13,6 GB + 128 GB,22700,discontinued,new,2022,TODO_SAMSUNG_IMAGE_URL,smartphone,Galaxy M13 is a Samsung Galaxy smartphone from 2022 with balanced everyday features for its segment.,6,128,5000,15,60,6.6,50,"50 MP Wide, PDAF + Auxiliary lens",5,Exynos 850 / Helio P35,entry,6nm,4G,PLS LCD,FHD+,800,Android,One UI,4,"Fingerprint, Face Unlock",Single Speaker,No official IP rating,1080p@30fps,47,54,88,49,50,56,78,budget,Everyday Use
Samsung,Galaxy M13 5G,4 GB + 64 GB,16200,discontinued,new,2022,TODO_SAMSUNG_IMAGE_URL,smartphone,Galaxy M13 5G is a Samsung Galaxy smartphone from 2022 with balanced everyday features for its segment.,4,64,5000,15,60,6.6,50,"50 MP Wide, PDAF + Auxiliary lens",5,Exynos 850 / Helio P35,entry,6nm,5G,PLS LCD,FHD+,800,Android,One UI,4,"Fingerprint, Face Unlock",Single Speaker,No official IP rating,1080p@30fps,46,54,88,48,50,56,78,budget,Everyday Use
Samsung,Galaxy M13 5G,6 GB + 128 GB,22700,discontinued,new,2022,TODO_SAMSUNG_IMAGE_URL,smartphone,Galaxy M13 5G is a Samsung Galaxy smartphone from 2022 with balanced everyday features for its segment.,6,128,5000,15,60,6.6,50,"50 MP Wide, PDAF + Auxiliary lens",5,Exynos 850 / Helio P35,entry,6nm,5G,PLS LCD,FHD+,800,Android,One UI,4,"Fingerprint, Face Unlock",Single Speaker,No official IP rating,1080p@30fps,47,54,88,49,50,56,78,budget,Everyday Use
Samsung,Galaxy M23 5G,4 GB + 64 GB,19800,discontinued,new,2022,TODO_SAMSUNG_IMAGE_URL,smartphone,Galaxy M23 5G is a Samsung Galaxy smartphone from 2022 with balanced everyday features for its segment.,4,64,5000,25,90,6.6,50,"50 MP Wide, PDAF + 8 MP Ultrawide + 2 MP Macro",8,Snapdragon 695 / Exynos 1280,midrange,6nm,5G,Super AMOLED,FHD+,1000,Android,One UI,4,"Fingerprint, Face Unlock",Single Speaker,No official IP rating,4K@30fps,62,70,88,62,76,67,84,midrange,Everyday Use
Samsung,Galaxy M23 5G,4 GB + 128 GB,24300,discontinued,new,2022,TODO_SAMSUNG_IMAGE_URL,smartphone,Galaxy M23 5G is a Samsung Galaxy smartphone from 2022 with balanced everyday features for its segment.,4,128,5000,25,90,6.6,50,"50 MP Wide, PDAF + 8 MP Ultrawide + 2 MP Macro",8,Snapdragon 695 / Exynos 1280,midrange,6nm,5G,Super AMOLED,FHD+,1000,Android,One UI,4,"Fingerprint, Face Unlock",Single Speaker,No official IP rating,4K@30fps,62,70,88,62,76,67,84,midrange,Everyday Use
Samsung,Galaxy M23 5G,6 GB + 128 GB,26300,discontinued,new,2022,TODO_SAMSUNG_IMAGE_URL,smartphone,Galaxy M23 5G is a Samsung Galaxy smartphone from 2022 with balanced everyday features for its segment.,6,128,5000,25,90,6.6,50,"50 MP Wide, PDAF + 8 MP Ultrawide + 2 MP Macro",8,Snapdragon 695 / Exynos 1280,midrange,6nm,5G,Super AMOLED,FHD+,1000,Android,One UI,4,"Fingerprint, Face Unlock",Single Speaker,No official IP rating,4K@30fps,63,70,88,63,76,67,78,midrange,Everyday Use
Samsung,Galaxy M33 5G,6 GB + 128 GB,18900,discontinued,new,2022,TODO_SAMSUNG_IMAGE_URL,smartphone,Galaxy M33 5G is a Samsung Galaxy smartphone from 2022 with balanced everyday features for its segment.,6,128,5000,25,90,6.6,50,"50 MP Wide, PDAF + 5 MP Ultrawide + 2 MP Macro + Auxiliary lens",8,Snapdragon 695 / Exynos 1280,midrange,6nm,5G,Super AMOLED,FHD+,1000,Android,One UI,4,"Fingerprint, Face Unlock",Single Speaker,No official IP rating,4K@30fps,63,71,88,63,76,67,82,midrange,Everyday Use
Samsung,Galaxy M33 5G,8 GB + 128 GB,20900,discontinued,new,2022,TODO_SAMSUNG_IMAGE_URL,smartphone,Galaxy M33 5G is a Samsung Galaxy smartphone from 2022 with balanced everyday features for its segment.,8,128,5000,25,90,6.6,50,"50 MP Wide, PDAF + 5 MP Ultrawide + 2 MP Macro + Auxiliary lens",8,Snapdragon 695 / Exynos 1280,midrange,6nm,5G,Super AMOLED,FHD+,1000,Android,One UI,4,"Fingerprint, Face Unlock",Single Speaker,No official IP rating,4K@30fps,64,71,88,64,76,67,82,midrange,Everyday Use
Samsung,Galaxy M53 5G,6 GB + 128 GB,22500,discontinued,new,2022,TODO_SAMSUNG_IMAGE_URL,smartphone,Galaxy M53 5G is a Samsung Galaxy smartphone from 2022 with balanced everyday features for its segment.,6,128,5000,25,120,6.6,108,"108 MP Wide, PDAF + 8 MP Ultrawide + 2 MP Macro + Auxiliary lens",32,Exynos 1280 / Snapdragon 778G,upper-midrange,6nm,5G,Super AMOLED,FHD+,1200,Android,One UI,4,"Fingerprint, Face Unlock",Stereo Speakers,IP67,4K@30fps,78,87,88,77,93,77,86,midrange,"Everyday Use, Photography Enthusiasts"
Samsung,Galaxy M53 5G,8 GB + 128 GB,24500,discontinued,new,2022,TODO_SAMSUNG_IMAGE_URL,smartphone,Galaxy M53 5G is a Samsung Galaxy smartphone from 2022 with balanced everyday features for its segment.,8,128,5000,25,120,6.6,108,"108 MP Wide, PDAF + 8 MP Ultrawide + 2 MP Macro + Auxiliary lens",32,Exynos 1280 / Snapdragon 778G,upper-midrange,6nm,5G,Super AMOLED,FHD+,1200,Android,One UI,4,"Fingerprint, Face Unlock",Stereo Speakers,IP67,4K@30fps,79,87,88,78,93,77,86,midrange,"Everyday Use, Photography Enthusiasts"
Samsung,Galaxy M53 5G,8 GB + 256 GB,29000,discontinued,new,2022,TODO_SAMSUNG_IMAGE_URL,smartphone,Galaxy M53 5G is a Samsung Galaxy smartphone from 2022 with balanced everyday features for its segment.,8,256,5000,25,120,6.6,108,"108 MP Wide, PDAF + 8 MP Ultrawide + 2 MP Macro + Auxiliary lens",32,Exynos 1280 / Snapdragon 778G,upper-midrange,6nm,5G,Super AMOLED,FHD+,1200,Android,One UI,4,"Fingerprint, Face Unlock",Stereo Speakers,IP67,4K@30fps,79,87,88,78,93,77,80,midrange,"Everyday Use, Photography Enthusiasts"
Samsung,Galaxy M04,4 GB + 64 GB,9000,discontinued,new,2023,TODO_SAMSUNG_IMAGE_URL,smartphone,Galaxy M04 is a Samsung Galaxy smartphone from 2023 with balanced everyday features for its segment.,4,64,5000,15,60,6.5,13,"13 MP Wide, AF + Auxiliary lens",5,Exynos 850 / Helio G80,entry,6nm,4G,PLS LCD,HD+,600,Android,One UI,5,"Fingerprint, Face Unlock",Single Speaker,No official IP rating,1080p@30fps,49,49,89,51,52,58,80,budget,Everyday Use
Samsung,Galaxy M04,4 GB + 128 GB,13500,discontinued,new,2023,TODO_SAMSUNG_IMAGE_URL,smartphone,Galaxy M04 is a Samsung Galaxy smartphone from 2023 with balanced everyday features for its segment.,4,128,5000,15,60,6.5,13,"13 MP Wide, AF + Auxiliary lens",5,Exynos 850 / Helio G80,entry,6nm,4G,PLS LCD,HD+,600,Android,One UI,5,"Fingerprint, Face Unlock",Single Speaker,No official IP rating,1080p@30fps,49,49,89,51,52,58,80,budget,Everyday Use
Samsung,Galaxy M14 5G,4 GB + 64 GB,8100,discontinued,new,2023,TODO_SAMSUNG_IMAGE_URL,smartphone,Galaxy M14 5G is a Samsung Galaxy smartphone from 2023 with balanced everyday features for its segment.,4,64,5000,15,60,6.6,50,"50 MP Wide, PDAF + 2 MP Macro + Auxiliary lens",13,Exynos 850 / Helio G80,entry,6nm,5G,PLS LCD,FHD+,800,Android,One UI,5,"Fingerprint, Face Unlock",Single Speaker,No official IP rating,1080p@30fps,49,58,89,51,52,58,80,budget,Everyday Use
Samsung,Galaxy M14 5G,6 GB + 128 GB,14600,discontinued,new,2023,TODO_SAMSUNG_IMAGE_URL,smartphone,Galaxy M14 5G is a Samsung Galaxy smartphone from 2023 with balanced everyday features for its segment.,6,128,5000,15,60,6.6,50,"50 MP Wide, PDAF + 2 MP Macro + Auxiliary lens",13,Exynos 850 / Helio G80,entry,6nm,5G,PLS LCD,FHD+,800,Android,One UI,5,"Fingerprint, Face Unlock",Single Speaker,No official IP rating,1080p@30fps,50,58,89,52,52,58,80,budget,Everyday Use
Samsung,Galaxy M34 5G,6 GB + 128 GB,17100,discontinued,new,2023,TODO_SAMSUNG_IMAGE_URL,smartphone,Galaxy M34 5G is a Samsung Galaxy smartphone from 2023 with balanced everyday features for its segment.,6,128,5000,25,90,6.6,50,"50 MP Wide, PDAF, OIS + 8 MP Ultrawide + 2 MP Main",13,Exynos 1330 / MediaTek Helio G99,midrange,6nm,5G,Super AMOLED,FHD+,1000,Android,One UI,5,"Fingerprint, Face Unlock",Single Speaker,No official IP rating,4K@30fps,66,72,89,66,78,69,86,midrange,Everyday Use
Samsung,Galaxy M34 5G,8 GB + 128 GB,19100,discontinued,new,2023,TODO_SAMSUNG_IMAGE_URL,smartphone,Galaxy M34 5G is a Samsung Galaxy smartphone from 2023 with balanced everyday features for its segment.,8,128,5000,25,90,6.6,50,"50 MP Wide, PDAF, OIS + 8 MP Ultrawide + 2 MP Main",13,Exynos 1330 / MediaTek Helio G99,midrange,6nm,5G,Super AMOLED,FHD+,1000,Android,One UI,5,"Fingerprint, Face Unlock",Single Speaker,No official IP rating,4K@30fps,67,72,89,67,78,69,86,midrange,Everyday Use
Samsung,Galaxy M34 5G,8 GB + 256 GB,23600,discontinued,new,2023,TODO_SAMSUNG_IMAGE_URL,smartphone,Galaxy M34 5G is a Samsung Galaxy smartphone from 2023 with balanced everyday features for its segment.,8,256,5000,25,90,6.6,50,"50 MP Wide, PDAF, OIS + 8 MP Ultrawide + 2 MP Main",13,Exynos 1330 / MediaTek Helio G99,midrange,6nm,5G,Super AMOLED,FHD+,1000,Android,One UI,5,"Fingerprint, Face Unlock",Single Speaker,No official IP rating,4K@30fps,67,72,89,67,78,69,86,midrange,Everyday Use
Samsung,Galaxy M54 5G,8 GB + 128 GB,17100,discontinued,new,2023,TODO_SAMSUNG_IMAGE_URL,smartphone,Galaxy M54 5G is a Samsung Galaxy smartphone from 2023 with balanced everyday features for its segment.,8,128,5000,25,120,6.6,108,"108 MP Wide, PDAF, OIS + 8 MP Ultrawide + 2 MP Macro",32,Exynos 1380,upper-midrange,6nm,5G,Super AMOLED,FHD+,1200,Android,One UI,5,"Fingerprint, Face Unlock",Stereo Speakers,IP67,4K@30fps,82,88,89,81,95,79,86,midrange,"Everyday Use, Photography Enthusiasts"
Samsung,Galaxy M54 5G,8 GB + 256 GB,21600,discontinued,new,2023,TODO_SAMSUNG_IMAGE_URL,smartphone,Galaxy M54 5G is a Samsung Galaxy smartphone from 2023 with balanced everyday features for its segment.,8,256,5000,25,120,6.6,108,"108 MP Wide, PDAF, OIS + 8 MP Ultrawide + 2 MP Macro",32,Exynos 1380,upper-midrange,6nm,5G,Super AMOLED,FHD+,1200,Android,One UI,5,"Fingerprint, Face Unlock",Stereo Speakers,IP67,4K@30fps,82,88,89,81,95,79,86,midrange,"Everyday Use, Photography Enthusiasts"
Samsung,Galaxy M05,4 GB + 64 GB,8100,in-stock,new,2024,TODO_SAMSUNG_IMAGE_URL,smartphone,Galaxy M05 is a Samsung Galaxy smartphone from 2024 with balanced everyday features for its segment.,4,64,5000,25,60,6.5,50,"50 MP Wide, AF + Auxiliary lens",8,MediaTek Helio G85 / Dimensity 6100+,entry,6nm,4G,PLS LCD,HD+,600,Android,One UI,6,"Fingerprint, Face Unlock",Single Speaker,No official IP rating,1080p@30fps,52,59,90,54,55,60,83,budget,Everyday Use
Samsung,Galaxy M15 5G,4 GB + 128 GB,15999,in-stock,new,2024,TODO_SAMSUNG_IMAGE_URL,smartphone,Galaxy M15 5G is a Samsung Galaxy smartphone from 2024 with balanced everyday features for its segment.,4,128,5000,25,90,6.6,50,"50 MP Wide, AF + 5 MP Ultrawide + 2 MP Macro",13,MediaTek Helio G85 / Dimensity 6100+,entry,6nm,5G,Super AMOLED,FHD+,800,Android,One UI,6,"Fingerprint, Face Unlock",Single Speaker,No official IP rating,1080p@30fps,54,61,90,54,65,60,85,budget,Everyday Use
Samsung,Galaxy M15 5G,6 GB + 128 GB,17999,in-stock,new,2024,TODO_SAMSUNG_IMAGE_URL,smartphone,Galaxy M15 5G is a Samsung Galaxy smartphone from 2024 with balanced everyday features for its segment.,6,128,5000,25,90,6.6,50,"50 MP Wide, AF + 5 MP Ultrawide + 2 MP Macro",13,MediaTek Helio G85 / Dimensity 6100+,entry,6nm,5G,Super AMOLED,FHD+,800,Android,One UI,6,"Fingerprint, Face Unlock",Single Speaker,No official IP rating,1080p@30fps,55,61,90,55,65,60,85,budget,Everyday Use
Samsung,Galaxy M15 5G,8 GB + 128 GB,19999,in-stock,new,2024,TODO_SAMSUNG_IMAGE_URL,smartphone,Galaxy M15 5G is a Samsung Galaxy smartphone from 2024 with balanced everyday features for its segment.,8,128,5000,25,90,6.6,50,"50 MP Wide, AF + 5 MP Ultrawide + 2 MP Macro",13,MediaTek Helio G85 / Dimensity 6100+,entry,6nm,5G,Super AMOLED,FHD+,800,Android,One UI,6,"Fingerprint, Face Unlock",Single Speaker,No official IP rating,1080p@30fps,56,61,90,56,65,60,85,budget,Everyday Use
Samsung,Galaxy M15 5G,8 GB + 256 GB,24499,in-stock,new,2024,TODO_SAMSUNG_IMAGE_URL,smartphone,Galaxy M15 5G is a Samsung Galaxy smartphone from 2024 with balanced everyday features for its segment.,8,256,5000,25,90,6.6,50,"50 MP Wide, AF + 5 MP Ultrawide + 2 MP Macro",13,MediaTek Helio G85 / Dimensity 6100+,entry,6nm,5G,Super AMOLED,FHD+,800,Android,One UI,6,"Fingerprint, Face Unlock",Single Speaker,No official IP rating,1080p@30fps,56,61,90,56,65,60,85,budget,Everyday Use
Samsung,Galaxy M35 5G,6 GB + 128 GB,17820,in-stock,new,2024,TODO_SAMSUNG_IMAGE_URL,smartphone,Galaxy M35 5G is a Samsung Galaxy smartphone from 2024 with balanced everyday features for its segment.,6,128,5000,25,90,6.6,50,"50 MP Wide, PDAF, OIS + 8 MP Ultrawide + 2 MP Macro",13,Exynos 1380 / Dimensity 6100+,midrange,6nm,5G,Super AMOLED,FHD+,1000,Android,One UI,6,"Fingerprint, Face Unlock",Single Speaker,No official IP rating,4K@30fps,69,75,90,69,81,71,89,midrange,Everyday Use
Samsung,Galaxy M35 5G,8 GB + 128 GB,19820,in-stock,new,2024,TODO_SAMSUNG_IMAGE_URL,smartphone,Galaxy M35 5G is a Samsung Galaxy smartphone from 2024 with balanced everyday features for its segment.,8,128,5000,25,90,6.6,50,"50 MP Wide, PDAF, OIS + 8 MP Ultrawide + 2 MP Macro",13,Exynos 1380 / Dimensity 6100+,midrange,6nm,5G,Super AMOLED,FHD+,1000,Android,One UI,6,"Fingerprint, Face Unlock",Single Speaker,No official IP rating,4K@30fps,70,75,90,70,81,71,89,midrange,Everyday Use
Samsung,Galaxy M35 5G,8 GB + 256 GB,24320,in-stock,new,2024,TODO_SAMSUNG_IMAGE_URL,smartphone,Galaxy M35 5G is a Samsung Galaxy smartphone from 2024 with balanced everyday features for its segment.,8,256,5000,25,90,6.6,50,"50 MP Wide, PDAF, OIS + 8 MP Ultrawide + 2 MP Macro",13,Exynos 1380 / Dimensity 6100+,midrange,6nm,5G,Super AMOLED,FHD+,1000,Android,One UI,6,"Fingerprint, Face Unlock",Single Speaker,No official IP rating,4K@30fps,70,75,90,70,81,71,89,midrange,Everyday Use
Samsung,Galaxy M55 5G,8 GB + 128 GB,28999,in-stock,new,2024,TODO_SAMSUNG_IMAGE_URL,smartphone,Galaxy M55 5G is a Samsung Galaxy smartphone from 2024 with balanced everyday features for its segment.,8,128,5000,45,120,6.6,50,"50 MP Wide, PDAF, OIS + 8 MP Ultrawide + 2 MP Macro",50,Exynos 1480 / Snapdragon 7 Gen 1,upper-midrange,6nm,5G,Super AMOLED,FHD+,1600,Android,One UI,6,"Fingerprint, Face Unlock",Stereo Speakers,IP67,4K@30fps,85,89,90,84,98,81,85,midrange,"Everyday Use, Photography Enthusiasts"
Samsung,Galaxy M55 5G,8 GB + 256 GB,33499,in-stock,new,2024,TODO_SAMSUNG_IMAGE_URL,smartphone,Galaxy M55 5G is a Samsung Galaxy smartphone from 2024 with balanced everyday features for its segment.,8,256,5000,45,120,6.6,50,"50 MP Wide, PDAF, OIS + 8 MP Ultrawide + 2 MP Macro",50,Exynos 1480 / Snapdragon 7 Gen 1,upper-midrange,6nm,5G,Super AMOLED,FHD+,1600,Android,One UI,6,"Fingerprint, Face Unlock",Stereo Speakers,IP67,4K@30fps,85,89,90,84,98,81,85,midrange,"Everyday Use, Photography Enthusiasts"
Samsung,Galaxy M55 5G,12 GB + 256 GB,37499,in-stock,new,2024,TODO_SAMSUNG_IMAGE_URL,smartphone,Galaxy M55 5G is a Samsung Galaxy smartphone from 2024 with balanced everyday features for its segment.,12,256,5000,45,120,6.6,50,"50 MP Wide, PDAF, OIS + 8 MP Ultrawide + 2 MP Macro",50,Exynos 1480 / Snapdragon 7 Gen 1,upper-midrange,6nm,5G,Super AMOLED,FHD+,1600,Android,One UI,6,"Fingerprint, Face Unlock",Stereo Speakers,IP67,4K@30fps,87,89,90,86,98,81,85,midrange,"Everyday Use, Photography Enthusiasts"
Samsung,Galaxy M55s,8 GB + 128 GB,19800,in-stock,new,2024,TODO_SAMSUNG_IMAGE_URL,smartphone,Galaxy M55s is a Samsung Galaxy smartphone from 2024 with balanced everyday features for its segment.,8,128,5000,45,120,6.6,50,"50 MP Wide, PDAF, OIS + 8 MP Ultrawide + 2 MP Macro",50,Exynos 1480 / Snapdragon 7 Gen 1,upper-midrange,6nm,5G,Super AMOLED,FHD+,1600,Android,One UI,6,"Fingerprint, Face Unlock",Stereo Speakers,IP67,4K@30fps,85,89,90,84,98,81,89,midrange,"Everyday Use, Photography Enthusiasts"
Samsung,Galaxy M55s,8 GB + 256 GB,24300,in-stock,new,2024,TODO_SAMSUNG_IMAGE_URL,smartphone,Galaxy M55s is a Samsung Galaxy smartphone from 2024 with balanced everyday features for its segment.,8,256,5000,45,120,6.6,50,"50 MP Wide, PDAF, OIS + 8 MP Ultrawide + 2 MP Macro",50,Exynos 1480 / Snapdragon 7 Gen 1,upper-midrange,6nm,5G,Super AMOLED,FHD+,1600,Android,One UI,6,"Fingerprint, Face Unlock",Stereo Speakers,IP67,4K@30fps,85,89,90,84,98,81,89,midrange,"Everyday Use, Photography Enthusiasts"
Samsung,Galaxy M06 5G,4 GB + 64 GB,12499,in-stock,new,2025,TODO_SAMSUNG_IMAGE_URL,smartphone,Galaxy M06 5G is a Samsung Galaxy smartphone from 2025 with balanced everyday features for its segment.,4,64,5000,25,60,6.5,50,"50 MP Wide, PDAF + Auxiliary lens",8,Exynos 1330 / Dimensity 6300,entry,6nm,5G,PLS LCD,HD+,600,Android,One UI,7,"Fingerprint, Face Unlock",Single Speaker,No official IP rating,1080p@30fps,55,62,91,57,57,62,87,budget,Everyday Use
Samsung,Galaxy M06 5G,4 GB + 128 GB,16999,in-stock,new,2025,TODO_SAMSUNG_IMAGE_URL,smartphone,Galaxy M06 5G is a Samsung Galaxy smartphone from 2025 with balanced everyday features for its segment.,4,128,5000,25,60,6.5,50,"50 MP Wide, PDAF + Auxiliary lens",8,Exynos 1330 / Dimensity 6300,entry,6nm,5G,PLS LCD,HD+,600,Android,One UI,7,"Fingerprint, Face Unlock",Single Speaker,No official IP rating,1080p@30fps,55,62,91,57,57,62,87,budget,Everyday Use
Samsung,Galaxy M06 5G,6 GB + 128 GB,18999,in-stock,new,2025,TODO_SAMSUNG_IMAGE_URL,smartphone,Galaxy M06 5G is a Samsung Galaxy smartphone from 2025 with balanced everyday features for its segment.,6,128,5000,25,60,6.5,50,"50 MP Wide, PDAF + Auxiliary lens",8,Exynos 1330 / Dimensity 6300,entry,6nm,5G,PLS LCD,HD+,600,Android,One UI,7,"Fingerprint, Face Unlock",Single Speaker,No official IP rating,1080p@30fps,56,62,91,58,57,62,87,budget,Everyday Use
Samsung,Galaxy M07,4 GB + 64 GB,9999,in-stock,new,2025,TODO_SAMSUNG_IMAGE_URL,smartphone,Galaxy M07 is a Samsung Galaxy smartphone from 2025 with balanced everyday features for its segment.,4,64,5000,25,60,6.5,50,"50 MP Wide, PDAF + Auxiliary lens",8,Exynos 1330 / Dimensity 6300,entry,6nm,4G,PLS LCD,HD+,600,Android,One UI,7,"Fingerprint, Face Unlock",Single Speaker,No official IP rating,1080p@30fps,55,62,91,57,57,62,85,budget,Everyday Use
Samsung,Galaxy M16 5G,4 GB + 128 GB,15999,in-stock,new,2025,TODO_SAMSUNG_IMAGE_URL,smartphone,Galaxy M16 5G is a Samsung Galaxy smartphone from 2025 with balanced everyday features for its segment.,4,128,5000,25,90,6.6,50,"50 MP Wide, AF + 5 MP Ultrawide + 2 MP Macro",13,Exynos 1330 / Dimensity 6300,entry,6nm,5G,Super AMOLED,FHD+,800,Android,One UI,7,"Fingerprint, Face Unlock",Single Speaker,No official IP rating,1080p@30fps,57,64,91,57,67,62,87,budget,Everyday Use
Samsung,Galaxy M16 5G,6 GB + 128 GB,17999,in-stock,new,2025,TODO_SAMSUNG_IMAGE_URL,smartphone,Galaxy M16 5G is a Samsung Galaxy smartphone from 2025 with balanced everyday features for its segment.,6,128,5000,25,90,6.6,50,"50 MP Wide, AF + 5 MP Ultrawide + 2 MP Macro",13,Exynos 1330 / Dimensity 6300,entry,6nm,5G,Super AMOLED,FHD+,800,Android,One UI,7,"Fingerprint, Face Unlock",Single Speaker,No official IP rating,1080p@30fps,58,64,91,58,67,62,87,budget,Everyday Use
Samsung,Galaxy M16 5G,8 GB + 128 GB,19999,in-stock,new,2025,TODO_SAMSUNG_IMAGE_URL,smartphone,Galaxy M16 5G is a Samsung Galaxy smartphone from 2025 with balanced everyday features for its segment.,8,128,5000,25,90,6.6,50,"50 MP Wide, AF + 5 MP Ultrawide + 2 MP Macro",13,Exynos 1330 / Dimensity 6300,entry,6nm,5G,Super AMOLED,FHD+,800,Android,One UI,7,"Fingerprint, Face Unlock",Single Speaker,No official IP rating,1080p@30fps,59,64,91,59,67,62,87,budget,Everyday Use
Samsung,Galaxy M16 5G,8 GB + 256 GB,24499,in-stock,new,2025,TODO_SAMSUNG_IMAGE_URL,smartphone,Galaxy M16 5G is a Samsung Galaxy smartphone from 2025 with balanced everyday features for its segment.,8,256,5000,25,90,6.6,50,"50 MP Wide, AF + 5 MP Ultrawide + 2 MP Macro",13,Exynos 1330 / Dimensity 6300,entry,6nm,5G,Super AMOLED,FHD+,800,Android,One UI,7,"Fingerprint, Face Unlock",Single Speaker,No official IP rating,1080p@30fps,59,64,91,59,67,62,87,budget,Everyday Use
Samsung,Galaxy M36 5G,6 GB + 128 GB,21999,in-stock,new,2025,TODO_SAMSUNG_IMAGE_URL,smartphone,Galaxy M36 5G is a Samsung Galaxy smartphone from 2025 with balanced everyday features for its segment.,6,128,5000,25,90,6.6,50,"50 MP Wide, PDAF, OIS + 8 MP Ultrawide + 2 MP Macro",13,Exynos 1380 / Dimensity 6300,midrange,6nm,5G,Super AMOLED,FHD+,1000,Android,One UI,7,"Fingerprint, Face Unlock",Single Speaker,No official IP rating,4K@30fps,72,78,91,72,83,73,91,midrange,Everyday Use
Samsung,Galaxy M36 5G,8 GB + 128 GB,23999,in-stock,new,2025,TODO_SAMSUNG_IMAGE_URL,smartphone,Galaxy M36 5G is a Samsung Galaxy smartphone from 2025 with balanced everyday features for its segment.,8,128,5000,25,90,6.6,50,"50 MP Wide, PDAF, OIS + 8 MP Ultrawide + 2 MP Macro",13,Exynos 1380 / Dimensity 6300,midrange,6nm,5G,Super AMOLED,FHD+,1000,Android,One UI,7,"Fingerprint, Face Unlock",Single Speaker,No official IP rating,4K@30fps,73,78,91,73,83,73,91,midrange,Everyday Use
Samsung,Galaxy M36 5G,8 GB + 256 GB,28499,in-stock,new,2025,TODO_SAMSUNG_IMAGE_URL,smartphone,Galaxy M36 5G is a Samsung Galaxy smartphone from 2025 with balanced everyday features for its segment.,8,256,5000,25,90,6.6,50,"50 MP Wide, PDAF, OIS + 8 MP Ultrawide + 2 MP Macro",13,Exynos 1380 / Dimensity 6300,midrange,6nm,5G,Super AMOLED,FHD+,1000,Android,One UI,7,"Fingerprint, Face Unlock",Single Speaker,No official IP rating,4K@30fps,73,78,91,73,83,73,85,midrange,Everyday Use
Samsung,Galaxy M56 5G,8 GB + 128 GB,23499,in-stock,new,2025,TODO_SAMSUNG_IMAGE_URL,smartphone,Galaxy M56 5G is a Samsung Galaxy smartphone from 2025 with balanced everyday features for its segment.,8,128,5000,45,120,6.6,50,"50 MP Wide, PDAF, OIS + 8 MP Ultrawide + 2 MP Macro",12,Exynos 1580,upper-midrange,6nm,5G,Super AMOLED,FHD+,1600,Android,One UI,7,"Fingerprint, Face Unlock",Stereo Speakers,IP67,4K@30fps,88,92,91,87,100,83,91,midrange,"Everyday Use, Photography Enthusiasts"
Samsung,Galaxy M56 5G,8 GB + 256 GB,27999,in-stock,new,2025,TODO_SAMSUNG_IMAGE_URL,smartphone,Galaxy M56 5G is a Samsung Galaxy smartphone from 2025 with balanced everyday features for its segment.,8,256,5000,45,120,6.6,50,"50 MP Wide, PDAF, OIS + 8 MP Ultrawide + 2 MP Macro",12,Exynos 1580,upper-midrange,6nm,5G,Super AMOLED,FHD+,1600,Android,One UI,7,"Fingerprint, Face Unlock",Stereo Speakers,IP67,4K@30fps,88,92,91,87,100,83,85,midrange,"Everyday Use, Photography Enthusiasts"
Samsung,Galaxy F41,6 GB + 64 GB,18000,discontinued,refurbished,2020,TODO_SAMSUNG_IMAGE_URL,smartphone,Galaxy F41 is a Samsung Galaxy smartphone from 2020 with balanced everyday features for its segment.,6,64,5000,15,60,6.6,64,"64 MP Wide, PDAF + 8 MP Ultrawide + Auxiliary lens",32,Exynos 9611 / MediaTek Helio P65,midrange,8nm,4G,Super AMOLED,FHD+,1000,Android,One UI,2,"Fingerprint, Face Unlock",Single Speaker,No official IP rating,4K@30fps,54,66,85,56,69,62,77,midrange,Everyday Use
Samsung,Galaxy F41,6 GB + 128 GB,22500,discontinued,refurbished,2020,TODO_SAMSUNG_IMAGE_URL,smartphone,Galaxy F41 is a Samsung Galaxy smartphone from 2020 with balanced everyday features for its segment.,6,128,5000,15,60,6.6,64,"64 MP Wide, PDAF + 8 MP Ultrawide + Auxiliary lens",32,Exynos 9611 / MediaTek Helio P65,midrange,8nm,4G,Super AMOLED,FHD+,1000,Android,One UI,2,"Fingerprint, Face Unlock",Single Speaker,No official IP rating,4K@30fps,54,66,85,56,69,62,77,midrange,Everyday Use
Samsung,Galaxy F02s,3 GB + 32 GB,9000,discontinued,new,2021,TODO_SAMSUNG_IMAGE_URL,smartphone,Galaxy F02s is a Samsung Galaxy smartphone from 2021 with balanced everyday features for its segment.,3,32,5000,15,60,6.5,13,"13 MP Wide, AF + 2 MP Macro + Auxiliary lens",5,MediaTek Helio P35,entry,6nm,4G,PLS LCD,HD+,600,Android,One UI,3,"Fingerprint, Face Unlock",Single Speaker,No official IP rating,1080p@30fps,42,45,86,44,48,53,76,budget,Everyday Use
Samsung,Galaxy F02s,4 GB + 64 GB,14500,discontinued,new,2021,TODO_SAMSUNG_IMAGE_URL,smartphone,Galaxy F02s is a Samsung Galaxy smartphone from 2021 with balanced everyday features for its segment.,4,64,5000,15,60,6.5,13,"13 MP Wide, AF + 2 MP Macro + Auxiliary lens",5,MediaTek Helio P35,entry,6nm,4G,PLS LCD,HD+,600,Android,One UI,3,"Fingerprint, Face Unlock",Single Speaker,No official IP rating,1080p@30fps,42,45,86,44,48,53,76,budget,Everyday Use
Samsung,Galaxy F12,4 GB + 64 GB,11700,discontinued,new,2021,TODO_SAMSUNG_IMAGE_URL,smartphone,Galaxy F12 is a Samsung Galaxy smartphone from 2021 with balanced everyday features for its segment.,4,64,5000,15,60,6.6,48,"48 MP Wide, PDAF + 5 MP Ultrawide + 2 MP Macro + Auxiliary lens",8,MediaTek Helio P35,entry,6nm,4G,PLS LCD,FHD+,800,Android,One UI,3,"Fingerprint, Face Unlock",Single Speaker,No official IP rating,1080p@30fps,42,54,86,44,48,53,76,budget,Everyday Use
Samsung,Galaxy F12,4 GB + 128 GB,16200,discontinued,new,2021,TODO_SAMSUNG_IMAGE_URL,smartphone,Galaxy F12 is a Samsung Galaxy smartphone from 2021 with balanced everyday features for its segment.,4,128,5000,15,60,6.6,48,"48 MP Wide, PDAF + 5 MP Ultrawide + 2 MP Macro + Auxiliary lens",8,MediaTek Helio P35,entry,6nm,4G,PLS LCD,FHD+,800,Android,One UI,3,"Fingerprint, Face Unlock",Single Speaker,No official IP rating,1080p@30fps,42,54,86,44,48,53,76,budget,Everyday Use
Samsung,Galaxy F22,4 GB + 64 GB,15300,discontinued,new,2021,TODO_SAMSUNG_IMAGE_URL,smartphone,Galaxy F22 is a Samsung Galaxy smartphone from 2021 with balanced everyday features for its segment.,4,64,5000,15,60,6.6,48,"48 MP Wide, PDAF + 8 MP Ultrawide + 2 MP Macro + Auxiliary lens",13,MediaTek Helio P35,entry,6nm,4G,PLS LCD,FHD+,800,Android,One UI,3,"Fingerprint, Face Unlock",Single Speaker,No official IP rating,1080p@30fps,42,54,86,44,48,53,76,budget,Everyday Use
Samsung,Galaxy F22,6 GB + 128 GB,21800,discontinued,new,2021,TODO_SAMSUNG_IMAGE_URL,smartphone,Galaxy F22 is a Samsung Galaxy smartphone from 2021 with balanced everyday features for its segment.,6,128,5000,15,60,6.6,48,"48 MP Wide, PDAF + 8 MP Ultrawide + 2 MP Macro + Auxiliary lens",13,MediaTek Helio P35,entry,6nm,4G,PLS LCD,FHD+,800,Android,One UI,3,"Fingerprint, Face Unlock",Single Speaker,No official IP rating,1080p@30fps,43,54,86,45,48,53,76,budget,Everyday Use
Samsung,Galaxy F42 5G,6 GB + 128 GB,21600,discontinued,new,2021,TODO_SAMSUNG_IMAGE_URL,smartphone,Galaxy F42 5G is a Samsung Galaxy smartphone from 2021 with balanced everyday features for its segment.,6,128,5000,15,90,6.6,64,"64 MP Wide, PDAF + 5 MP Ultrawide + Auxiliary lens",8,MediaTek Dimensity 720 / Snapdragon 720G,midrange,6nm,5G,Super AMOLED,FHD+,1000,Android,One UI,3,"Fingerprint, Face Unlock",Single Speaker,No official IP rating,4K@30fps,59,69,86,59,74,64,80,midrange,Everyday Use
Samsung,Galaxy F42 5G,8 GB + 128 GB,23600,discontinued,new,2021,TODO_SAMSUNG_IMAGE_URL,smartphone,Galaxy F42 5G is a Samsung Galaxy smartphone from 2021 with balanced everyday features for its segment.,8,128,5000,15,90,6.6,64,"64 MP Wide, PDAF + 5 MP Ultrawide + Auxiliary lens",8,MediaTek Dimensity 720 / Snapdragon 720G,midrange,6nm,5G,Super AMOLED,FHD+,1000,Android,One UI,3,"Fingerprint, Face Unlock",Single Speaker,No official IP rating,4K@30fps,60,69,86,60,74,64,80,midrange,Everyday Use
Samsung,Galaxy F52 5G,8 GB + 128 GB,23400,discontinued,new,2021,TODO_SAMSUNG_IMAGE_URL,smartphone,Galaxy F52 5G is a Samsung Galaxy smartphone from 2021 with balanced everyday features for its segment.,8,128,5000,15,90,6.6,64,"64 MP Wide, PDAF + 8 MP Ultrawide + 2 MP Macro + Auxiliary lens",16,MediaTek Dimensity 720 / Snapdragon 720G,midrange,6nm,5G,Super AMOLED,FHD+,1000,Android,One UI,3,"Fingerprint, Face Unlock",Single Speaker,No official IP rating,4K@30fps,60,70,86,60,74,64,80,midrange,Everyday Use
Samsung,Galaxy F62,6 GB + 128 GB,24300,discontinued,new,2021,TODO_SAMSUNG_IMAGE_URL,smartphone,Galaxy F62 is a Samsung Galaxy smartphone from 2021 with balanced everyday features for its segment.,6,128,5000,25,120,6.6,64,"64 MP Wide, PDAF + 12 MP Ultrawide + 5 MP Macro + Auxiliary lens",32,Snapdragon 778G / Exynos 1280,upper-midrange,6nm,4G,Super AMOLED,FHD+,1200,Android,One UI,3,"Fingerprint, Face Unlock",Stereo Speakers,IP67,4K@30fps,74,84,86,73,91,74,82,midrange,"Everyday Use, Photography Enthusiasts"
Samsung,Galaxy F62,8 GB + 128 GB,26300,discontinued,new,2021,TODO_SAMSUNG_IMAGE_URL,smartphone,Galaxy F62 is a Samsung Galaxy smartphone from 2021 with balanced everyday features for its segment.,8,128,5000,25,120,6.6,64,"64 MP Wide, PDAF + 12 MP Ultrawide + 5 MP Macro + Auxiliary lens",32,Snapdragon 778G / Exynos 1280,upper-midrange,6nm,4G,Super AMOLED,FHD+,1200,Android,One UI,3,"Fingerprint, Face Unlock",Stereo Speakers,IP67,4K@30fps,75,84,86,74,91,74,76,midrange,"Everyday Use, Photography Enthusiasts"
Samsung,Galaxy F13,4 GB + 64 GB,13500,discontinued,new,2022,TODO_SAMSUNG_IMAGE_URL,smartphone,Galaxy F13 is a Samsung Galaxy smartphone from 2022 with balanced everyday features for its segment.,4,64,5000,15,60,6.6,50,"50 MP Wide, PDAF + 5 MP Ultrawide + Auxiliary lens",8,Exynos 850 / Helio P35,entry,6nm,4G,PLS LCD,FHD+,800,Android,One UI,4,"Fingerprint, Face Unlock",Single Speaker,No official IP rating,1080p@30fps,46,56,88,48,50,56,80,budget,Everyday Use
Samsung,Galaxy F13,4 GB + 128 GB,18000,discontinued,new,2022,TODO_SAMSUNG_IMAGE_URL,smartphone,Galaxy F13 is a Samsung Galaxy smartphone from 2022 with balanced everyday features for its segment.,4,128,5000,15,60,6.6,50,"50 MP Wide, PDAF + 5 MP Ultrawide + Auxiliary lens",8,Exynos 850 / Helio P35,entry,6nm,4G,PLS LCD,FHD+,800,Android,One UI,4,"Fingerprint, Face Unlock",Single Speaker,No official IP rating,1080p@30fps,46,56,88,48,50,56,80,budget,Everyday Use
Samsung,Galaxy F13,6 GB + 128 GB,20000,discontinued,new,2022,TODO_SAMSUNG_IMAGE_URL,smartphone,Galaxy F13 is a Samsung Galaxy smartphone from 2022 with balanced everyday features for its segment.,6,128,5000,15,60,6.6,50,"50 MP Wide, PDAF + 5 MP Ultrawide + Auxiliary lens",8,Exynos 850 / Helio P35,entry,6nm,4G,PLS LCD,FHD+,800,Android,One UI,4,"Fingerprint, Face Unlock",Single Speaker,No official IP rating,1080p@30fps,47,56,88,49,50,56,80,budget,Everyday Use
Samsung,Galaxy F23 5G,4 GB + 128 GB,17100,discontinued,new,2022,TODO_SAMSUNG_IMAGE_URL,smartphone,Galaxy F23 5G is a Samsung Galaxy smartphone from 2022 with balanced everyday features for its segment.,4,128,5000,25,90,6.6,50,"50 MP Wide, PDAF + 8 MP Ultrawide + 2 MP Macro",8,Snapdragon 695 / Exynos 1280,midrange,6nm,5G,Super AMOLED,FHD+,1000,Android,One UI,4,"Fingerprint, Face Unlock",Single Speaker,No official IP rating,4K@30fps,62,70,88,62,76,67,82,midrange,Everyday Use
Samsung,Galaxy F23 5G,6 GB + 128 GB,19100,discontinued,new,2022,TODO_SAMSUNG_IMAGE_URL,smartphone,Galaxy F23 5G is a Samsung Galaxy smartphone from 2022 with balanced everyday features for its segment.,6,128,5000,25,90,6.6,50,"50 MP Wide, PDAF + 8 MP Ultrawide + 2 MP Macro",8,Snapdragon 695 / Exynos 1280,midrange,6nm,5G,Super AMOLED,FHD+,1000,Android,One UI,4,"Fingerprint, Face Unlock",Single Speaker,No official IP rating,4K@30fps,63,70,88,63,76,67,82,midrange,Everyday Use
Samsung,Galaxy F04,4 GB + 64 GB,8100,discontinued,new,2023,TODO_SAMSUNG_IMAGE_URL,smartphone,Galaxy F04 is a Samsung Galaxy smartphone from 2023 with balanced everyday features for its segment.,4,64,5000,15,60,6.5,13,"13 MP Wide, AF + Auxiliary lens",5,Exynos 850 / Helio G80,entry,6nm,4G,PLS LCD,HD+,600,Android,One UI,5,"Fingerprint, Face Unlock",Single Speaker,No official IP rating,1080p@30fps,49,49,89,51,52,58,80,budget,Everyday Use
Samsung,Galaxy F14,4 GB + 64 GB,9000,discontinued,new,2023,TODO_SAMSUNG_IMAGE_URL,smartphone,Galaxy F14 is a Samsung Galaxy smartphone from 2023 with balanced everyday features for its segment.,4,64,5000,15,60,6.6,50,"50 MP Wide, PDAF + 2 MP Macro + Auxiliary lens",13,Exynos 850 / Helio G80,entry,6nm,4G,PLS LCD,FHD+,800,Android,One UI,5,"Fingerprint, Face Unlock",Single Speaker,No official IP rating,1080p@30fps,49,58,89,51,52,58,80,budget,Everyday Use
Samsung,Galaxy F14 5G,4 GB + 64 GB,9000,discontinued,new,2023,TODO_SAMSUNG_IMAGE_URL,smartphone,Galaxy F14 5G is a Samsung Galaxy smartphone from 2023 with balanced everyday features for its segment.,4,64,5000,15,60,6.6,50,"50 MP Wide, PDAF + 2 MP Macro + Auxiliary lens",13,Exynos 850 / Helio G80,entry,6nm,5G,PLS LCD,FHD+,800,Android,One UI,5,"Fingerprint, Face Unlock",Single Speaker,No official IP rating,1080p@30fps,49,58,89,51,52,58,80,budget,Everyday Use
Samsung,Galaxy F34 5G,6 GB + 128 GB,18900,discontinued,new,2023,TODO_SAMSUNG_IMAGE_URL,smartphone,Galaxy F34 5G is a Samsung Galaxy smartphone from 2023 with balanced everyday features for its segment.,6,128,5000,25,90,6.6,50,"50 MP Wide, PDAF, OIS + 8 MP Ultrawide + 2 MP Main",13,Exynos 1330 / MediaTek Helio G99,midrange,6nm,5G,Super AMOLED,FHD+,1000,Android,One UI,5,"Fingerprint, Face Unlock",Single Speaker,No official IP rating,4K@30fps,66,72,89,66,78,69,84,midrange,Everyday Use
Samsung,Galaxy F34 5G,8 GB + 128 GB,20900,discontinued,new,2023,TODO_SAMSUNG_IMAGE_URL,smartphone,Galaxy F34 5G is a Samsung Galaxy smartphone from 2023 with balanced everyday features for its segment.,8,128,5000,25,90,6.6,50,"50 MP Wide, PDAF, OIS + 8 MP Ultrawide + 2 MP Main",13,Exynos 1330 / MediaTek Helio G99,midrange,6nm,5G,Super AMOLED,FHD+,1000,Android,One UI,5,"Fingerprint, Face Unlock",Single Speaker,No official IP rating,4K@30fps,67,72,89,67,78,69,84,midrange,Everyday Use
Samsung,Galaxy F54 5G,8 GB + 256 GB,30600,discontinued,new,2023,TODO_SAMSUNG_IMAGE_URL,smartphone,Galaxy F54 5G is a Samsung Galaxy smartphone from 2023 with balanced everyday features for its segment.,8,256,5000,25,120,6.6,108,"108 MP Wide, PDAF, OIS + 8 MP Ultrawide + 2 MP Macro",32,Exynos 1380,upper-midrange,6nm,5G,Super AMOLED,FHD+,1200,Android,One UI,5,"Fingerprint, Face Unlock",Stereo Speakers,IP67,4K@30fps,82,88,89,81,95,79,80,midrange,"Everyday Use, Photography Enthusiasts"
Samsung,Galaxy F05,4 GB + 64 GB,8100,in-stock,new,2024,TODO_SAMSUNG_IMAGE_URL,smartphone,Galaxy F05 is a Samsung Galaxy smartphone from 2024 with balanced everyday features for its segment.,4,64,5000,25,60,6.5,50,"50 MP Wide, AF + Auxiliary lens",8,MediaTek Helio G85 / Dimensity 6100+,entry,6nm,4G,PLS LCD,HD+,600,Android,One UI,6,"Fingerprint, Face Unlock",Single Speaker,No official IP rating,1080p@30fps,52,59,90,54,55,60,83,budget,Everyday Use
Samsung,Galaxy F15 5G,4 GB + 128 GB,13500,in-stock,new,2024,TODO_SAMSUNG_IMAGE_URL,smartphone,Galaxy F15 5G is a Samsung Galaxy smartphone from 2024 with balanced everyday features for its segment.,4,128,5000,25,90,6.6,50,"50 MP Wide, AF + 5 MP Ultrawide + 2 MP Macro",13,MediaTek Helio G85 / Dimensity 6100+,entry,6nm,5G,Super AMOLED,FHD+,800,Android,One UI,6,"Fingerprint, Face Unlock",Single Speaker,No official IP rating,1080p@30fps,54,61,90,54,65,60,85,budget,Everyday Use
Samsung,Galaxy F15 5G,6 GB + 128 GB,15500,in-stock,new,2024,TODO_SAMSUNG_IMAGE_URL,smartphone,Galaxy F15 5G is a Samsung Galaxy smartphone from 2024 with balanced everyday features for its segment.,6,128,5000,25,90,6.6,50,"50 MP Wide, AF + 5 MP Ultrawide + 2 MP Macro",13,MediaTek Helio G85 / Dimensity 6100+,entry,6nm,5G,Super AMOLED,FHD+,800,Android,One UI,6,"Fingerprint, Face Unlock",Single Speaker,No official IP rating,1080p@30fps,55,61,90,55,65,60,85,budget,Everyday Use
Samsung,Galaxy F15 5G,8 GB + 128 GB,17500,in-stock,new,2024,TODO_SAMSUNG_IMAGE_URL,smartphone,Galaxy F15 5G is a Samsung Galaxy smartphone from 2024 with balanced everyday features for its segment.,8,128,5000,25,90,6.6,50,"50 MP Wide, AF + 5 MP Ultrawide + 2 MP Macro",13,MediaTek Helio G85 / Dimensity 6100+,entry,6nm,5G,Super AMOLED,FHD+,800,Android,One UI,6,"Fingerprint, Face Unlock",Single Speaker,No official IP rating,1080p@30fps,56,61,90,56,65,60,85,budget,Everyday Use
Samsung,Galaxy F55 5G,8 GB + 128 GB,20999,in-stock,new,2024,TODO_SAMSUNG_IMAGE_URL,smartphone,Galaxy F55 5G is a Samsung Galaxy smartphone from 2024 with balanced everyday features for its segment.,8,128,5000,45,120,6.6,50,"50 MP Wide, PDAF, OIS + 8 MP Ultrawide + 2 MP Macro",50,Exynos 1480 / Snapdragon 7 Gen 1,upper-midrange,6nm,5G,Super AMOLED,FHD+,1600,Android,One UI,6,"Fingerprint, Face Unlock",Stereo Speakers,IP67,4K@30fps,85,89,90,84,98,81,91,midrange,"Everyday Use, Photography Enthusiasts"
Samsung,Galaxy F55 5G,8 GB + 256 GB,25499,in-stock,new,2024,TODO_SAMSUNG_IMAGE_URL,smartphone,Galaxy F55 5G is a Samsung Galaxy smartphone from 2024 with balanced everyday features for its segment.,8,256,5000,45,120,6.6,50,"50 MP Wide, PDAF, OIS + 8 MP Ultrawide + 2 MP Macro",50,Exynos 1480 / Snapdragon 7 Gen 1,upper-midrange,6nm,5G,Super AMOLED,FHD+,1600,Android,One UI,6,"Fingerprint, Face Unlock",Stereo Speakers,IP67,4K@30fps,85,89,90,84,98,81,85,midrange,"Everyday Use, Photography Enthusiasts"
Samsung,Galaxy F55 5G,12 GB + 256 GB,29499,in-stock,new,2024,TODO_SAMSUNG_IMAGE_URL,smartphone,Galaxy F55 5G is a Samsung Galaxy smartphone from 2024 with balanced everyday features for its segment.,12,256,5000,45,120,6.6,50,"50 MP Wide, PDAF, OIS + 8 MP Ultrawide + 2 MP Macro",50,Exynos 1480 / Snapdragon 7 Gen 1,upper-midrange,6nm,5G,Super AMOLED,FHD+,1600,Android,One UI,6,"Fingerprint, Face Unlock",Stereo Speakers,IP67,4K@30fps,87,89,90,86,98,81,85,midrange,"Everyday Use, Photography Enthusiasts"
Samsung,Galaxy F06 5G,4 GB + 64 GB,11890,in-stock,new,2025,TODO_SAMSUNG_IMAGE_URL,smartphone,Galaxy F06 5G is a Samsung Galaxy smartphone from 2025 with balanced everyday features for its segment.,4,64,5000,25,60,6.5,50,"50 MP Wide, PDAF + Auxiliary lens",8,Exynos 1330 / Dimensity 6300,entry,6nm,5G,PLS LCD,HD+,600,Android,One UI,7,"Fingerprint, Face Unlock",Single Speaker,No official IP rating,1080p@30fps,55,62,91,57,57,62,87,budget,Everyday Use
Samsung,Galaxy F06 5G,4 GB + 128 GB,16390,in-stock,new,2025,TODO_SAMSUNG_IMAGE_URL,smartphone,Galaxy F06 5G is a Samsung Galaxy smartphone from 2025 with balanced everyday features for its segment.,4,128,5000,25,60,6.5,50,"50 MP Wide, PDAF + Auxiliary lens",8,Exynos 1330 / Dimensity 6300,entry,6nm,5G,PLS LCD,HD+,600,Android,One UI,7,"Fingerprint, Face Unlock",Single Speaker,No official IP rating,1080p@30fps,55,62,91,57,57,62,87,budget,Everyday Use
Samsung,Galaxy F06 5G,6 GB + 128 GB,18390,in-stock,new,2025,TODO_SAMSUNG_IMAGE_URL,smartphone,Galaxy F06 5G is a Samsung Galaxy smartphone from 2025 with balanced everyday features for its segment.,6,128,5000,25,60,6.5,50,"50 MP Wide, PDAF + Auxiliary lens",8,Exynos 1330 / Dimensity 6300,entry,6nm,5G,PLS LCD,HD+,600,Android,One UI,7,"Fingerprint, Face Unlock",Single Speaker,No official IP rating,1080p@30fps,56,62,91,58,57,62,87,budget,Everyday Use
Samsung,Galaxy F07,4 GB + 64 GB,9935,in-stock,new,2025,TODO_SAMSUNG_IMAGE_URL,smartphone,Galaxy F07 is a Samsung Galaxy smartphone from 2025 with balanced everyday features for its segment.,4,64,5000,25,60,6.5,50,"50 MP Wide, PDAF + Auxiliary lens",8,Exynos 1330 / Dimensity 6300,entry,6nm,4G,PLS LCD,HD+,600,Android,One UI,7,"Fingerprint, Face Unlock",Single Speaker,No official IP rating,1080p@30fps,55,62,91,57,57,62,85,budget,Everyday Use
Samsung,Galaxy F16 5G,4 GB + 128 GB,10800,in-stock,new,2025,TODO_SAMSUNG_IMAGE_URL,smartphone,Galaxy F16 5G is a Samsung Galaxy smartphone from 2025 with balanced everyday features for its segment.,4,128,5000,25,90,6.6,50,"50 MP Wide, AF + 5 MP Ultrawide + 2 MP Macro",13,Exynos 1330 / Dimensity 6300,entry,6nm,5G,Super AMOLED,FHD+,800,Android,One UI,7,"Fingerprint, Face Unlock",Single Speaker,No official IP rating,1080p@30fps,57,64,91,57,67,62,87,budget,Everyday Use
Samsung,Galaxy F16 5G,6 GB + 128 GB,12800,in-stock,new,2025,TODO_SAMSUNG_IMAGE_URL,smartphone,Galaxy F16 5G is a Samsung Galaxy smartphone from 2025 with balanced everyday features for its segment.,6,128,5000,25,90,6.6,50,"50 MP Wide, AF + 5 MP Ultrawide + 2 MP Macro",13,Exynos 1330 / Dimensity 6300,entry,6nm,5G,Super AMOLED,FHD+,800,Android,One UI,7,"Fingerprint, Face Unlock",Single Speaker,No official IP rating,1080p@30fps,58,64,91,58,67,62,87,budget,Everyday Use
Samsung,Galaxy F16 5G,8 GB + 128 GB,14800,in-stock,new,2025,TODO_SAMSUNG_IMAGE_URL,smartphone,Galaxy F16 5G is a Samsung Galaxy smartphone from 2025 with balanced everyday features for its segment.,8,128,5000,25,90,6.6,50,"50 MP Wide, AF + 5 MP Ultrawide + 2 MP Macro",13,Exynos 1330 / Dimensity 6300,entry,6nm,5G,Super AMOLED,FHD+,800,Android,One UI,7,"Fingerprint, Face Unlock",Single Speaker,No official IP rating,1080p@30fps,59,64,91,59,67,62,87,budget,Everyday Use
Samsung,Galaxy F36 5G,6 GB + 128 GB,17489,in-stock,new,2025,TODO_SAMSUNG_IMAGE_URL,smartphone,Galaxy F36 5G is a Samsung Galaxy smartphone from 2025 with balanced everyday features for its segment.,6,128,5000,25,90,6.6,50,"50 MP Wide, PDAF, OIS + 8 MP Ultrawide + 2 MP Macro",13,Exynos 1380 / Dimensity 6300,midrange,6nm,5G,Super AMOLED,FHD+,1000,Android,One UI,7,"Fingerprint, Face Unlock",Single Speaker,No official IP rating,4K@30fps,72,78,91,72,83,73,91,midrange,Everyday Use
Samsung,Galaxy F36 5G,8 GB + 128 GB,19489,in-stock,new,2025,TODO_SAMSUNG_IMAGE_URL,smartphone,Galaxy F36 5G is a Samsung Galaxy smartphone from 2025 with balanced everyday features for its segment.,8,128,5000,25,90,6.6,50,"50 MP Wide, PDAF, OIS + 8 MP Ultrawide + 2 MP Macro",13,Exynos 1380 / Dimensity 6300,midrange,6nm,5G,Super AMOLED,FHD+,1000,Android,One UI,7,"Fingerprint, Face Unlock",Single Speaker,No official IP rating,4K@30fps,73,78,91,73,83,73,91,midrange,Everyday Use
Samsung,Galaxy F36 5G,8 GB + 256 GB,23989,in-stock,new,2025,TODO_SAMSUNG_IMAGE_URL,smartphone,Galaxy F36 5G is a Samsung Galaxy smartphone from 2025 with balanced everyday features for its segment.,8,256,5000,25,90,6.6,50,"50 MP Wide, PDAF, OIS + 8 MP Ultrawide + 2 MP Macro",13,Exynos 1380 / Dimensity 6300,midrange,6nm,5G,Super AMOLED,FHD+,1000,Android,One UI,7,"Fingerprint, Face Unlock",Single Speaker,No official IP rating,4K@30fps,73,78,91,73,83,73,91,midrange,Everyday Use
Samsung,Galaxy F56 5G,8 GB + 128 GB,22000,in-stock,new,2025,TODO_SAMSUNG_IMAGE_URL,smartphone,Galaxy F56 5G is a Samsung Galaxy smartphone from 2025 with balanced everyday features for its segment.,8,128,5000,45,120,6.6,50,"50 MP Wide, PDAF, OIS + 8 MP Ultrawide + 2 MP Macro",12,Exynos 1580,upper-midrange,6nm,5G,Super AMOLED,FHD+,1600,Android,One UI,7,"Fingerprint, Face Unlock",Stereo Speakers,IP67,4K@30fps,88,92,91,87,100,83,91,midrange,"Everyday Use, Photography Enthusiasts"
Samsung,Galaxy F56 5G,8 GB + 256 GB,26500,in-stock,new,2025,TODO_SAMSUNG_IMAGE_URL,smartphone,Galaxy F56 5G is a Samsung Galaxy smartphone from 2025 with balanced everyday features for its segment.,8,256,5000,45,120,6.6,50,"50 MP Wide, PDAF, OIS + 8 MP Ultrawide + 2 MP Macro",12,Exynos 1580,upper-midrange,6nm,5G,Super AMOLED,FHD+,1600,Android,One UI,7,"Fingerprint, Face Unlock",Stereo Speakers,IP67,4K@30fps,88,92,91,87,100,83,85,midrange,"Everyday Use, Photography Enthusiasts"
Samsung,Galaxy J2 (2017),1 GB + 8 GB,10800,discontinued,refurbished,2017,TODO_SAMSUNG_IMAGE_URL,smartphone,Galaxy J2 (2017) is a Samsung Galaxy smartphone from 2017 with balanced everyday features for its segment.,1,8,2600,15,60,6.5,5,"5 MP Main, AF",2,Exynos 7570,entry,10nm,4G,PLS LCD,HD+,600,Android,Samsung Experience,8.1,"Fingerprint, Face Unlock",Single Speaker,No official IP rating,1080p@30fps,29,32,62,31,38,45,66,budget,Everyday Use
Samsung,Galaxy J3 (2017),1.5 GB + 16 GB,9900,discontinued,refurbished,2017,TODO_SAMSUNG_IMAGE_URL,smartphone,Galaxy J3 (2017) is a Samsung Galaxy smartphone from 2017 with balanced everyday features for its segment.,1.5,16,2600,15,60,6.5,13,"13 MP Main, AF",5,Exynos 7570,entry,10nm,4G,PLS LCD,HD+,600,Android,Samsung Experience,8.1,"Fingerprint, Face Unlock",Single Speaker,No official IP rating,1080p@30fps,29,32,62,31,38,45,66,budget,Everyday Use
Samsung,Galaxy J3 (2017),2 GB + 16 GB,10400,discontinued,refurbished,2017,TODO_SAMSUNG_IMAGE_URL,smartphone,Galaxy J3 (2017) is a Samsung Galaxy smartphone from 2017 with balanced everyday features for its segment.,2,16,2600,15,60,6.5,13,"13 MP Main, AF",5,Exynos 7570,entry,10nm,4G,PLS LCD,HD+,600,Android,Samsung Experience,8.1,"Fingerprint, Face Unlock",Single Speaker,No official IP rating,1080p@30fps,29,32,62,31,38,45,66,budget,Everyday Use
Samsung,Galaxy J5 (2017),2 GB + 16 GB,11700,discontinued,refurbished,2017,TODO_SAMSUNG_IMAGE_URL,smartphone,Galaxy J5 (2017) is a Samsung Galaxy smartphone from 2017 with balanced everyday features for its segment.,2,16,3300,15,60,6.6,13,"13 MP Wide, AF",13,Exynos 7570,entry,10nm,4G,PLS LCD,FHD+,800,Android,Samsung Experience,8.1,"Fingerprint, Face Unlock",Single Speaker,No official IP rating,1080p@30fps,29,32,68,31,38,45,68,budget,Everyday Use
Samsung,Galaxy J5 (2017),2 GB + 32 GB,16200,discontinued,refurbished,2017,TODO_SAMSUNG_IMAGE_URL,smartphone,Galaxy J5 (2017) is a Samsung Galaxy smartphone from 2017 with balanced everyday features for its segment.,2,32,3300,15,60,6.6,13,"13 MP Wide, AF",13,Exynos 7570,entry,10nm,4G,PLS LCD,FHD+,800,Android,Samsung Experience,8.1,"Fingerprint, Face Unlock",Single Speaker,No official IP rating,1080p@30fps,29,32,68,31,38,45,68,budget,Everyday Use
Samsung,Galaxy J5 (2017),3 GB + 32 GB,17200,discontinued,refurbished,2017,TODO_SAMSUNG_IMAGE_URL,smartphone,Galaxy J5 (2017) is a Samsung Galaxy smartphone from 2017 with balanced everyday features for its segment.,3,32,3300,15,60,6.6,13,"13 MP Wide, AF",13,Exynos 7570,entry,10nm,4G,PLS LCD,FHD+,800,Android,Samsung Experience,8.1,"Fingerprint, Face Unlock",Single Speaker,No official IP rating,1080p@30fps,30,32,68,32,38,45,68,budget,Everyday Use
Samsung,Galaxy J7 (2017),2 GB + 16 GB,18000,discontinued,refurbished,2017,TODO_SAMSUNG_IMAGE_URL,smartphone,Galaxy J7 (2017) is a Samsung Galaxy smartphone from 2017 with balanced everyday features for its segment.,2,16,3300,15,60,6.6,13,"13 MP Wide, AF",13,Exynos 7570,entry,10nm,4G,PLS LCD,FHD+,800,Android,Samsung Experience,8.1,"Fingerprint, Face Unlock",Single Speaker,No official IP rating,1080p@30fps,29,32,68,31,38,45,68,budget,Everyday Use
Samsung,Galaxy J7 (2017),3 GB + 16 GB,19000,discontinued,refurbished,2017,TODO_SAMSUNG_IMAGE_URL,smartphone,Galaxy J7 (2017) is a Samsung Galaxy smartphone from 2017 with balanced everyday features for its segment.,3,16,3300,15,60,6.6,13,"13 MP Wide, AF",13,Exynos 7570,entry,10nm,4G,PLS LCD,FHD+,800,Android,Samsung Experience,8.1,"Fingerprint, Face Unlock",Single Speaker,No official IP rating,1080p@30fps,30,32,68,32,38,45,68,budget,Everyday Use
Samsung,Galaxy J7 (2017),3 GB + 32 GB,23500,discontinued,refurbished,2017,TODO_SAMSUNG_IMAGE_URL,smartphone,Galaxy J7 (2017) is a Samsung Galaxy smartphone from 2017 with balanced everyday features for its segment.,3,32,3300,15,60,6.6,13,"13 MP Wide, AF",13,Exynos 7570,entry,10nm,4G,PLS LCD,FHD+,800,Android,Samsung Experience,8.1,"Fingerprint, Face Unlock",Single Speaker,No official IP rating,1080p@30fps,30,32,68,32,38,45,68,budget,Everyday Use
Samsung,Galaxy J7 (2017),3 GB + 64 GB,28000,discontinued,refurbished,2017,TODO_SAMSUNG_IMAGE_URL,smartphone,Galaxy J7 (2017) is a Samsung Galaxy smartphone from 2017 with balanced everyday features for its segment.,3,64,3300,15,60,6.6,13,"13 MP Wide, AF",13,Exynos 7570,entry,10nm,4G,PLS LCD,FHD+,800,Android,Samsung Experience,8.1,"Fingerprint, Face Unlock",Single Speaker,No official IP rating,1080p@30fps,30,32,68,32,38,45,62,budget,Everyday Use
Samsung,Galaxy J7 Max,4 GB + 32 GB,15300,discontinued,refurbished,2017,TODO_SAMSUNG_IMAGE_URL,smartphone,Galaxy J7 Max is a Samsung Galaxy smartphone from 2017 with balanced everyday features for its segment.,4,32,3300,15,60,6.6,13,"13 MP Main, AF",13,Exynos 7570,entry,10nm,4G,PLS LCD,FHD+,800,Android,Samsung Experience,8.1,"Fingerprint, Face Unlock",Single Speaker,No official IP rating,1080p@30fps,30,32,68,32,38,45,66,budget,Everyday Use
Samsung,Galaxy J7 Nxt,2 GB + 16 GB,16200,discontinued,refurbished,2017,TODO_SAMSUNG_IMAGE_URL,smartphone,Galaxy J7 Nxt is a Samsung Galaxy smartphone from 2017 with balanced everyday features for its segment.,2,16,2600,15,60,6.5,13,"13 MP Wide, AF",5,Exynos 7570,entry,10nm,4G,PLS LCD,HD+,600,Android,Samsung Experience,8.1,"Fingerprint, Face Unlock",Single Speaker,No official IP rating,1080p@30fps,29,32,62,31,38,45,66,budget,Everyday Use
Samsung,Galaxy J7 Nxt,3 GB + 32 GB,21700,discontinued,refurbished,2017,TODO_SAMSUNG_IMAGE_URL,smartphone,Galaxy J7 Nxt is a Samsung Galaxy smartphone from 2017 with balanced everyday features for its segment.,3,32,2600,15,60,6.5,13,"13 MP Wide, AF",5,Exynos 7570,entry,10nm,4G,PLS LCD,HD+,600,Android,Samsung Experience,8.1,"Fingerprint, Face Unlock",Single Speaker,No official IP rating,1080p@30fps,30,32,62,32,38,45,66,budget,Everyday Use
Samsung,Galaxy J7+,3 GB + 32 GB,20700,discontinued,refurbished,2017,TODO_SAMSUNG_IMAGE_URL,smartphone,Galaxy J7+ is a Samsung Galaxy smartphone from 2017 with balanced everyday features for its segment.,3,32,5000,15,60,6.6,13,"13 MP Main, AF + Auxiliary lens",16,Exynos 7870,midrange,10nm,4G,Super AMOLED,FHD+,1000,Android,Samsung Experience,8.1,"Fingerprint, Face Unlock",Single Speaker,No official IP rating,4K@30fps,44,47,82,46,62,56,72,midrange,Everyday Use
Samsung,Galaxy J7+,4 GB + 32 GB,21700,discontinued,refurbished,2017,TODO_SAMSUNG_IMAGE_URL,smartphone,Galaxy J7+ is a Samsung Galaxy smartphone from 2017 with balanced everyday features for its segment.,4,32,5000,15,60,6.6,13,"13 MP Main, AF + Auxiliary lens",16,Exynos 7870,midrange,10nm,4G,Super AMOLED,FHD+,1000,Android,Samsung Experience,8.1,"Fingerprint, Face Unlock",Single Speaker,No official IP rating,4K@30fps,44,47,82,46,62,56,72,midrange,Everyday Use
Samsung,Galaxy J7+,4 GB + 64 GB,26200,discontinued,refurbished,2017,TODO_SAMSUNG_IMAGE_URL,smartphone,Galaxy J7+ is a Samsung Galaxy smartphone from 2017 with balanced everyday features for its segment.,4,64,5000,15,60,6.6,13,"13 MP Main, AF + Auxiliary lens",16,Exynos 7870,midrange,10nm,4G,Super AMOLED,FHD+,1000,Android,Samsung Experience,8.1,"Fingerprint, Face Unlock",Single Speaker,No official IP rating,4K@30fps,44,47,82,46,62,56,66,midrange,Everyday Use
Samsung,Galaxy C7 Pro,4 GB + 64 GB,27000,discontinued,refurbished,2017,TODO_SAMSUNG_IMAGE_URL,smartphone,Galaxy C7 Pro is a Samsung Galaxy smartphone from 2017 with balanced everyday features for its segment.,4,64,5000,15,60,6.6,16,"16 MP Main, AF",16,Exynos 7870,midrange,10nm,4G,Super AMOLED,FHD+,1000,Android,Samsung Experience,8.1,"Fingerprint, Face Unlock",Single Speaker,No official IP rating,4K@30fps,44,47,82,46,62,56,64,midrange,Everyday Use
Samsung,Galaxy C8,3 GB + 32 GB,20700,discontinued,refurbished,2017,TODO_SAMSUNG_IMAGE_URL,smartphone,Galaxy C8 is a Samsung Galaxy smartphone from 2017 with balanced everyday features for its segment.,3,32,5000,15,60,6.6,13,"13 MP Main, AF + Auxiliary lens",16,Exynos 7870,midrange,10nm,4G,Super AMOLED,FHD+,1000,Android,Samsung Experience,8.1,"Fingerprint, Face Unlock",Single Speaker,No official IP rating,4K@30fps,44,47,82,46,62,56,72,midrange,Everyday Use
Samsung,Galaxy C8,4 GB + 32 GB,21700,discontinued,refurbished,2017,TODO_SAMSUNG_IMAGE_URL,smartphone,Galaxy C8 is a Samsung Galaxy smartphone from 2017 with balanced everyday features for its segment.,4,32,5000,15,60,6.6,13,"13 MP Main, AF + Auxiliary lens",16,Exynos 7870,midrange,10nm,4G,Super AMOLED,FHD+,1000,Android,Samsung Experience,8.1,"Fingerprint, Face Unlock",Single Speaker,No official IP rating,4K@30fps,44,47,82,46,62,56,72,midrange,Everyday Use
Samsung,Galaxy C8,4 GB + 64 GB,26200,discontinued,refurbished,2017,TODO_SAMSUNG_IMAGE_URL,smartphone,Galaxy C8 is a Samsung Galaxy smartphone from 2017 with balanced everyday features for its segment.,4,64,5000,15,60,6.6,13,"13 MP Main, AF + Auxiliary lens",16,Exynos 7870,midrange,10nm,4G,Super AMOLED,FHD+,1000,Android,Samsung Experience,8.1,"Fingerprint, Face Unlock",Single Speaker,No official IP rating,4K@30fps,44,47,82,46,62,56,66,midrange,Everyday Use
Samsung,Galaxy XCover4,2 GB + 16 GB,21600,discontinued,refurbished,2017,TODO_SAMSUNG_IMAGE_URL,smartphone,"Galaxy XCover4 is a rugged Samsung phone built for durability, field use, and dependable battery life.",2,16,3000,15,60,5.3,13,"13 MP Main, AF",5,Exynos 7870,midrange,10nm,4G,PLS LCD,FHD+,700,Android,Samsung Experience,8.1,"Fingerprint, Face Unlock",Loud Speaker,IP68/MIL-STD-810H,1080p@30fps,43,46,65,45,54,56,70,midrange,"Outdoor Work, Durability Seekers"
Samsung,Galaxy J2 Pro (2018),1.5 GB + 16 GB,10800,discontinued,refurbished,2018,TODO_SAMSUNG_IMAGE_URL,smartphone,Galaxy J2 Pro (2018) is a Samsung Galaxy smartphone from 2018 with balanced everyday features for its segment.,1.5,16,2600,15,60,6.5,8,"8 MP Main, AF",5,Exynos 7570,entry,10nm,4G,PLS LCD,HD+,600,Android,Samsung Experience,9,"Fingerprint, Face Unlock",Single Speaker,No official IP rating,1080p@30fps,32,34,63,34,40,47,68,budget,Everyday Use
Samsung,Galaxy J2 Pro (2018),2 GB + 16 GB,11300,discontinued,refurbished,2018,TODO_SAMSUNG_IMAGE_URL,smartphone,Galaxy J2 Pro (2018) is a Samsung Galaxy smartphone from 2018 with balanced everyday features for its segment.,2,16,2600,15,60,6.5,8,"8 MP Main, AF",5,Exynos 7570,entry,10nm,4G,PLS LCD,HD+,600,Android,Samsung Experience,9,"Fingerprint, Face Unlock",Single Speaker,No official IP rating,1080p@30fps,32,34,63,34,40,47,68,budget,Everyday Use
Samsung,Galaxy J2 Core,1 GB + 8 GB,10800,discontinued,refurbished,2018,TODO_SAMSUNG_IMAGE_URL,smartphone,Galaxy J2 Core is a Samsung Galaxy smartphone from 2018 with balanced everyday features for its segment.,1,8,2600,15,60,6.5,8,"8 MP Main, AF",5,Exynos 7570,entry,10nm,4G,PLS LCD,HD+,600,Android,Samsung Experience,9,"Fingerprint, Face Unlock",Single Speaker,No official IP rating,1080p@30fps,32,34,63,34,40,47,68,budget,Everyday Use
Samsung,Galaxy J2 Core,1 GB + 16 GB,15300,discontinued,refurbished,2018,TODO_SAMSUNG_IMAGE_URL,smartphone,Galaxy J2 Core is a Samsung Galaxy smartphone from 2018 with balanced everyday features for its segment.,1,16,2600,15,60,6.5,8,"8 MP Main, AF",5,Exynos 7570,entry,10nm,4G,PLS LCD,HD+,600,Android,Samsung Experience,9,"Fingerprint, Face Unlock",Single Speaker,No official IP rating,1080p@30fps,32,34,63,34,40,47,68,budget,Everyday Use
Samsung,Galaxy J3 (2018),2 GB + 16 GB,13500,discontinued,refurbished,2018,TODO_SAMSUNG_IMAGE_URL,smartphone,Galaxy J3 (2018) is a Samsung Galaxy smartphone from 2018 with balanced everyday features for its segment.,2,16,2600,15,60,6.5,8,"8 MP Main, AF",5,Exynos 7570,entry,10nm,4G,PLS LCD,HD+,600,Android,Samsung Experience,9,"Fingerprint, Face Unlock",Single Speaker,No official IP rating,1080p@30fps,32,34,63,34,40,47,68,budget,Everyday Use
Samsung,Galaxy J4,2 GB + 16 GB,12600,discontinued,refurbished,2018,TODO_SAMSUNG_IMAGE_URL,smartphone,Galaxy J4 is a Samsung Galaxy smartphone from 2018 with balanced everyday features for its segment.,2,16,2600,15,60,6.5,13,"13 MP Wide, AF",5,Exynos 7570,entry,10nm,4G,PLS LCD,HD+,600,Android,Samsung Experience,9,"Fingerprint, Face Unlock",Single Speaker,No official IP rating,1080p@30fps,32,35,63,34,40,47,70,budget,Everyday Use
Samsung,Galaxy J4,2 GB + 32 GB,17100,discontinued,refurbished,2018,TODO_SAMSUNG_IMAGE_URL,smartphone,Galaxy J4 is a Samsung Galaxy smartphone from 2018 with balanced everyday features for its segment.,2,32,2600,15,60,6.5,13,"13 MP Wide, AF",5,Exynos 7570,entry,10nm,4G,PLS LCD,HD+,600,Android,Samsung Experience,9,"Fingerprint, Face Unlock",Single Speaker,No official IP rating,1080p@30fps,32,35,63,34,40,47,70,budget,Everyday Use
Samsung,Galaxy J4,3 GB + 32 GB,18100,discontinued,refurbished,2018,TODO_SAMSUNG_IMAGE_URL,smartphone,Galaxy J4 is a Samsung Galaxy smartphone from 2018 with balanced everyday features for its segment.,3,32,2600,15,60,6.5,13,"13 MP Wide, AF",5,Exynos 7570,entry,10nm,4G,PLS LCD,HD+,600,Android,Samsung Experience,9,"Fingerprint, Face Unlock",Single Speaker,No official IP rating,1080p@30fps,33,35,63,35,40,47,70,budget,Everyday Use
Samsung,Galaxy J4+,2 GB + 16 GB,19800,discontinued,refurbished,2018,TODO_SAMSUNG_IMAGE_URL,smartphone,Galaxy J4+ is a Samsung Galaxy smartphone from 2018 with balanced everyday features for its segment.,2,16,2600,15,60,6.5,13,"13 MP Wide, AF",5,Exynos 7570,entry,10nm,4G,PLS LCD,HD+,600,Android,Samsung Experience,9,"Fingerprint, Face Unlock",Single Speaker,No official IP rating,1080p@30fps,32,35,63,34,40,47,70,budget,Everyday Use
Samsung,Galaxy J4+,2 GB + 32 GB,24300,discontinued,refurbished,2018,TODO_SAMSUNG_IMAGE_URL,smartphone,Galaxy J4+ is a Samsung Galaxy smartphone from 2018 with balanced everyday features for its segment.,2,32,2600,15,60,6.5,13,"13 MP Wide, AF",5,Exynos 7570,entry,10nm,4G,PLS LCD,HD+,600,Android,Samsung Experience,9,"Fingerprint, Face Unlock",Single Speaker,No official IP rating,1080p@30fps,32,35,63,34,40,47,70,budget,Everyday Use
Samsung,Galaxy J4+,3 GB + 32 GB,25300,discontinued,refurbished,2018,TODO_SAMSUNG_IMAGE_URL,smartphone,Galaxy J4+ is a Samsung Galaxy smartphone from 2018 with balanced everyday features for its segment.,3,32,2600,15,60,6.5,13,"13 MP Wide, AF",5,Exynos 7570,entry,10nm,4G,PLS LCD,HD+,600,Android,Samsung Experience,9,"Fingerprint, Face Unlock",Single Speaker,No official IP rating,1080p@30fps,33,35,63,35,40,47,64,budget,Everyday Use
Samsung,Galaxy J4 Core,1 GB + 16 GB,13500,discontinued,refurbished,2018,TODO_SAMSUNG_IMAGE_URL,smartphone,Galaxy J4 Core is a Samsung Galaxy smartphone from 2018 with balanced everyday features for its segment.,1,16,2600,15,60,6.5,8,"8 MP Main, AF",5,Exynos 7570,entry,10nm,4G,PLS LCD,HD+,600,Android,Samsung Experience,9,"Fingerprint, Face Unlock",Single Speaker,No official IP rating,1080p@30fps,32,34,63,34,40,47,68,budget,Everyday Use
Samsung,Galaxy J6,2 GB + 32 GB,16200,discontinued,refurbished,2018,TODO_SAMSUNG_IMAGE_URL,smartphone,Galaxy J6 is a Samsung Galaxy smartphone from 2018 with balanced everyday features for its segment.,2,32,3300,15,60,6.6,13,"13 MP Wide, AF",8,Exynos 7570,entry,10nm,4G,PLS LCD,FHD+,800,Android,Samsung Experience,9,"Fingerprint, Face Unlock",Single Speaker,No official IP rating,1080p@30fps,32,35,69,34,40,47,70,budget,Everyday Use
Samsung,Galaxy J6,3 GB + 32 GB,17200,discontinued,refurbished,2018,TODO_SAMSUNG_IMAGE_URL,smartphone,Galaxy J6 is a Samsung Galaxy smartphone from 2018 with balanced everyday features for its segment.,3,32,3300,15,60,6.6,13,"13 MP Wide, AF",8,Exynos 7570,entry,10nm,4G,PLS LCD,FHD+,800,Android,Samsung Experience,9,"Fingerprint, Face Unlock",Single Speaker,No official IP rating,1080p@30fps,33,35,69,35,40,47,70,budget,Everyday Use
Samsung,Galaxy J6,4 GB + 64 GB,22700,discontinued,refurbished,2018,TODO_SAMSUNG_IMAGE_URL,smartphone,Galaxy J6 is a Samsung Galaxy smartphone from 2018 with balanced everyday features for its segment.,4,64,3300,15,60,6.6,13,"13 MP Wide, AF",8,Exynos 7570,entry,10nm,4G,PLS LCD,FHD+,800,Android,Samsung Experience,9,"Fingerprint, Face Unlock",Single Speaker,No official IP rating,1080p@30fps,33,35,69,35,40,47,70,budget,Everyday Use
Samsung,Galaxy J6+,3 GB + 32 GB,18000,discontinued,refurbished,2018,TODO_SAMSUNG_IMAGE_URL,smartphone,Galaxy J6+ is a Samsung Galaxy smartphone from 2018 with balanced everyday features for its segment.,3,32,3300,15,60,6.6,13,"13 MP Wide, AF + Auxiliary lens",8,Exynos 7570,entry,10nm,4G,PLS LCD,FHD+,800,Android,Samsung Experience,9,"Fingerprint, Face Unlock",Single Speaker,No official IP rating,1080p@30fps,33,36,69,35,40,47,68,budget,Everyday Use
Samsung,Galaxy J6+,4 GB + 64 GB,23500,discontinued,refurbished,2018,TODO_SAMSUNG_IMAGE_URL,smartphone,Galaxy J6+ is a Samsung Galaxy smartphone from 2018 with balanced everyday features for its segment.,4,64,3300,15,60,6.6,13,"13 MP Wide, AF + Auxiliary lens",8,Exynos 7570,entry,10nm,4G,PLS LCD,FHD+,800,Android,Samsung Experience,9,"Fingerprint, Face Unlock",Single Speaker,No official IP rating,1080p@30fps,33,36,69,35,40,47,68,budget,Everyday Use
Samsung,Galaxy J7 Duo,3 GB + 32 GB,21600,discontinued,refurbished,2018,TODO_SAMSUNG_IMAGE_URL,smartphone,Galaxy J7 Duo is a Samsung Galaxy smartphone from 2018 with balanced everyday features for its segment.,3,32,3300,15,60,6.6,13,"13 MP Main, AF + Auxiliary lens",8,Exynos 7570,entry,10nm,4G,PLS LCD,FHD+,800,Android,Samsung Experience,9,"Fingerprint, Face Unlock",Single Speaker,No official IP rating,1080p@30fps,33,36,69,35,40,47,68,budget,Everyday Use
Samsung,Galaxy J7 Duo,4 GB + 32 GB,22600,discontinued,refurbished,2018,TODO_SAMSUNG_IMAGE_URL,smartphone,Galaxy J7 Duo is a Samsung Galaxy smartphone from 2018 with balanced everyday features for its segment.,4,32,3300,15,60,6.6,13,"13 MP Main, AF + Auxiliary lens",8,Exynos 7570,entry,10nm,4G,PLS LCD,FHD+,800,Android,Samsung Experience,9,"Fingerprint, Face Unlock",Single Speaker,No official IP rating,1080p@30fps,33,36,69,35,40,47,68,budget,Everyday Use
Samsung,Galaxy J7 Prime 2,3 GB + 32 GB,15300,discontinued,refurbished,2018,TODO_SAMSUNG_IMAGE_URL,smartphone,Galaxy J7 Prime 2 is a Samsung Galaxy smartphone from 2018 with balanced everyday features for its segment.,3,32,3300,15,60,6.6,13,"13 MP Wide, AF",13,Exynos 7570,entry,10nm,4G,PLS LCD,FHD+,800,Android,Samsung Experience,9,"Fingerprint, Face Unlock",Single Speaker,No official IP rating,1080p@30fps,33,35,69,35,40,47,68,budget,Everyday Use
Samsung,Galaxy J8,3 GB + 32 GB,27900,discontinued,refurbished,2018,TODO_SAMSUNG_IMAGE_URL,smartphone,Galaxy J8 is a Samsung Galaxy smartphone from 2018 with balanced everyday features for its segment.,3,32,5000,15,60,6.6,16,"16 MP Main, AF + Auxiliary lens",16,Exynos 7870,midrange,10nm,4G,Super AMOLED,FHD+,1000,Android,Samsung Experience,9,"Fingerprint, Face Unlock",Single Speaker,No official IP rating,4K@30fps,47,51,83,49,64,58,66,midrange,Everyday Use
Samsung,Galaxy J8,4 GB + 64 GB,33400,discontinued,refurbished,2018,TODO_SAMSUNG_IMAGE_URL,smartphone,Galaxy J8 is a Samsung Galaxy smartphone from 2018 with balanced everyday features for its segment.,4,64,5000,15,60,6.6,16,"16 MP Main, AF + Auxiliary lens",16,Exynos 7870,midrange,10nm,4G,Super AMOLED,FHD+,1000,Android,Samsung Experience,9,"Fingerprint, Face Unlock",Single Speaker,No official IP rating,4K@30fps,47,51,83,49,64,58,66,midrange,Everyday Use
Samsung,Galaxy A2 Core,1 GB + 8 GB,10800,discontinued,refurbished,2019,TODO_SAMSUNG_IMAGE_URL,smartphone,Galaxy A2 Core is a Samsung Galaxy smartphone from 2019 with balanced everyday features for its segment.,1,8,2600,15,60,6.5,5,"5 MP Main, AF",5,Exynos 7884 / Helio P22,entry,8nm,4G,PLS LCD,HD+,600,Android,One UI,1,"Fingerprint, Face Unlock",Single Speaker,No official IP rating,1080p@30fps,35,37,64,37,43,49,71,budget,Everyday Use
Samsung,Galaxy A2 Core,1 GB + 16 GB,15300,discontinued,refurbished,2019,TODO_SAMSUNG_IMAGE_URL,smartphone,Galaxy A2 Core is a Samsung Galaxy smartphone from 2019 with balanced everyday features for its segment.,1,16,2600,15,60,6.5,5,"5 MP Main, AF",5,Exynos 7884 / Helio P22,entry,8nm,4G,PLS LCD,HD+,600,Android,One UI,1,"Fingerprint, Face Unlock",Single Speaker,No official IP rating,1080p@30fps,35,37,64,37,43,49,71,budget,Everyday Use
Samsung,Galaxy XCover FieldPro,4 GB + 64 GB,91800,discontinued,refurbished,2019,TODO_SAMSUNG_IMAGE_URL,smartphone,"Galaxy XCover FieldPro is a rugged Samsung phone built for durability, field use, and dependable battery life.",4,64,3000,15,60,5.3,12,"12 MP Wide, PDAF",8,Exynos 7904 / Snapdragon 675,midrange,8nm,4G,PLS LCD,FHD+,700,Android,One UI,1,"Fingerprint, Face Unlock",Loud Speaker,IP68/MIL-STD-810H,1080p@30fps,50,51,67,52,59,60,65,midrange,"Outdoor Work, Durability Seekers"
Samsung,Galaxy XCover Pro,4 GB + 64 GB,10800,discontinued,refurbished,2020,TODO_SAMSUNG_IMAGE_URL,smartphone,"Galaxy XCover Pro is a rugged Samsung phone built for durability, field use, and dependable battery life.",4,64,3000,15,60,5.3,25,"25 MP Wide, PDAF + 8 MP Ultrawide",13,Exynos 9611 / MediaTek Helio P65,midrange,8nm,4G,PLS LCD,FHD+,700,Android,One UI,2,"Fingerprint, Face Unlock",Loud Speaker,IP68/MIL-STD-810H,1080p@30fps,53,59,69,55,61,62,77,midrange,"Outdoor Work, Durability Seekers"
Samsung,Galaxy XCover5,4 GB + 64 GB,5400,discontinued,new,2021,TODO_SAMSUNG_IMAGE_URL,smartphone,"Galaxy XCover5 is a rugged Samsung phone built for durability, field use, and dependable battery life.",4,64,3000,15,60,5.3,16,"16 MP Main, PDAF",5,MediaTek Dimensity 720 / Snapdragon 720G,midrange,6nm,4G,PLS LCD,FHD+,700,Android,One UI,3,"Fingerprint, Face Unlock",Loud Speaker,IP68/MIL-STD-810H,1080p@30fps,56,58,70,58,64,64,80,midrange,"Outdoor Work, Durability Seekers"
Samsung,Galaxy XCover6 Pro,6 GB + 128 GB,13442,discontinued,new,2022,TODO_SAMSUNG_IMAGE_URL,smartphone,"Galaxy XCover6 Pro is a rugged Samsung phone built for durability, field use, and dependable battery life.",6,128,4050,15,60,6.6,50,"50 MP Wide, PDAF + 8 MP Ultrawide",13,Snapdragon 695 / Exynos 1280,midrange,6nm,5G,PLS LCD,FHD+,700,Android,One UI,4,"Fingerprint, Face Unlock",Loud Speaker,IP68/MIL-STD-810H,1080p@30fps,61,68,80,63,66,67,82,midrange,"Outdoor Work, Durability Seekers"
Samsung,Galaxy XCover7,4 GB + 64 GB,27389,in-stock,new,2024,TODO_SAMSUNG_IMAGE_URL,smartphone,"Galaxy XCover7 is a rugged Samsung phone built for durability, field use, and dependable battery life.",4,64,4050,15,60,6.6,50,"50 MP Wide, PDAF",5,Exynos 1380 / Dimensity 6100+,midrange,6nm,5G,PLS LCD,FHD+,700,Android,One UI,6,"Fingerprint, Face Unlock",Loud Speaker,IP68/MIL-STD-810H,1080p@30fps,66,72,82,68,71,71,81,midrange,"Outdoor Work, Durability Seekers"
Samsung,Galaxy XCover7,6 GB + 128 GB,33889,in-stock,new,2024,TODO_SAMSUNG_IMAGE_URL,smartphone,"Galaxy XCover7 is a rugged Samsung phone built for durability, field use, and dependable battery life.",6,128,4050,15,60,6.6,50,"50 MP Wide, PDAF",5,Exynos 1380 / Dimensity 6100+,midrange,6nm,5G,PLS LCD,FHD+,700,Android,One UI,6,"Fingerprint, Face Unlock",Loud Speaker,IP68/MIL-STD-810H,1080p@30fps,67,72,82,69,71,71,81,midrange,"Outdoor Work, Durability Seekers"
Samsung,Galaxy XCover7 Pro,6 GB + 128 GB,32361,in-stock,new,2025,TODO_SAMSUNG_IMAGE_URL,smartphone,"Galaxy XCover7 Pro is a rugged Samsung phone built for durability, field use, and dependable battery life.",6,128,4050,15,60,6.6,50,"50 MP Wide, PDAF + 8 MP Ultrawide",13,Exynos 1380 / Dimensity 6300,midrange,6nm,5G,PLS LCD,FHD+,700,Android,One UI,7,"Fingerprint, Face Unlock",Loud Speaker,IP68/MIL-STD-810H,1080p@30fps,70,76,83,72,73,73,83,midrange,"Outdoor Work, Durability Seekers"
Samsung,Galaxy XCover7 Pro,8 GB + 256 GB,38861,in-stock,new,2025,TODO_SAMSUNG_IMAGE_URL,smartphone,"Galaxy XCover7 Pro is a rugged Samsung phone built for durability, field use, and dependable battery life.",8,256,4050,15,60,6.6,50,"50 MP Wide, PDAF + 8 MP Ultrawide",13,Exynos 1380 / Dimensity 6300,midrange,6nm,5G,PLS LCD,FHD+,700,Android,One UI,7,"Fingerprint, Face Unlock",Loud Speaker,IP68/MIL-STD-810H,1080p@30fps,71,76,83,73,73,73,83,midrange,"Outdoor Work, Durability Seekers"
Samsung,Galaxy S8,4 GB + 64 GB,20700,discontinued,refurbished,2017,TODO_SAMSUNG_IMAGE_URL,smartphone,"Galaxy S8 is a Galaxy flagship focused on premium performance, cameras, display quality, and long-term daily use.",4,64,4000,25,60,6.2,12,"12 MP Wide, dual pixel PDAF, OIS",8,Exynos 8895 / Snapdragon 835,flagship,10nm,4G,Dynamic AMOLED 2X,FHD+,1200,Android,Samsung Experience,8.1,"Ultrasonic Fingerprint, Face Unlock",Stereo Speakers,IP68,4K@60fps,70,74,73,72,88,76,58,premium,"Heavy Gamers, Photography Enthusiasts"
Samsung,Galaxy S8+,4 GB + 64 GB,38700,discontinued,refurbished,2017,TODO_SAMSUNG_IMAGE_URL,smartphone,"Galaxy S8+ is a Galaxy flagship focused on premium performance, cameras, display quality, and long-term daily use.",4,64,4700,25,60,6.7,12,"12 MP Wide, dual pixel PDAF, OIS",8,Exynos 8895 / Snapdragon 835,flagship,10nm,4G,Dynamic AMOLED 2X,QHD+,1200,Android,Samsung Experience,8.1,"Ultrasonic Fingerprint, Face Unlock",Stereo Speakers,IP68,4K@60fps,70,74,79,72,88,76,52,premium,"Heavy Gamers, Photography Enthusiasts"
Samsung,Galaxy S8+,6 GB + 128 GB,45200,discontinued,refurbished,2017,TODO_SAMSUNG_IMAGE_URL,smartphone,"Galaxy S8+ is a Galaxy flagship focused on premium performance, cameras, display quality, and long-term daily use.",6,128,4700,25,60,6.7,12,"12 MP Wide, dual pixel PDAF, OIS",8,Exynos 8895 / Snapdragon 835,flagship,10nm,4G,Dynamic AMOLED 2X,QHD+,1200,Android,Samsung Experience,8.1,"Ultrasonic Fingerprint, Face Unlock",Stereo Speakers,IP68,4K@60fps,71,74,79,73,88,76,52,premium,"Heavy Gamers, Photography Enthusiasts"
Samsung,Galaxy S8 Active,4 GB + 64 GB,49500,discontinued,refurbished,2017,TODO_SAMSUNG_IMAGE_URL,smartphone,"Galaxy S8 Active is a Galaxy flagship focused on premium performance, cameras, display quality, and long-term daily use.",4,64,4000,25,60,6.2,12,"12 MP Wide, dual pixel PDAF, OIS",8,Exynos 8895 / Snapdragon 835,flagship,10nm,4G,Dynamic AMOLED 2X,FHD+,1200,Android,Samsung Experience,8.1,"Ultrasonic Fingerprint, Face Unlock",Stereo Speakers,IP68,4K@60fps,70,74,73,72,88,76,52,premium,"Heavy Gamers, Photography Enthusiasts"
Samsung,Galaxy Note FE,4 GB + 64 GB,45000,discontinued,refurbished,2017,TODO_SAMSUNG_IMAGE_URL,smartphone,"Galaxy Note FE is a Galaxy flagship focused on premium performance, cameras, display quality, and long-term daily use.",4,64,4500,25,60,6.2,12,"12 MP Wide, dual pixel PDAF, OIS",5,Exynos 8895 / Snapdragon 835,flagship,10nm,4G,Dynamic AMOLED 2X,FHD+,1200,Android,Samsung Experience,8.1,"Ultrasonic Fingerprint, Face Unlock",Stereo Speakers,IP68,4K@60fps,70,74,78,72,88,76,52,premium,"Heavy Gamers, Photography Enthusiasts"
Samsung,Galaxy Note8,6 GB + 64 GB,45000,discontinued,refurbished,2017,TODO_SAMSUNG_IMAGE_URL,smartphone,"Galaxy Note8 is a Galaxy flagship focused on premium performance, cameras, display quality, and long-term daily use.",6,64,4000,25,60,6.2,12,"12 MP Wide, dual pixel PDAF, OIS + 12 MP Telephoto, AF, OIS, 2x Optical Zoom",8,Exynos 8895 / Snapdragon 835,flagship,10nm,4G,Dynamic AMOLED 2X,FHD+,1200,Android,Samsung Experience,8.1,"Ultrasonic Fingerprint, Face Unlock",Stereo Speakers,IP68,4K@60fps,71,75,73,73,88,76,54,premium,"Heavy Gamers, Photography Enthusiasts"
Samsung,Galaxy Note8,6 GB + 128 GB,49500,discontinued,refurbished,2017,TODO_SAMSUNG_IMAGE_URL,smartphone,"Galaxy Note8 is a Galaxy flagship focused on premium performance, cameras, display quality, and long-term daily use.",6,128,4000,25,60,6.2,12,"12 MP Wide, dual pixel PDAF, OIS + 12 MP Telephoto, AF, OIS, 2x Optical Zoom",8,Exynos 8895 / Snapdragon 835,flagship,10nm,4G,Dynamic AMOLED 2X,FHD+,1200,Android,Samsung Experience,8.1,"Ultrasonic Fingerprint, Face Unlock",Stereo Speakers,IP68,4K@60fps,71,75,73,73,88,76,54,premium,"Heavy Gamers, Photography Enthusiasts"
Samsung,Galaxy Note8,6 GB + 256 GB,54000,discontinued,refurbished,2017,TODO_SAMSUNG_IMAGE_URL,smartphone,"Galaxy Note8 is a Galaxy flagship focused on premium performance, cameras, display quality, and long-term daily use.",6,256,4000,25,60,6.2,12,"12 MP Wide, dual pixel PDAF, OIS + 12 MP Telephoto, AF, OIS, 2x Optical Zoom",8,Exynos 8895 / Snapdragon 835,flagship,10nm,4G,Dynamic AMOLED 2X,FHD+,1200,Android,Samsung Experience,8.1,"Ultrasonic Fingerprint, Face Unlock",Stereo Speakers,IP68,4K@60fps,71,75,73,73,88,76,54,premium,"Heavy Gamers, Photography Enthusiasts"
Samsung,Galaxy S9,4 GB + 64 GB,9900,discontinued,refurbished,2018,TODO_SAMSUNG_IMAGE_URL,smartphone,"Galaxy S9 is a Galaxy flagship focused on premium performance, cameras, display quality, and long-term daily use.",4,64,4000,25,60,6.2,12,"12 MP Wide, dual pixel PDAF, OIS",8,Exynos 9810 / Snapdragon 845,flagship,10nm,4G,Dynamic AMOLED 2X,FHD+,1200,Android,Samsung Experience,9,"Ultrasonic Fingerprint, Face Unlock",Stereo Speakers,IP68,4K@60fps,73,76,75,75,90,78,62,premium,"Heavy Gamers, Photography Enthusiasts"
Samsung,Galaxy S9,4 GB + 128 GB,14400,discontinued,refurbished,2018,TODO_SAMSUNG_IMAGE_URL,smartphone,"Galaxy S9 is a Galaxy flagship focused on premium performance, cameras, display quality, and long-term daily use.",4,128,4000,25,60,6.2,12,"12 MP Wide, dual pixel PDAF, OIS",8,Exynos 9810 / Snapdragon 845,flagship,10nm,4G,Dynamic AMOLED 2X,FHD+,1200,Android,Samsung Experience,9,"Ultrasonic Fingerprint, Face Unlock",Stereo Speakers,IP68,4K@60fps,73,76,75,75,90,78,62,premium,"Heavy Gamers, Photography Enthusiasts"
Samsung,Galaxy S9,4 GB + 256 GB,18900,discontinued,refurbished,2018,TODO_SAMSUNG_IMAGE_URL,smartphone,"Galaxy S9 is a Galaxy flagship focused on premium performance, cameras, display quality, and long-term daily use.",4,256,4000,25,60,6.2,12,"12 MP Wide, dual pixel PDAF, OIS",8,Exynos 9810 / Snapdragon 845,flagship,10nm,4G,Dynamic AMOLED 2X,FHD+,1200,Android,Samsung Experience,9,"Ultrasonic Fingerprint, Face Unlock",Stereo Speakers,IP68,4K@60fps,73,76,75,75,90,78,62,premium,"Heavy Gamers, Photography Enthusiasts"
Samsung,Galaxy S9+,4 GB + 64 GB,18000,discontinued,refurbished,2018,TODO_SAMSUNG_IMAGE_URL,smartphone,"Galaxy S9+ is a Galaxy flagship focused on premium performance, cameras, display quality, and long-term daily use.",4,64,4700,25,60,6.7,12,"12 MP Wide, dual pixel PDAF, OIS + 12 MP Telephoto, AF, OIS, 2x Optical Zoom",8,Exynos 9810 / Snapdragon 845,flagship,10nm,4G,Dynamic AMOLED 2X,QHD+,1200,Android,Samsung Experience,9,"Ultrasonic Fingerprint, Face Unlock",Stereo Speakers,IP68,4K@60fps,73,78,80,75,90,78,62,premium,"Heavy Gamers, Photography Enthusiasts"
Samsung,Galaxy S9+,6 GB + 64 GB,20000,discontinued,refurbished,2018,TODO_SAMSUNG_IMAGE_URL,smartphone,"Galaxy S9+ is a Galaxy flagship focused on premium performance, cameras, display quality, and long-term daily use.",6,64,4700,25,60,6.7,12,"12 MP Wide, dual pixel PDAF, OIS + 12 MP Telephoto, AF, OIS, 2x Optical Zoom",8,Exynos 9810 / Snapdragon 845,flagship,10nm,4G,Dynamic AMOLED 2X,QHD+,1200,Android,Samsung Experience,9,"Ultrasonic Fingerprint, Face Unlock",Stereo Speakers,IP68,4K@60fps,74,78,80,76,90,78,62,premium,"Heavy Gamers, Photography Enthusiasts"
Samsung,Galaxy S9+,6 GB + 128 GB,24500,discontinued,refurbished,2018,TODO_SAMSUNG_IMAGE_URL,smartphone,"Galaxy S9+ is a Galaxy flagship focused on premium performance, cameras, display quality, and long-term daily use.",6,128,4700,25,60,6.7,12,"12 MP Wide, dual pixel PDAF, OIS + 12 MP Telephoto, AF, OIS, 2x Optical Zoom",8,Exynos 9810 / Snapdragon 845,flagship,10nm,4G,Dynamic AMOLED 2X,QHD+,1200,Android,Samsung Experience,9,"Ultrasonic Fingerprint, Face Unlock",Stereo Speakers,IP68,4K@60fps,74,78,80,76,90,78,62,premium,"Heavy Gamers, Photography Enthusiasts"
Samsung,Galaxy S9+,6 GB + 256 GB,29000,discontinued,refurbished,2018,TODO_SAMSUNG_IMAGE_URL,smartphone,"Galaxy S9+ is a Galaxy flagship focused on premium performance, cameras, display quality, and long-term daily use.",6,256,4700,25,60,6.7,12,"12 MP Wide, dual pixel PDAF, OIS + 12 MP Telephoto, AF, OIS, 2x Optical Zoom",8,Exynos 9810 / Snapdragon 845,flagship,10nm,4G,Dynamic AMOLED 2X,QHD+,1200,Android,Samsung Experience,9,"Ultrasonic Fingerprint, Face Unlock",Stereo Speakers,IP68,4K@60fps,74,78,80,76,90,78,56,premium,"Heavy Gamers, Photography Enthusiasts"
Samsung,Galaxy Note9,6 GB + 128 GB,38700,discontinued,refurbished,2018,TODO_SAMSUNG_IMAGE_URL,smartphone,"Galaxy Note9 is a Galaxy flagship focused on premium performance, cameras, display quality, and long-term daily use.",6,128,4000,25,60,6.2,12,"12 MP Wide, dual pixel PDAF, OIS + 12 MP Telephoto, AF, OIS, 2x Optical Zoom",8,Exynos 9810 / Snapdragon 845,flagship,10nm,4G,Dynamic AMOLED 2X,FHD+,1200,Android,Samsung Experience,9,"Ultrasonic Fingerprint, Face Unlock",Stereo Speakers,IP68,4K@60fps,74,78,75,76,90,78,56,premium,"Heavy Gamers, Photography Enthusiasts"
Samsung,Galaxy Note9,8 GB + 128 GB,40700,discontinued,refurbished,2018,TODO_SAMSUNG_IMAGE_URL,smartphone,"Galaxy Note9 is a Galaxy flagship focused on premium performance, cameras, display quality, and long-term daily use.",8,128,4000,25,60,6.2,12,"12 MP Wide, dual pixel PDAF, OIS + 12 MP Telephoto, AF, OIS, 2x Optical Zoom",8,Exynos 9810 / Snapdragon 845,flagship,10nm,4G,Dynamic AMOLED 2X,FHD+,1200,Android,Samsung Experience,9,"Ultrasonic Fingerprint, Face Unlock",Stereo Speakers,IP68,4K@60fps,75,78,75,77,90,78,56,premium,"Heavy Gamers, Photography Enthusiasts"
Samsung,Galaxy Note9,8 GB + 512 GB,49700,discontinued,refurbished,2018,TODO_SAMSUNG_IMAGE_URL,smartphone,"Galaxy Note9 is a Galaxy flagship focused on premium performance, cameras, display quality, and long-term daily use.",8,512,4000,25,60,6.2,12,"12 MP Wide, dual pixel PDAF, OIS + 12 MP Telephoto, AF, OIS, 2x Optical Zoom",8,Exynos 9810 / Snapdragon 845,flagship,10nm,4G,Dynamic AMOLED 2X,FHD+,1200,Android,Samsung Experience,9,"Ultrasonic Fingerprint, Face Unlock",Stereo Speakers,IP68,4K@60fps,75,78,75,77,90,78,56,premium,"Heavy Gamers, Photography Enthusiasts"
Samsung,Galaxy S10e,6 GB + 128 GB,11700,discontinued,refurbished,2019,TODO_SAMSUNG_IMAGE_URL,smartphone,"Galaxy S10e is a Galaxy flagship focused on premium performance, cameras, display quality, and long-term daily use.",6,128,4000,25,60,6.2,12,"12 MP Wide, dual pixel PDAF, OIS + 16 MP Ultrawide",10,Exynos 9820 / Snapdragon 855,flagship,8nm,4G,Dynamic AMOLED 2X,FHD+,1200,Android,One UI,1,"Ultrasonic Fingerprint, Face Unlock",Stereo Speakers,IP68,4K@60fps,77,80,76,79,93,80,65,premium,"Heavy Gamers, Photography Enthusiasts"
Samsung,Galaxy S10e,8 GB + 128 GB,13700,discontinued,refurbished,2019,TODO_SAMSUNG_IMAGE_URL,smartphone,"Galaxy S10e is a Galaxy flagship focused on premium performance, cameras, display quality, and long-term daily use.",8,128,4000,25,60,6.2,12,"12 MP Wide, dual pixel PDAF, OIS + 16 MP Ultrawide",10,Exynos 9820 / Snapdragon 855,flagship,8nm,4G,Dynamic AMOLED 2X,FHD+,1200,Android,One UI,1,"Ultrasonic Fingerprint, Face Unlock",Stereo Speakers,IP68,4K@60fps,78,80,76,80,93,80,65,premium,"Heavy Gamers, Photography Enthusiasts"
Samsung,Galaxy S10e,8 GB + 256 GB,18200,discontinued,refurbished,2019,TODO_SAMSUNG_IMAGE_URL,smartphone,"Galaxy S10e is a Galaxy flagship focused on premium performance, cameras, display quality, and long-term daily use.",8,256,4000,25,60,6.2,12,"12 MP Wide, dual pixel PDAF, OIS + 16 MP Ultrawide",10,Exynos 9820 / Snapdragon 855,flagship,8nm,4G,Dynamic AMOLED 2X,FHD+,1200,Android,One UI,1,"Ultrasonic Fingerprint, Face Unlock",Stereo Speakers,IP68,4K@60fps,78,80,76,80,93,80,65,premium,"Heavy Gamers, Photography Enthusiasts"
Samsung,Galaxy S10,8 GB + 128 GB,34200,discontinued,refurbished,2019,TODO_SAMSUNG_IMAGE_URL,smartphone,"Galaxy S10 is a Galaxy flagship focused on premium performance, cameras, display quality, and long-term daily use.",8,128,4000,25,60,6.2,12,"12 MP Wide, dual pixel PDAF, OIS + 12 MP Telephoto, AF, OIS, 2x Optical Zoom + 16 MP Ultrawide + 0.3 MP Depth",10,Exynos 9820 / Snapdragon 855,flagship,8nm,4G,Dynamic AMOLED 2X,FHD+,1200,Android,One UI,1,"Ultrasonic Fingerprint, Face Unlock",Stereo Speakers,IP68,4K@60fps,78,83,76,80,93,80,59,premium,"Heavy Gamers, Photography Enthusiasts"
Samsung,Galaxy S10,8 GB + 256 GB,38700,discontinued,refurbished,2019,TODO_SAMSUNG_IMAGE_URL,smartphone,"Galaxy S10 is a Galaxy flagship focused on premium performance, cameras, display quality, and long-term daily use.",8,256,4000,25,60,6.2,12,"12 MP Wide, dual pixel PDAF, OIS + 12 MP Telephoto, AF, OIS, 2x Optical Zoom + 16 MP Ultrawide + 0.3 MP Depth",10,Exynos 9820 / Snapdragon 855,flagship,8nm,4G,Dynamic AMOLED 2X,FHD+,1200,Android,One UI,1,"Ultrasonic Fingerprint, Face Unlock",Stereo Speakers,IP68,4K@60fps,78,83,76,80,93,80,59,premium,"Heavy Gamers, Photography Enthusiasts"
Samsung,Galaxy S10,8 GB + 512 GB,43200,discontinued,refurbished,2019,TODO_SAMSUNG_IMAGE_URL,smartphone,"Galaxy S10 is a Galaxy flagship focused on premium performance, cameras, display quality, and long-term daily use.",8,512,4000,25,60,6.2,12,"12 MP Wide, dual pixel PDAF, OIS + 12 MP Telephoto, AF, OIS, 2x Optical Zoom + 16 MP Ultrawide + 0.3 MP Depth",10,Exynos 9820 / Snapdragon 855,flagship,8nm,4G,Dynamic AMOLED 2X,FHD+,1200,Android,One UI,1,"Ultrasonic Fingerprint, Face Unlock",Stereo Speakers,IP68,4K@60fps,78,83,76,80,93,80,59,premium,"Heavy Gamers, Photography Enthusiasts"
Samsung,Galaxy S10+,6 GB + 128 GB,25720,discontinued,refurbished,2019,TODO_SAMSUNG_IMAGE_URL,smartphone,"Galaxy S10+ is a Galaxy flagship focused on premium performance, cameras, display quality, and long-term daily use.",6,128,4700,25,60,6.7,12,"12 MP Wide, dual pixel PDAF, OIS + 12 MP Telephoto, AF, OIS, 2x Optical Zoom + 16 MP Ultrawide",10,Exynos 9820 / Snapdragon 855,flagship,8nm,4G,Dynamic AMOLED 2X,QHD+,1200,Android,One UI,1,"Ultrasonic Fingerprint, Face Unlock",Stereo Speakers,IP68,4K@60fps,77,82,82,79,93,80,59,premium,"Heavy Gamers, Photography Enthusiasts"
Samsung,Galaxy S10+,8 GB + 128 GB,27720,discontinued,refurbished,2019,TODO_SAMSUNG_IMAGE_URL,smartphone,"Galaxy S10+ is a Galaxy flagship focused on premium performance, cameras, display quality, and long-term daily use.",8,128,4700,25,60,6.7,12,"12 MP Wide, dual pixel PDAF, OIS + 12 MP Telephoto, AF, OIS, 2x Optical Zoom + 16 MP Ultrawide",10,Exynos 9820 / Snapdragon 855,flagship,8nm,4G,Dynamic AMOLED 2X,QHD+,1200,Android,One UI,1,"Ultrasonic Fingerprint, Face Unlock",Stereo Speakers,IP68,4K@60fps,78,82,82,80,93,80,59,premium,"Heavy Gamers, Photography Enthusiasts"
Samsung,Galaxy S10+,8 GB + 512 GB,36720,discontinued,refurbished,2019,TODO_SAMSUNG_IMAGE_URL,smartphone,"Galaxy S10+ is a Galaxy flagship focused on premium performance, cameras, display quality, and long-term daily use.",8,512,4700,25,60,6.7,12,"12 MP Wide, dual pixel PDAF, OIS + 12 MP Telephoto, AF, OIS, 2x Optical Zoom + 16 MP Ultrawide",10,Exynos 9820 / Snapdragon 855,flagship,8nm,4G,Dynamic AMOLED 2X,QHD+,1200,Android,One UI,1,"Ultrasonic Fingerprint, Face Unlock",Stereo Speakers,IP68,4K@60fps,78,82,82,80,93,80,59,premium,"Heavy Gamers, Photography Enthusiasts"
Samsung,Galaxy S10+,12 GB + 1024 GB,45220,discontinued,refurbished,2019,TODO_SAMSUNG_IMAGE_URL,smartphone,"Galaxy S10+ is a Galaxy flagship focused on premium performance, cameras, display quality, and long-term daily use.",12,1024,4700,25,60,6.7,12,"12 MP Wide, dual pixel PDAF, OIS + 12 MP Telephoto, AF, OIS, 2x Optical Zoom + 16 MP Ultrawide",10,Exynos 9820 / Snapdragon 855,flagship,8nm,4G,Dynamic AMOLED 2X,QHD+,1200,Android,One UI,1,"Ultrasonic Fingerprint, Face Unlock",Stereo Speakers,IP68,4K@60fps,80,82,82,82,93,80,59,premium,"Heavy Gamers, Photography Enthusiasts"
Samsung,Galaxy S10 5G,8 GB + 128 GB,34200,discontinued,refurbished,2019,TODO_SAMSUNG_IMAGE_URL,smartphone,"Galaxy S10 5G is a Galaxy flagship focused on premium performance, cameras, display quality, and long-term daily use.",8,128,4000,25,60,6.2,12,"12 MP Wide, dual pixel PDAF, OIS + 12 MP Telephoto, AF, OIS, 2x Optical Zoom + 16 MP Ultrawide + 0.3 MP Depth",10,Exynos 9820 / Snapdragon 855,flagship,8nm,5G,Dynamic AMOLED 2X,FHD+,1200,Android,One UI,1,"Ultrasonic Fingerprint, Face Unlock",Stereo Speakers,IP68,4K@60fps,78,83,76,80,93,80,59,premium,"Heavy Gamers, Photography Enthusiasts"
Samsung,Galaxy S10 5G,8 GB + 256 GB,38700,discontinued,refurbished,2019,TODO_SAMSUNG_IMAGE_URL,smartphone,"Galaxy S10 5G is a Galaxy flagship focused on premium performance, cameras, display quality, and long-term daily use.",8,256,4000,25,60,6.2,12,"12 MP Wide, dual pixel PDAF, OIS + 12 MP Telephoto, AF, OIS, 2x Optical Zoom + 16 MP Ultrawide + 0.3 MP Depth",10,Exynos 9820 / Snapdragon 855,flagship,8nm,5G,Dynamic AMOLED 2X,FHD+,1200,Android,One UI,1,"Ultrasonic Fingerprint, Face Unlock",Stereo Speakers,IP68,4K@60fps,78,83,76,80,93,80,59,premium,"Heavy Gamers, Photography Enthusiasts"
Samsung,Galaxy S10 5G,8 GB + 512 GB,43200,discontinued,refurbished,2019,TODO_SAMSUNG_IMAGE_URL,smartphone,"Galaxy S10 5G is a Galaxy flagship focused on premium performance, cameras, display quality, and long-term daily use.",8,512,4000,25,60,6.2,12,"12 MP Wide, dual pixel PDAF, OIS + 12 MP Telephoto, AF, OIS, 2x Optical Zoom + 16 MP Ultrawide + 0.3 MP Depth",10,Exynos 9820 / Snapdragon 855,flagship,8nm,5G,Dynamic AMOLED 2X,FHD+,1200,Android,One UI,1,"Ultrasonic Fingerprint, Face Unlock",Stereo Speakers,IP68,4K@60fps,78,83,76,80,93,80,59,premium,"Heavy Gamers, Photography Enthusiasts"
Samsung,Galaxy Fold,12 GB + 512 GB,126000,discontinued,refurbished,2019,TODO_SAMSUNG_IMAGE_URL,smartphone,Galaxy Fold is Samsung's book-style foldable flagship with a large inner display and multitasking-focused hardware.,12,512,4380,25,120,7.6,12,"12 MP Wide, dual pixel PDAF, OIS + 12 MP Telephoto, AF, OIS, 2x Optical Zoom + 16 MP Ultrawide",10,Exynos 9820 / Snapdragon 855,flagship,8nm,4G/5G,Foldable Dynamic AMOLED 2X,QXGA+,1750,Android,One UI,1,"Side Fingerprint, Face Unlock",Stereo Speakers,No official IP rating,8K@24fps,91,80,79,88,100,94,39,ultra-premium,"Productivity Users, Content Creators"
Samsung,Galaxy Note10,12 GB + 256 GB,99000,discontinued,refurbished,2019,TODO_SAMSUNG_IMAGE_URL,smartphone,"Galaxy Note10 is a Galaxy flagship focused on premium performance, cameras, display quality, and long-term daily use.",12,256,4000,25,60,6.2,12,"12 MP Wide, dual pixel PDAF, OIS + 12 MP Telephoto, PDAF, OIS, 2x Optical Zoom + 16 MP Ultrawide",10,Exynos 9820 / Snapdragon 855,flagship,8nm,4G,Dynamic AMOLED 2X,FHD+,1200,Android,One UI,1,"Ultrasonic Fingerprint, Face Unlock",Stereo Speakers,IP68,4K@60fps,80,82,76,82,93,80,53,premium,"Heavy Gamers, Photography Enthusiasts"
Samsung,Galaxy Note10+,12 GB + 256 GB,63000,discontinued,refurbished,2019,TODO_SAMSUNG_IMAGE_URL,smartphone,"Galaxy Note10+ is a Galaxy flagship focused on premium performance, cameras, display quality, and long-term daily use.",12,256,4700,25,60,6.7,12,"12 MP Wide, dual pixel PDAF, OIS + 12 MP Telephoto, PDAF, OIS, 2x Optical Zoom + 16 MP Ultrawide + 0.3 MP Depth",10,Exynos 9820 / Snapdragon 855,flagship,8nm,4G,Dynamic AMOLED 2X,QHD+,1200,Android,One UI,1,"Ultrasonic Fingerprint, Face Unlock",Stereo Speakers,IP68,4K@60fps,80,83,82,82,93,80,57,premium,"Heavy Gamers, Photography Enthusiasts"
Samsung,Galaxy Note10+,12 GB + 512 GB,67500,discontinued,refurbished,2019,TODO_SAMSUNG_IMAGE_URL,smartphone,"Galaxy Note10+ is a Galaxy flagship focused on premium performance, cameras, display quality, and long-term daily use.",12,512,4700,25,60,6.7,12,"12 MP Wide, dual pixel PDAF, OIS + 12 MP Telephoto, PDAF, OIS, 2x Optical Zoom + 16 MP Ultrawide + 0.3 MP Depth",10,Exynos 9820 / Snapdragon 855,flagship,8nm,4G,Dynamic AMOLED 2X,QHD+,1200,Android,One UI,1,"Ultrasonic Fingerprint, Face Unlock",Stereo Speakers,IP68,4K@60fps,80,83,82,82,93,80,57,premium,"Heavy Gamers, Photography Enthusiasts"
Samsung,Galaxy Note10+ 5G,12 GB + 256 GB,63000,discontinued,refurbished,2019,TODO_SAMSUNG_IMAGE_URL,smartphone,"Galaxy Note10+ 5G is a Galaxy flagship focused on premium performance, cameras, display quality, and long-term daily use.",12,256,4700,25,60,6.7,12,"12 MP Wide, dual pixel PDAF, OIS + 12 MP Telephoto, PDAF, OIS, 2x Optical Zoom + 16 MP Ultrawide + 0.3 MP Depth",10,Exynos 9820 / Snapdragon 855,flagship,8nm,5G,Dynamic AMOLED 2X,QHD+,1200,Android,One UI,1,"Ultrasonic Fingerprint, Face Unlock",Stereo Speakers,IP68,4K@60fps,80,83,82,82,93,80,57,premium,"Heavy Gamers, Photography Enthusiasts"
Samsung,Galaxy Note10+ 5G,12 GB + 512 GB,67500,discontinued,refurbished,2019,TODO_SAMSUNG_IMAGE_URL,smartphone,"Galaxy Note10+ 5G is a Galaxy flagship focused on premium performance, cameras, display quality, and long-term daily use.",12,512,4700,25,60,6.7,12,"12 MP Wide, dual pixel PDAF, OIS + 12 MP Telephoto, PDAF, OIS, 2x Optical Zoom + 16 MP Ultrawide + 0.3 MP Depth",10,Exynos 9820 / Snapdragon 855,flagship,8nm,5G,Dynamic AMOLED 2X,QHD+,1200,Android,One UI,1,"Ultrasonic Fingerprint, Face Unlock",Stereo Speakers,IP68,4K@60fps,80,83,82,82,93,80,57,premium,"Heavy Gamers, Photography Enthusiasts"
Samsung,Galaxy S10 Lite,6 GB + 128 GB,34200,discontinued,refurbished,2020,TODO_SAMSUNG_IMAGE_URL,smartphone,Galaxy S10 Lite is a Samsung Galaxy smartphone from 2020 with balanced everyday features for its segment.,6,128,4500,25,60,6.7,48,"48 MP Wide, PDAF, OIS + 12 MP Ultrawide + 5 MP Macro",32,Exynos 990 / Snapdragon 865,flagship,8nm,4G,Super AMOLED,FHD+,1200,Android,One UI,2,"Fingerprint, Face Unlock",Stereo Speakers,No official IP rating,4K@30fps,80,92,81,82,95,82,61,premium,Everyday Use
Samsung,Galaxy S10 Lite,8 GB + 128 GB,36200,discontinued,refurbished,2020,TODO_SAMSUNG_IMAGE_URL,smartphone,Galaxy S10 Lite is a Samsung Galaxy smartphone from 2020 with balanced everyday features for its segment.,8,128,4500,25,60,6.7,48,"48 MP Wide, PDAF, OIS + 12 MP Ultrawide + 5 MP Macro",32,Exynos 990 / Snapdragon 865,flagship,8nm,4G,Super AMOLED,FHD+,1200,Android,One UI,2,"Fingerprint, Face Unlock",Stereo Speakers,No official IP rating,4K@30fps,81,92,81,83,95,82,61,premium,Everyday Use
Samsung,Galaxy S10 Lite,8 GB + 512 GB,45200,discontinued,refurbished,2020,TODO_SAMSUNG_IMAGE_URL,smartphone,Galaxy S10 Lite is a Samsung Galaxy smartphone from 2020 with balanced everyday features for its segment.,8,512,4500,25,60,6.7,48,"48 MP Wide, PDAF, OIS + 12 MP Ultrawide + 5 MP Macro",32,Exynos 990 / Snapdragon 865,flagship,8nm,4G,Super AMOLED,FHD+,1200,Android,One UI,2,"Fingerprint, Face Unlock",Stereo Speakers,No official IP rating,4K@30fps,81,92,81,83,95,82,61,premium,Everyday Use
Samsung,Galaxy S20,8 GB + 128 GB,24300,discontinued,refurbished,2020,TODO_SAMSUNG_IMAGE_URL,smartphone,"Galaxy S20 is a Galaxy flagship focused on premium performance, cameras, display quality, and long-term daily use.",8,128,4000,25,120,6.2,12,"12 MP Wide, dual pixel PDAF, OIS + 64 MP Telephoto, PDAF, OIS, 1.1x Optical Zoom + 12 MP Ultrawide",10,Exynos 990 / Snapdragon 865,flagship,8nm,4G/5G,Dynamic AMOLED 2X,FHD+,1500,Android,One UI,2,"Ultrasonic Fingerprint, Face Unlock",Stereo Speakers,IP68,8K@24fps,86,84,77,83,100,82,65,premium,"Heavy Gamers, Photography Enthusiasts"
Samsung,Galaxy S20,12 GB + 128 GB,28300,discontinued,refurbished,2020,TODO_SAMSUNG_IMAGE_URL,smartphone,"Galaxy S20 is a Galaxy flagship focused on premium performance, cameras, display quality, and long-term daily use.",12,128,4000,25,120,6.2,12,"12 MP Wide, dual pixel PDAF, OIS + 64 MP Telephoto, PDAF, OIS, 1.1x Optical Zoom + 12 MP Ultrawide",10,Exynos 990 / Snapdragon 865,flagship,8nm,4G/5G,Dynamic AMOLED 2X,FHD+,1500,Android,One UI,2,"Ultrasonic Fingerprint, Face Unlock",Stereo Speakers,IP68,8K@24fps,88,84,77,85,100,82,59,premium,"Heavy Gamers, Photography Enthusiasts"
Samsung,Galaxy S20+,8 GB + 128 GB,24300,discontinued,refurbished,2020,TODO_SAMSUNG_IMAGE_URL,smartphone,"Galaxy S20+ is a Galaxy flagship focused on premium performance, cameras, display quality, and long-term daily use.",8,128,4700,25,120,6.7,12,"12 MP Wide, dual pixel PDAF, OIS + 64 MP Telephoto, PDAF, OIS, 1.1x Optical Zoom + 12 MP Ultrawide + 0.3 MP Depth",10,Exynos 990 / Snapdragon 865,flagship,8nm,4G/5G,Dynamic AMOLED 2X,QHD+,1500,Android,One UI,2,"Ultrasonic Fingerprint, Face Unlock",Stereo Speakers,IP68,8K@24fps,86,86,83,83,100,82,67,premium,"Heavy Gamers, Photography Enthusiasts"
Samsung,Galaxy S20+,12 GB + 128 GB,28300,discontinued,refurbished,2020,TODO_SAMSUNG_IMAGE_URL,smartphone,"Galaxy S20+ is a Galaxy flagship focused on premium performance, cameras, display quality, and long-term daily use.",12,128,4700,25,120,6.7,12,"12 MP Wide, dual pixel PDAF, OIS + 64 MP Telephoto, PDAF, OIS, 1.1x Optical Zoom + 12 MP Ultrawide + 0.3 MP Depth",10,Exynos 990 / Snapdragon 865,flagship,8nm,4G/5G,Dynamic AMOLED 2X,QHD+,1500,Android,One UI,2,"Ultrasonic Fingerprint, Face Unlock",Stereo Speakers,IP68,8K@24fps,88,86,83,85,100,82,61,premium,"Heavy Gamers, Photography Enthusiasts"
Samsung,Galaxy S20+,12 GB + 256 GB,32800,discontinued,refurbished,2020,TODO_SAMSUNG_IMAGE_URL,smartphone,"Galaxy S20+ is a Galaxy flagship focused on premium performance, cameras, display quality, and long-term daily use.",12,256,4700,25,120,6.7,12,"12 MP Wide, dual pixel PDAF, OIS + 64 MP Telephoto, PDAF, OIS, 1.1x Optical Zoom + 12 MP Ultrawide + 0.3 MP Depth",10,Exynos 990 / Snapdragon 865,flagship,8nm,4G/5G,Dynamic AMOLED 2X,QHD+,1500,Android,One UI,2,"Ultrasonic Fingerprint, Face Unlock",Stereo Speakers,IP68,8K@24fps,88,86,83,85,100,82,61,premium,"Heavy Gamers, Photography Enthusiasts"
Samsung,Galaxy S20+,12 GB + 512 GB,37300,discontinued,refurbished,2020,TODO_SAMSUNG_IMAGE_URL,smartphone,"Galaxy S20+ is a Galaxy flagship focused on premium performance, cameras, display quality, and long-term daily use.",12,512,4700,25,120,6.7,12,"12 MP Wide, dual pixel PDAF, OIS + 64 MP Telephoto, PDAF, OIS, 1.1x Optical Zoom + 12 MP Ultrawide + 0.3 MP Depth",10,Exynos 990 / Snapdragon 865,flagship,8nm,4G/5G,Dynamic AMOLED 2X,QHD+,1500,Android,One UI,2,"Ultrasonic Fingerprint, Face Unlock",Stereo Speakers,IP68,8K@24fps,88,86,83,85,100,82,61,premium,"Heavy Gamers, Photography Enthusiasts"
Samsung,Galaxy S20 Ultra,12 GB + 128 GB,18173,discontinued,refurbished,2020,TODO_SAMSUNG_IMAGE_URL,smartphone,"Galaxy S20 Ultra is a Galaxy flagship focused on premium performance, cameras, display quality, and long-term daily use.",12,128,5000,25,120,6.8,108,"108 MP Wide, PDAF, OIS + 48 MP Periscope Telephoto, PDAF, OIS, 4x Optical Zoom + 12 MP Ultrawide + 0.3 MP Depth",40,Exynos 990 / Snapdragon 865,flagship,8nm,4G/5G,Dynamic AMOLED 2X,QHD+,1500,Android,One UI,2,"Ultrasonic Fingerprint, Face Unlock",Stereo Speakers,IP68,8K@24fps,92,100,85,89,100,82,63,ultra-premium,"Photography Enthusiasts, Content Creators, Heavy Gamers"
Samsung,Galaxy S20 Ultra,12 GB + 256 GB,22673,discontinued,refurbished,2020,TODO_SAMSUNG_IMAGE_URL,smartphone,"Galaxy S20 Ultra is a Galaxy flagship focused on premium performance, cameras, display quality, and long-term daily use.",12,256,5000,25,120,6.8,108,"108 MP Wide, PDAF, OIS + 48 MP Periscope Telephoto, PDAF, OIS, 4x Optical Zoom + 12 MP Ultrawide + 0.3 MP Depth",40,Exynos 990 / Snapdragon 865,flagship,8nm,4G/5G,Dynamic AMOLED 2X,QHD+,1500,Android,One UI,2,"Ultrasonic Fingerprint, Face Unlock",Stereo Speakers,IP68,8K@24fps,92,100,85,89,100,82,63,ultra-premium,"Photography Enthusiasts, Content Creators, Heavy Gamers"
Samsung,Galaxy S20 Ultra,16 GB + 512 GB,31173,discontinued,refurbished,2020,TODO_SAMSUNG_IMAGE_URL,smartphone,"Galaxy S20 Ultra is a Galaxy flagship focused on premium performance, cameras, display quality, and long-term daily use.",16,512,5000,25,120,6.8,108,"108 MP Wide, PDAF, OIS + 48 MP Periscope Telephoto, PDAF, OIS, 4x Optical Zoom + 12 MP Ultrawide + 0.3 MP Depth",40,Exynos 990 / Snapdragon 865,flagship,8nm,4G/5G,Dynamic AMOLED 2X,QHD+,1500,Android,One UI,2,"Ultrasonic Fingerprint, Face Unlock",Stereo Speakers,IP68,8K@24fps,94,100,85,91,100,82,57,ultra-premium,"Photography Enthusiasts, Content Creators, Heavy Gamers"
Samsung,Galaxy S20 FE,6 GB + 128 GB,10790,discontinued,refurbished,2020,TODO_SAMSUNG_IMAGE_URL,smartphone,"Galaxy S20 FE is a Galaxy flagship focused on premium performance, cameras, display quality, and long-term daily use.",6,128,4500,25,120,6.2,12,"12 MP Wide, dual pixel PDAF, OIS + 8 MP Telephoto, PDAF, OIS, 3x Optical Zoom + 12 MP Ultrawide",32,Exynos 990 / Snapdragon 865,flagship,8nm,4G/5G,Dynamic AMOLED 2X,FHD+,1500,Android,One UI,2,"Ultrasonic Fingerprint, Face Unlock",Stereo Speakers,IP68,8K@24fps,85,84,81,82,100,82,67,premium,"Heavy Gamers, Photography Enthusiasts"
Samsung,Galaxy S20 FE,8 GB + 128 GB,12790,discontinued,refurbished,2020,TODO_SAMSUNG_IMAGE_URL,smartphone,"Galaxy S20 FE is a Galaxy flagship focused on premium performance, cameras, display quality, and long-term daily use.",8,128,4500,25,120,6.2,12,"12 MP Wide, dual pixel PDAF, OIS + 8 MP Telephoto, PDAF, OIS, 3x Optical Zoom + 12 MP Ultrawide",32,Exynos 990 / Snapdragon 865,flagship,8nm,4G/5G,Dynamic AMOLED 2X,FHD+,1500,Android,One UI,2,"Ultrasonic Fingerprint, Face Unlock",Stereo Speakers,IP68,8K@24fps,86,84,81,83,100,82,67,premium,"Heavy Gamers, Photography Enthusiasts"
Samsung,Galaxy S20 FE,6 GB + 256 GB,15290,discontinued,refurbished,2020,TODO_SAMSUNG_IMAGE_URL,smartphone,"Galaxy S20 FE is a Galaxy flagship focused on premium performance, cameras, display quality, and long-term daily use.",6,256,4500,25,120,6.2,12,"12 MP Wide, dual pixel PDAF, OIS + 8 MP Telephoto, PDAF, OIS, 3x Optical Zoom + 12 MP Ultrawide",32,Exynos 990 / Snapdragon 865,flagship,8nm,4G/5G,Dynamic AMOLED 2X,FHD+,1500,Android,One UI,2,"Ultrasonic Fingerprint, Face Unlock",Stereo Speakers,IP68,8K@24fps,85,84,81,82,100,82,67,premium,"Heavy Gamers, Photography Enthusiasts"
Samsung,Galaxy S20 FE,8 GB + 256 GB,17290,discontinued,refurbished,2020,TODO_SAMSUNG_IMAGE_URL,smartphone,"Galaxy S20 FE is a Galaxy flagship focused on premium performance, cameras, display quality, and long-term daily use.",8,256,4500,25,120,6.2,12,"12 MP Wide, dual pixel PDAF, OIS + 8 MP Telephoto, PDAF, OIS, 3x Optical Zoom + 12 MP Ultrawide",32,Exynos 990 / Snapdragon 865,flagship,8nm,4G/5G,Dynamic AMOLED 2X,FHD+,1500,Android,One UI,2,"Ultrasonic Fingerprint, Face Unlock",Stereo Speakers,IP68,8K@24fps,86,84,81,83,100,82,67,premium,"Heavy Gamers, Photography Enthusiasts"
Samsung,Galaxy Note10 Lite,6 GB + 128 GB,49500,discontinued,refurbished,2020,TODO_SAMSUNG_IMAGE_URL,smartphone,Galaxy Note10 Lite is a Samsung Galaxy smartphone from 2020 with balanced everyday features for its segment.,6,128,4500,25,60,6.7,12,"12 MP Wide, dual pixel PDAF, OIS + 12 MP Telephoto, PDAF, OIS, 2x Optical Zoom + 12 MP Ultrawide",32,Exynos 990 / Snapdragon 865,flagship,8nm,4G,Super AMOLED,FHD+,1200,Android,One UI,2,"Fingerprint, Face Unlock",Stereo Speakers,No official IP rating,4K@30fps,80,84,81,82,95,82,59,premium,Everyday Use
Samsung,Galaxy Note10 Lite,8 GB + 128 GB,51500,discontinued,refurbished,2020,TODO_SAMSUNG_IMAGE_URL,smartphone,Galaxy Note10 Lite is a Samsung Galaxy smartphone from 2020 with balanced everyday features for its segment.,8,128,4500,25,60,6.7,12,"12 MP Wide, dual pixel PDAF, OIS + 12 MP Telephoto, PDAF, OIS, 2x Optical Zoom + 12 MP Ultrawide",32,Exynos 990 / Snapdragon 865,flagship,8nm,4G,Super AMOLED,FHD+,1200,Android,One UI,2,"Fingerprint, Face Unlock",Stereo Speakers,No official IP rating,4K@30fps,81,84,81,83,95,82,59,premium,Everyday Use
Samsung,Galaxy Note20,8 GB + 128 GB,38700,discontinued,refurbished,2020,TODO_SAMSUNG_IMAGE_URL,smartphone,"Galaxy Note20 is a Galaxy flagship focused on premium performance, cameras, display quality, and long-term daily use.",8,128,4000,25,120,6.2,12,"12 MP Wide, dual pixel PDAF, OIS + 64 MP Telephoto, PDAF, OIS + 12 MP Ultrawide",10,Exynos 990 / Snapdragon 865,flagship,8nm,4G/5G,Dynamic AMOLED 2X,FHD+,1500,Android,One UI,2,"Ultrasonic Fingerprint, Face Unlock",Stereo Speakers,IP68,8K@24fps,86,84,77,83,100,82,59,premium,"Heavy Gamers, Photography Enthusiasts"
Samsung,Galaxy Note20,8 GB + 256 GB,43200,discontinued,refurbished,2020,TODO_SAMSUNG_IMAGE_URL,smartphone,"Galaxy Note20 is a Galaxy flagship focused on premium performance, cameras, display quality, and long-term daily use.",8,256,4000,25,120,6.2,12,"12 MP Wide, dual pixel PDAF, OIS + 64 MP Telephoto, PDAF, OIS + 12 MP Ultrawide",10,Exynos 990 / Snapdragon 865,flagship,8nm,4G/5G,Dynamic AMOLED 2X,FHD+,1500,Android,One UI,2,"Ultrasonic Fingerprint, Face Unlock",Stereo Speakers,IP68,8K@24fps,86,84,77,83,100,82,59,premium,"Heavy Gamers, Photography Enthusiasts"
Samsung,Galaxy Note20 Ultra,6 GB + 128 GB,21829,discontinued,refurbished,2020,TODO_SAMSUNG_IMAGE_URL,smartphone,"Galaxy Note20 Ultra is a Galaxy flagship focused on premium performance, cameras, display quality, and long-term daily use.",6,128,5000,25,120,6.8,108,"108 MP Wide, PDAF, OIS + 12 MP Periscope Telephoto, PDAF, OIS, 5x Optical Zoom + 12 MP Ultrawide",10,Exynos 990 / Snapdragon 865,flagship,8nm,4G/5G,Dynamic AMOLED 2X,QHD+,1500,Android,One UI,2,"Ultrasonic Fingerprint, Face Unlock",Stereo Speakers,IP68,8K@24fps,89,100,85,86,100,82,63,ultra-premium,"Photography Enthusiasts, Content Creators, Heavy Gamers"
Samsung,Galaxy Note20 Ultra,8 GB + 128 GB,23829,discontinued,refurbished,2020,TODO_SAMSUNG_IMAGE_URL,smartphone,"Galaxy Note20 Ultra is a Galaxy flagship focused on premium performance, cameras, display quality, and long-term daily use.",8,128,5000,25,120,6.8,108,"108 MP Wide, PDAF, OIS + 12 MP Periscope Telephoto, PDAF, OIS, 5x Optical Zoom + 12 MP Ultrawide",10,Exynos 990 / Snapdragon 865,flagship,8nm,4G/5G,Dynamic AMOLED 2X,QHD+,1500,Android,One UI,2,"Ultrasonic Fingerprint, Face Unlock",Stereo Speakers,IP68,8K@24fps,90,100,85,87,100,82,63,ultra-premium,"Photography Enthusiasts, Content Creators, Heavy Gamers"
Samsung,Galaxy Note20 Ultra,12 GB + 128 GB,27829,discontinued,refurbished,2020,TODO_SAMSUNG_IMAGE_URL,smartphone,"Galaxy Note20 Ultra is a Galaxy flagship focused on premium performance, cameras, display quality, and long-term daily use.",12,128,5000,25,120,6.8,108,"108 MP Wide, PDAF, OIS + 12 MP Periscope Telephoto, PDAF, OIS, 5x Optical Zoom + 12 MP Ultrawide",10,Exynos 990 / Snapdragon 865,flagship,8nm,4G/5G,Dynamic AMOLED 2X,QHD+,1500,Android,One UI,2,"Ultrasonic Fingerprint, Face Unlock",Stereo Speakers,IP68,8K@24fps,92,100,85,89,100,82,57,ultra-premium,"Photography Enthusiasts, Content Creators, Heavy Gamers"
Samsung,Galaxy Note20 Ultra,8 GB + 256 GB,28329,discontinued,refurbished,2020,TODO_SAMSUNG_IMAGE_URL,smartphone,"Galaxy Note20 Ultra is a Galaxy flagship focused on premium performance, cameras, display quality, and long-term daily use.",8,256,5000,25,120,6.8,108,"108 MP Wide, PDAF, OIS + 12 MP Periscope Telephoto, PDAF, OIS, 5x Optical Zoom + 12 MP Ultrawide",10,Exynos 990 / Snapdragon 865,flagship,8nm,4G/5G,Dynamic AMOLED 2X,QHD+,1500,Android,One UI,2,"Ultrasonic Fingerprint, Face Unlock",Stereo Speakers,IP68,8K@24fps,90,100,85,87,100,82,57,ultra-premium,"Photography Enthusiasts, Content Creators, Heavy Gamers"
Samsung,Galaxy Note20 Ultra,12 GB + 256 GB,32329,discontinued,refurbished,2020,TODO_SAMSUNG_IMAGE_URL,smartphone,"Galaxy Note20 Ultra is a Galaxy flagship focused on premium performance, cameras, display quality, and long-term daily use.",12,256,5000,25,120,6.8,108,"108 MP Wide, PDAF, OIS + 12 MP Periscope Telephoto, PDAF, OIS, 5x Optical Zoom + 12 MP Ultrawide",10,Exynos 990 / Snapdragon 865,flagship,8nm,4G/5G,Dynamic AMOLED 2X,QHD+,1500,Android,One UI,2,"Ultrasonic Fingerprint, Face Unlock",Stereo Speakers,IP68,8K@24fps,92,100,85,89,100,82,57,ultra-premium,"Photography Enthusiasts, Content Creators, Heavy Gamers"
Samsung,Galaxy Note20 Ultra,12 GB + 512 GB,36829,discontinued,refurbished,2020,TODO_SAMSUNG_IMAGE_URL,smartphone,"Galaxy Note20 Ultra is a Galaxy flagship focused on premium performance, cameras, display quality, and long-term daily use.",12,512,5000,25,120,6.8,108,"108 MP Wide, PDAF, OIS + 12 MP Periscope Telephoto, PDAF, OIS, 5x Optical Zoom + 12 MP Ultrawide",10,Exynos 990 / Snapdragon 865,flagship,8nm,4G/5G,Dynamic AMOLED 2X,QHD+,1500,Android,One UI,2,"Ultrasonic Fingerprint, Face Unlock",Stereo Speakers,IP68,8K@24fps,92,100,85,89,100,82,57,ultra-premium,"Photography Enthusiasts, Content Creators, Heavy Gamers"
Samsung,Galaxy Z Flip,8 GB + 256 GB,72000,discontinued,refurbished,2020,TODO_SAMSUNG_IMAGE_URL,smartphone,Galaxy Z Flip is Samsung's compact foldable phone with a pocketable design and flagship-grade Galaxy features.,8,256,3300,25,120,6.7,12,"12 MP Wide, dual pixel PDAF, OIS + 12 MP Ultrawide",10,Exynos 990 / Snapdragon 865,flagship,8nm,4G,Foldable Dynamic AMOLED 2X,FHD+,1750,Android,One UI,2,"Side Fingerprint, Face Unlock",Stereo Speakers,No official IP rating,4K@60fps,88,77,71,85,100,98,49,premium,"Style-focused Users, Everyday Use"
Samsung,Galaxy Z Flip 5G,8 GB + 256 GB,72000,discontinued,refurbished,2020,TODO_SAMSUNG_IMAGE_URL,smartphone,Galaxy Z Flip 5G is Samsung's compact foldable phone with a pocketable design and flagship-grade Galaxy features.,8,256,3300,25,120,6.7,12,"12 MP Wide, dual pixel PDAF, OIS + 12 MP Ultrawide",10,Exynos 990 / Snapdragon 865,flagship,8nm,5G,Foldable Dynamic AMOLED 2X,FHD+,1750,Android,One UI,2,"Side Fingerprint, Face Unlock",Stereo Speakers,No official IP rating,4K@60fps,88,77,71,85,100,98,49,premium,"Style-focused Users, Everyday Use"
Samsung,Galaxy Z Fold 2,12 GB + 256 GB,86400,discontinued,refurbished,2020,TODO_SAMSUNG_IMAGE_URL,smartphone,Galaxy Z Fold 2 is Samsung's book-style foldable flagship with a large inner display and multitasking-focused hardware.,12,256,4380,25,120,7.6,12,"12 MP Wide, dual pixel PDAF, OIS + 12 MP Telephoto, PDAF, OIS, 2x Optical Zoom + 12 MP Ultrawide",10,Exynos 990 / Snapdragon 865,flagship,8nm,5G,Foldable Dynamic AMOLED 2X,QXGA+,1750,Android,One UI,2,"Side Fingerprint, Face Unlock",Stereo Speakers,No official IP rating,8K@24fps,94,82,80,91,100,96,45,ultra-premium,"Productivity Users, Content Creators"
Samsung,Galaxy Z Fold 2,12 GB + 512 GB,90900,discontinued,refurbished,2020,TODO_SAMSUNG_IMAGE_URL,smartphone,Galaxy Z Fold 2 is Samsung's book-style foldable flagship with a large inner display and multitasking-focused hardware.,12,512,4380,25,120,7.6,12,"12 MP Wide, dual pixel PDAF, OIS + 12 MP Telephoto, PDAF, OIS, 2x Optical Zoom + 12 MP Ultrawide",10,Exynos 990 / Snapdragon 865,flagship,8nm,5G,Foldable Dynamic AMOLED 2X,QXGA+,1750,Android,One UI,2,"Side Fingerprint, Face Unlock",Stereo Speakers,No official IP rating,8K@24fps,94,82,80,91,100,96,45,ultra-premium,"Productivity Users, Content Creators"
Samsung,Galaxy S21,6 GB + 128 GB,13924,discontinued,new,2021,TODO_SAMSUNG_IMAGE_URL,smartphone,"Galaxy S21 is a Galaxy flagship focused on premium performance, cameras, display quality, and long-term daily use.",6,128,4000,25,120,6.2,12,"12 MP Wide, dual pixel PDAF, OIS + 64 MP Telephoto, PDAF, OIS, 1.1x Optical Zoom + 12 MP Ultrawide",10,Exynos 2100 / Snapdragon 888,flagship,5nm,5G,Dynamic AMOLED 2X,FHD+,1500,Android,One UI,3,"Ultrasonic Fingerprint, Face Unlock",Stereo Speakers,IP68,8K@24fps,88,87,78,85,100,84,70,premium,"Heavy Gamers, Photography Enthusiasts"
Samsung,Galaxy S21,8 GB + 128 GB,15924,discontinued,new,2021,TODO_SAMSUNG_IMAGE_URL,smartphone,"Galaxy S21 is a Galaxy flagship focused on premium performance, cameras, display quality, and long-term daily use.",8,128,4000,25,120,6.2,12,"12 MP Wide, dual pixel PDAF, OIS + 64 MP Telephoto, PDAF, OIS, 1.1x Optical Zoom + 12 MP Ultrawide",10,Exynos 2100 / Snapdragon 888,flagship,5nm,5G,Dynamic AMOLED 2X,FHD+,1500,Android,One UI,3,"Ultrasonic Fingerprint, Face Unlock",Stereo Speakers,IP68,8K@24fps,89,87,78,86,100,84,70,premium,"Heavy Gamers, Photography Enthusiasts"
Samsung,Galaxy S21,8 GB + 256 GB,20424,discontinued,new,2021,TODO_SAMSUNG_IMAGE_URL,smartphone,"Galaxy S21 is a Galaxy flagship focused on premium performance, cameras, display quality, and long-term daily use.",8,256,4000,25,120,6.2,12,"12 MP Wide, dual pixel PDAF, OIS + 64 MP Telephoto, PDAF, OIS, 1.1x Optical Zoom + 12 MP Ultrawide",10,Exynos 2100 / Snapdragon 888,flagship,5nm,5G,Dynamic AMOLED 2X,FHD+,1500,Android,One UI,3,"Ultrasonic Fingerprint, Face Unlock",Stereo Speakers,IP68,8K@24fps,89,87,78,86,100,84,70,premium,"Heavy Gamers, Photography Enthusiasts"
Samsung,Galaxy S21+,8 GB + 128 GB,14110,discontinued,new,2021,TODO_SAMSUNG_IMAGE_URL,smartphone,"Galaxy S21+ is a Galaxy flagship focused on premium performance, cameras, display quality, and long-term daily use.",8,128,4700,25,120,6.7,12,"12 MP Wide, dual pixel PDAF, OIS + 64 MP Telephoto, PDAF, OIS, 1.1x Optical Zoom + 12 MP Ultrawide",10,Exynos 2100 / Snapdragon 888,flagship,5nm,5G,Dynamic AMOLED 2X,QHD+,1500,Android,One UI,3,"Ultrasonic Fingerprint, Face Unlock",Stereo Speakers,IP68,8K@24fps,89,87,84,86,100,84,68,premium,"Heavy Gamers, Photography Enthusiasts"
Samsung,Galaxy S21+,8 GB + 256 GB,18610,discontinued,new,2021,TODO_SAMSUNG_IMAGE_URL,smartphone,"Galaxy S21+ is a Galaxy flagship focused on premium performance, cameras, display quality, and long-term daily use.",8,256,4700,25,120,6.7,12,"12 MP Wide, dual pixel PDAF, OIS + 64 MP Telephoto, PDAF, OIS, 1.1x Optical Zoom + 12 MP Ultrawide",10,Exynos 2100 / Snapdragon 888,flagship,5nm,5G,Dynamic AMOLED 2X,QHD+,1500,Android,One UI,3,"Ultrasonic Fingerprint, Face Unlock",Stereo Speakers,IP68,8K@24fps,89,87,84,86,100,84,68,premium,"Heavy Gamers, Photography Enthusiasts"
Samsung,Galaxy S21 Ultra,8 GB + 128 GB,21497,discontinued,new,2021,TODO_SAMSUNG_IMAGE_URL,smartphone,"Galaxy S21 Ultra is a Galaxy flagship focused on premium performance, cameras, display quality, and long-term daily use.",8,128,5000,25,120,6.8,108,"108 MP Wide, PDAF, OIS + 10 MP Telephoto, dual pixel PDAF, OIS, 3x Optical Zoom + 10 MP Periscope Telephoto, dual pixel PDAF, OIS, 10x Optical Zoom + 12 MP Ultrawide, dual pixel PDAF",40,Exynos 2100 / Snapdragon 888,flagship,5nm,5G,Dynamic AMOLED 2X,QHD+,1500,Android,One UI,3,"Ultrasonic Fingerprint, Face Unlock",Stereo Speakers,IP68,8K@24fps,93,100,86,90,100,84,66,ultra-premium,"Photography Enthusiasts, Content Creators, Heavy Gamers"
Samsung,Galaxy S21 Ultra,12 GB + 128 GB,25497,discontinued,new,2021,TODO_SAMSUNG_IMAGE_URL,smartphone,"Galaxy S21 Ultra is a Galaxy flagship focused on premium performance, cameras, display quality, and long-term daily use.",12,128,5000,25,120,6.8,108,"108 MP Wide, PDAF, OIS + 10 MP Telephoto, dual pixel PDAF, OIS, 3x Optical Zoom + 10 MP Periscope Telephoto, dual pixel PDAF, OIS, 10x Optical Zoom + 12 MP Ultrawide, dual pixel PDAF",40,Exynos 2100 / Snapdragon 888,flagship,5nm,5G,Dynamic AMOLED 2X,QHD+,1500,Android,One UI,3,"Ultrasonic Fingerprint, Face Unlock",Stereo Speakers,IP68,8K@24fps,95,100,86,92,100,84,60,ultra-premium,"Photography Enthusiasts, Content Creators, Heavy Gamers"
Samsung,Galaxy S21 Ultra,12 GB + 256 GB,29997,discontinued,new,2021,TODO_SAMSUNG_IMAGE_URL,smartphone,"Galaxy S21 Ultra is a Galaxy flagship focused on premium performance, cameras, display quality, and long-term daily use.",12,256,5000,25,120,6.8,108,"108 MP Wide, PDAF, OIS + 10 MP Telephoto, dual pixel PDAF, OIS, 3x Optical Zoom + 10 MP Periscope Telephoto, dual pixel PDAF, OIS, 10x Optical Zoom + 12 MP Ultrawide, dual pixel PDAF",40,Exynos 2100 / Snapdragon 888,flagship,5nm,5G,Dynamic AMOLED 2X,QHD+,1500,Android,One UI,3,"Ultrasonic Fingerprint, Face Unlock",Stereo Speakers,IP68,8K@24fps,95,100,86,92,100,84,60,ultra-premium,"Photography Enthusiasts, Content Creators, Heavy Gamers"
Samsung,Galaxy S21 Ultra,16 GB + 256 GB,33997,discontinued,new,2021,TODO_SAMSUNG_IMAGE_URL,smartphone,"Galaxy S21 Ultra is a Galaxy flagship focused on premium performance, cameras, display quality, and long-term daily use.",16,256,5000,25,120,6.8,108,"108 MP Wide, PDAF, OIS + 10 MP Telephoto, dual pixel PDAF, OIS, 3x Optical Zoom + 10 MP Periscope Telephoto, dual pixel PDAF, OIS, 10x Optical Zoom + 12 MP Ultrawide, dual pixel PDAF",40,Exynos 2100 / Snapdragon 888,flagship,5nm,5G,Dynamic AMOLED 2X,QHD+,1500,Android,One UI,3,"Ultrasonic Fingerprint, Face Unlock",Stereo Speakers,IP68,8K@24fps,97,100,86,94,100,84,60,ultra-premium,"Photography Enthusiasts, Content Creators, Heavy Gamers"
Samsung,Galaxy S21 Ultra,12 GB + 512 GB,34497,discontinued,new,2021,TODO_SAMSUNG_IMAGE_URL,smartphone,"Galaxy S21 Ultra is a Galaxy flagship focused on premium performance, cameras, display quality, and long-term daily use.",12,512,5000,25,120,6.8,108,"108 MP Wide, PDAF, OIS + 10 MP Telephoto, dual pixel PDAF, OIS, 3x Optical Zoom + 10 MP Periscope Telephoto, dual pixel PDAF, OIS, 10x Optical Zoom + 12 MP Ultrawide, dual pixel PDAF",40,Exynos 2100 / Snapdragon 888,flagship,5nm,5G,Dynamic AMOLED 2X,QHD+,1500,Android,One UI,3,"Ultrasonic Fingerprint, Face Unlock",Stereo Speakers,IP68,8K@24fps,95,100,86,92,100,84,60,ultra-premium,"Photography Enthusiasts, Content Creators, Heavy Gamers"
Samsung,Galaxy S21 Ultra,16 GB + 512 GB,38497,discontinued,new,2021,TODO_SAMSUNG_IMAGE_URL,smartphone,"Galaxy S21 Ultra is a Galaxy flagship focused on premium performance, cameras, display quality, and long-term daily use.",16,512,5000,25,120,6.8,108,"108 MP Wide, PDAF, OIS + 10 MP Telephoto, dual pixel PDAF, OIS, 3x Optical Zoom + 10 MP Periscope Telephoto, dual pixel PDAF, OIS, 10x Optical Zoom + 12 MP Ultrawide, dual pixel PDAF",40,Exynos 2100 / Snapdragon 888,flagship,5nm,5G,Dynamic AMOLED 2X,QHD+,1500,Android,One UI,3,"Ultrasonic Fingerprint, Face Unlock",Stereo Speakers,IP68,8K@24fps,97,100,86,94,100,84,60,ultra-premium,"Photography Enthusiasts, Content Creators, Heavy Gamers"
Samsung,Galaxy Z Fold 3,12 GB + 256 GB,44999,discontinued,new,2021,TODO_SAMSUNG_IMAGE_URL,smartphone,Galaxy Z Fold 3 is Samsung's book-style foldable flagship with a large inner display and multitasking-focused hardware.,12,256,4380,25,120,7.6,12,"12 MP Wide, dual pixel PDAF, OIS + 12 MP Telephoto, PDAF, OIS, 2x Optical Zoom + 12 MP Ultrawide",4,Exynos 2100 / Snapdragon 888,flagship,5nm,5G,Foldable Dynamic AMOLED 2X,QXGA+,1750,Android,One UI,3,"Side Fingerprint, Face Unlock",Stereo Speakers,IPX8,8K@24fps,97,85,81,94,100,98,52,ultra-premium,"Productivity Users, Content Creators"
Samsung,Galaxy Z Fold 3,12 GB + 512 GB,49499,discontinued,new,2021,TODO_SAMSUNG_IMAGE_URL,smartphone,Galaxy Z Fold 3 is Samsung's book-style foldable flagship with a large inner display and multitasking-focused hardware.,12,512,4380,25,120,7.6,12,"12 MP Wide, dual pixel PDAF, OIS + 12 MP Telephoto, PDAF, OIS, 2x Optical Zoom + 12 MP Ultrawide",4,Exynos 2100 / Snapdragon 888,flagship,5nm,5G,Foldable Dynamic AMOLED 2X,QXGA+,1750,Android,One UI,3,"Side Fingerprint, Face Unlock",Stereo Speakers,IPX8,8K@24fps,97,85,81,94,100,98,52,ultra-premium,"Productivity Users, Content Creators"
Samsung,Galaxy Z Flip 3,8 GB + 128 GB,22500,discontinued,new,2021,TODO_SAMSUNG_IMAGE_URL,smartphone,Galaxy Z Flip 3 is Samsung's compact foldable phone with a pocketable design and flagship-grade Galaxy features.,8,128,3300,25,120,6.7,12,"12 MP Wide, dual pixel PDAF, OIS + 12 MP Ultrawide",10,Exynos 2100 / Snapdragon 888,flagship,5nm,5G,Foldable Dynamic AMOLED 2X,FHD+,1750,Android,One UI,3,"Side Fingerprint, Face Unlock",Stereo Speakers,IPX8,4K@60fps,91,79,72,88,100,100,62,premium,"Style-focused Users, Everyday Use"
Samsung,Galaxy Z Flip 3,8 GB + 256 GB,27000,discontinued,new,2021,TODO_SAMSUNG_IMAGE_URL,smartphone,Galaxy Z Flip 3 is Samsung's compact foldable phone with a pocketable design and flagship-grade Galaxy features.,8,256,3300,25,120,6.7,12,"12 MP Wide, dual pixel PDAF, OIS + 12 MP Ultrawide",10,Exynos 2100 / Snapdragon 888,flagship,5nm,5G,Foldable Dynamic AMOLED 2X,FHD+,1750,Android,One UI,3,"Side Fingerprint, Face Unlock",Stereo Speakers,IPX8,4K@60fps,91,79,72,88,100,100,56,premium,"Style-focused Users, Everyday Use"
Samsung,Galaxy S21 FE,6 GB + 128 GB,12035,discontinued,new,2022,TODO_SAMSUNG_IMAGE_URL,smartphone,"Galaxy S21 FE is a Galaxy flagship focused on premium performance, cameras, display quality, and long-term daily use.",6,128,4500,45,120,6.2,12,"12 MP Wide, dual pixel PDAF, OIS + 8 MP Telephoto, PDAF, OIS, 3x Optical Zoom + 12 MP Ultrawide",32,Snapdragon 8 Gen 1 / Exynos 2200,flagship,5nm,5G,Dynamic AMOLED 2X,FHD+,1500,Android,One UI,4,"Ultrasonic Fingerprint, Face Unlock",Stereo Speakers,IP68,8K@24fps,92,90,84,89,100,87,72,premium,"Heavy Gamers, Photography Enthusiasts"
Samsung,Galaxy S21 FE,8 GB + 128 GB,14035,discontinued,new,2022,TODO_SAMSUNG_IMAGE_URL,smartphone,"Galaxy S21 FE is a Galaxy flagship focused on premium performance, cameras, display quality, and long-term daily use.",8,128,4500,45,120,6.2,12,"12 MP Wide, dual pixel PDAF, OIS + 8 MP Telephoto, PDAF, OIS, 3x Optical Zoom + 12 MP Ultrawide",32,Snapdragon 8 Gen 1 / Exynos 2200,flagship,5nm,5G,Dynamic AMOLED 2X,FHD+,1500,Android,One UI,4,"Ultrasonic Fingerprint, Face Unlock",Stereo Speakers,IP68,8K@24fps,93,90,84,90,100,87,72,premium,"Heavy Gamers, Photography Enthusiasts"
Samsung,Galaxy S21 FE,6 GB + 256 GB,16535,discontinued,new,2022,TODO_SAMSUNG_IMAGE_URL,smartphone,"Galaxy S21 FE is a Galaxy flagship focused on premium performance, cameras, display quality, and long-term daily use.",6,256,4500,45,120,6.2,12,"12 MP Wide, dual pixel PDAF, OIS + 8 MP Telephoto, PDAF, OIS, 3x Optical Zoom + 12 MP Ultrawide",32,Snapdragon 8 Gen 1 / Exynos 2200,flagship,5nm,5G,Dynamic AMOLED 2X,FHD+,1500,Android,One UI,4,"Ultrasonic Fingerprint, Face Unlock",Stereo Speakers,IP68,8K@24fps,92,90,84,89,100,87,72,premium,"Heavy Gamers, Photography Enthusiasts"
Samsung,Galaxy S21 FE,8 GB + 256 GB,18535,discontinued,new,2022,TODO_SAMSUNG_IMAGE_URL,smartphone,"Galaxy S21 FE is a Galaxy flagship focused on premium performance, cameras, display quality, and long-term daily use.",8,256,4500,45,120,6.2,12,"12 MP Wide, dual pixel PDAF, OIS + 8 MP Telephoto, PDAF, OIS, 3x Optical Zoom + 12 MP Ultrawide",32,Snapdragon 8 Gen 1 / Exynos 2200,flagship,5nm,5G,Dynamic AMOLED 2X,FHD+,1500,Android,One UI,4,"Ultrasonic Fingerprint, Face Unlock",Stereo Speakers,IP68,8K@24fps,93,90,84,90,100,87,72,premium,"Heavy Gamers, Photography Enthusiasts"
Samsung,Galaxy S22,8 GB + 128 GB,13940,discontinued,new,2022,TODO_SAMSUNG_IMAGE_URL,smartphone,"Galaxy S22 is a Galaxy flagship focused on premium performance, cameras, display quality, and long-term daily use.",8,128,4000,45,120,6.2,50,"50 MP Wide, dual pixel PDAF, OIS + 10 MP Telephoto, PDAF, OIS, 3x Optical Zoom + 12 MP Ultrawide",10,Snapdragon 8 Gen 1 / Exynos 2200,flagship,5nm,5G,Dynamic AMOLED 2X,FHD+,1500,Android,One UI,4,"Ultrasonic Fingerprint, Face Unlock",Stereo Speakers,IP68,8K@24fps,93,98,79,90,100,87,70,premium,"Heavy Gamers, Photography Enthusiasts"
Samsung,Galaxy S22,8 GB + 256 GB,18440,discontinued,new,2022,TODO_SAMSUNG_IMAGE_URL,smartphone,"Galaxy S22 is a Galaxy flagship focused on premium performance, cameras, display quality, and long-term daily use.",8,256,4000,45,120,6.2,50,"50 MP Wide, dual pixel PDAF, OIS + 10 MP Telephoto, PDAF, OIS, 3x Optical Zoom + 12 MP Ultrawide",10,Snapdragon 8 Gen 1 / Exynos 2200,flagship,5nm,5G,Dynamic AMOLED 2X,FHD+,1500,Android,One UI,4,"Ultrasonic Fingerprint, Face Unlock",Stereo Speakers,IP68,8K@24fps,93,98,79,90,100,87,70,premium,"Heavy Gamers, Photography Enthusiasts"
Samsung,Galaxy S22+,8 GB + 128 GB,16433,discontinued,new,2022,TODO_SAMSUNG_IMAGE_URL,smartphone,"Galaxy S22+ is a Galaxy flagship focused on premium performance, cameras, display quality, and long-term daily use.",8,128,4700,45,120,6.7,50,"50 MP Wide, dual pixel PDAF, OIS + 10 MP Telephoto, PDAF, OIS, 3x Optical Zoom + 12 MP Ultrawide",10,Snapdragon 8 Gen 1 / Exynos 2200,flagship,5nm,5G,Dynamic AMOLED 2X,QHD+,1500,Android,One UI,4,"Ultrasonic Fingerprint, Face Unlock",Stereo Speakers,IP68,8K@24fps,93,98,85,90,100,87,70,premium,"Heavy Gamers, Photography Enthusiasts"
Samsung,Galaxy S22+,8 GB + 256 GB,20933,discontinued,new,2022,TODO_SAMSUNG_IMAGE_URL,smartphone,"Galaxy S22+ is a Galaxy flagship focused on premium performance, cameras, display quality, and long-term daily use.",8,256,4700,45,120,6.7,50,"50 MP Wide, dual pixel PDAF, OIS + 10 MP Telephoto, PDAF, OIS, 3x Optical Zoom + 12 MP Ultrawide",10,Snapdragon 8 Gen 1 / Exynos 2200,flagship,5nm,5G,Dynamic AMOLED 2X,QHD+,1500,Android,One UI,4,"Ultrasonic Fingerprint, Face Unlock",Stereo Speakers,IP68,8K@24fps,93,98,85,90,100,87,70,premium,"Heavy Gamers, Photography Enthusiasts"
Samsung,Galaxy S22 Ultra,8 GB + 128 GB,26629,discontinued,new,2022,TODO_SAMSUNG_IMAGE_URL,smartphone,"Galaxy S22 Ultra is a Galaxy flagship focused on premium performance, cameras, display quality, and long-term daily use.",8,128,5000,45,120,6.8,108,"108 MP Wide, PDAF, OIS + 10 MP Telephoto, PDAF, OIS, 3x Optical Zoom + 10 MP Periscope Telephoto, PDAF, OIS, 10x Optical Zoom + 12 MP Ultrawide, dual pixel PDAF",40,Snapdragon 8 Gen 1 / Exynos 2200,flagship,5nm,5G,Dynamic AMOLED 2X,QHD+,1500,Android,One UI,4,"Ultrasonic Fingerprint, Face Unlock",Stereo Speakers,IP68,8K@24fps,97,100,88,94,100,87,62,ultra-premium,"Photography Enthusiasts, Content Creators, Heavy Gamers"
Samsung,Galaxy S22 Ultra,12 GB + 256 GB,35129,discontinued,new,2022,TODO_SAMSUNG_IMAGE_URL,smartphone,"Galaxy S22 Ultra is a Galaxy flagship focused on premium performance, cameras, display quality, and long-term daily use.",12,256,5000,45,120,6.8,108,"108 MP Wide, PDAF, OIS + 10 MP Telephoto, PDAF, OIS, 3x Optical Zoom + 10 MP Periscope Telephoto, PDAF, OIS, 10x Optical Zoom + 12 MP Ultrawide, dual pixel PDAF",40,Snapdragon 8 Gen 1 / Exynos 2200,flagship,5nm,5G,Dynamic AMOLED 2X,QHD+,1500,Android,One UI,4,"Ultrasonic Fingerprint, Face Unlock",Stereo Speakers,IP68,8K@24fps,99,100,88,96,100,87,62,ultra-premium,"Photography Enthusiasts, Content Creators, Heavy Gamers"
Samsung,Galaxy S22 Ultra,12 GB + 512 GB,39629,discontinued,new,2022,TODO_SAMSUNG_IMAGE_URL,smartphone,"Galaxy S22 Ultra is a Galaxy flagship focused on premium performance, cameras, display quality, and long-term daily use.",12,512,5000,45,120,6.8,108,"108 MP Wide, PDAF, OIS + 10 MP Telephoto, PDAF, OIS, 3x Optical Zoom + 10 MP Periscope Telephoto, PDAF, OIS, 10x Optical Zoom + 12 MP Ultrawide, dual pixel PDAF",40,Snapdragon 8 Gen 1 / Exynos 2200,flagship,5nm,5G,Dynamic AMOLED 2X,QHD+,1500,Android,One UI,4,"Ultrasonic Fingerprint, Face Unlock",Stereo Speakers,IP68,8K@24fps,99,100,88,96,100,87,62,ultra-premium,"Photography Enthusiasts, Content Creators, Heavy Gamers"
Samsung,Galaxy S22 Ultra,12 GB + 1024 GB,44129,discontinued,new,2022,TODO_SAMSUNG_IMAGE_URL,smartphone,"Galaxy S22 Ultra is a Galaxy flagship focused on premium performance, cameras, display quality, and long-term daily use.",12,1024,5000,45,120,6.8,108,"108 MP Wide, PDAF, OIS + 10 MP Telephoto, PDAF, OIS, 3x Optical Zoom + 10 MP Periscope Telephoto, PDAF, OIS, 10x Optical Zoom + 12 MP Ultrawide, dual pixel PDAF",40,Snapdragon 8 Gen 1 / Exynos 2200,flagship,5nm,5G,Dynamic AMOLED 2X,QHD+,1500,Android,One UI,4,"Ultrasonic Fingerprint, Face Unlock",Stereo Speakers,IP68,8K@24fps,99,100,88,96,100,87,62,ultra-premium,"Photography Enthusiasts, Content Creators, Heavy Gamers"
Samsung,Galaxy Z Fold 4,12 GB + 256 GB,89999,discontinued,new,2022,TODO_SAMSUNG_IMAGE_URL,smartphone,Galaxy Z Fold 4 is Samsung's book-style foldable flagship with a large inner display and multitasking-focused hardware.,12,256,4380,25,120,7.6,50,"50 MP Wide, dual pixel PDAF, OIS + 10 MP Telephoto, PDAF, OIS, 3x Optical Zoom + 12 MP Ultrawide",4,Snapdragon 8 Gen 1 / Exynos 2200,flagship,5nm,5G,Foldable Dynamic AMOLED 2X,QXGA+,1750,Android,One UI,4,"Side Fingerprint, Face Unlock",Stereo Speakers,IPX8,8K@24fps,100,96,83,98,100,100,52,ultra-premium,"Productivity Users, Content Creators"
Samsung,Galaxy Z Fold 4,12 GB + 512 GB,94499,discontinued,new,2022,TODO_SAMSUNG_IMAGE_URL,smartphone,Galaxy Z Fold 4 is Samsung's book-style foldable flagship with a large inner display and multitasking-focused hardware.,12,512,4380,25,120,7.6,50,"50 MP Wide, dual pixel PDAF, OIS + 10 MP Telephoto, PDAF, OIS, 3x Optical Zoom + 12 MP Ultrawide",4,Snapdragon 8 Gen 1 / Exynos 2200,flagship,5nm,5G,Foldable Dynamic AMOLED 2X,QXGA+,1750,Android,One UI,4,"Side Fingerprint, Face Unlock",Stereo Speakers,IPX8,8K@24fps,100,96,83,98,100,100,52,ultra-premium,"Productivity Users, Content Creators"
Samsung,Galaxy Z Fold 4,12 GB + 1024 GB,98999,discontinued,new,2022,TODO_SAMSUNG_IMAGE_URL,smartphone,Galaxy Z Fold 4 is Samsung's book-style foldable flagship with a large inner display and multitasking-focused hardware.,12,1024,4380,25,120,7.6,50,"50 MP Wide, dual pixel PDAF, OIS + 10 MP Telephoto, PDAF, OIS, 3x Optical Zoom + 12 MP Ultrawide",4,Snapdragon 8 Gen 1 / Exynos 2200,flagship,5nm,5G,Foldable Dynamic AMOLED 2X,QXGA+,1750,Android,One UI,4,"Side Fingerprint, Face Unlock",Stereo Speakers,IPX8,8K@24fps,100,96,83,98,100,100,52,ultra-premium,"Productivity Users, Content Creators"
Samsung,Galaxy Z Flip 4,8 GB + 128 GB,42999,discontinued,new,2022,TODO_SAMSUNG_IMAGE_URL,smartphone,Galaxy Z Flip 4 is Samsung's compact foldable phone with a pocketable design and flagship-grade Galaxy features.,8,128,3300,25,120,6.7,12,"12 MP Wide, dual pixel PDAF, OIS + 12 MP Ultrawide",10,Snapdragon 8 Gen 1 / Exynos 2200,flagship,5nm,5G,Foldable Dynamic AMOLED 2X,FHD+,1750,Android,One UI,4,"Side Fingerprint, Face Unlock",Stereo Speakers,IPX8,4K@60fps,95,82,74,92,100,100,60,premium,"Style-focused Users, Everyday Use"
Samsung,Galaxy Z Flip 4,8 GB + 256 GB,47499,discontinued,new,2022,TODO_SAMSUNG_IMAGE_URL,smartphone,Galaxy Z Flip 4 is Samsung's compact foldable phone with a pocketable design and flagship-grade Galaxy features.,8,256,3300,25,120,6.7,12,"12 MP Wide, dual pixel PDAF, OIS + 12 MP Ultrawide",10,Snapdragon 8 Gen 1 / Exynos 2200,flagship,5nm,5G,Foldable Dynamic AMOLED 2X,FHD+,1750,Android,One UI,4,"Side Fingerprint, Face Unlock",Stereo Speakers,IPX8,4K@60fps,95,82,74,92,100,100,60,premium,"Style-focused Users, Everyday Use"
Samsung,Galaxy Z Flip 4,8 GB + 512 GB,51999,discontinued,new,2022,TODO_SAMSUNG_IMAGE_URL,smartphone,Galaxy Z Flip 4 is Samsung's compact foldable phone with a pocketable design and flagship-grade Galaxy features.,8,512,3300,25,120,6.7,12,"12 MP Wide, dual pixel PDAF, OIS + 12 MP Ultrawide",10,Snapdragon 8 Gen 1 / Exynos 2200,flagship,5nm,5G,Foldable Dynamic AMOLED 2X,FHD+,1750,Android,One UI,4,"Side Fingerprint, Face Unlock",Stereo Speakers,IPX8,4K@60fps,95,82,74,92,100,100,60,premium,"Style-focused Users, Everyday Use"
Samsung,Galaxy S23,8 GB + 128 GB,21165,discontinued,new,2023,TODO_SAMSUNG_IMAGE_URL,smartphone,"Galaxy S23 is a Galaxy flagship focused on premium performance, cameras, display quality, and long-term daily use.",8,128,4000,45,120,6.2,50,"50 MP Wide, dual pixel PDAF, OIS + 10 MP Telephoto, PDAF, OIS, 3x Optical Zoom + 12 MP Ultrawide",12,Snapdragon 8 Gen 2 for Galaxy,flagship,4nm,5G,Dynamic AMOLED 2X,FHD+,1500,Android,One UI,5,"Ultrasonic Fingerprint, Face Unlock",Stereo Speakers,IP68,8K@24fps,96,100,81,93,100,89,74,premium,"Heavy Gamers, Photography Enthusiasts"
Samsung,Galaxy S23,8 GB + 256 GB,25665,discontinued,new,2023,TODO_SAMSUNG_IMAGE_URL,smartphone,"Galaxy S23 is a Galaxy flagship focused on premium performance, cameras, display quality, and long-term daily use.",8,256,4000,45,120,6.2,50,"50 MP Wide, dual pixel PDAF, OIS + 10 MP Telephoto, PDAF, OIS, 3x Optical Zoom + 12 MP Ultrawide",12,Snapdragon 8 Gen 2 for Galaxy,flagship,4nm,5G,Dynamic AMOLED 2X,FHD+,1500,Android,One UI,5,"Ultrasonic Fingerprint, Face Unlock",Stereo Speakers,IP68,8K@24fps,96,100,81,93,100,89,68,premium,"Heavy Gamers, Photography Enthusiasts"
Samsung,Galaxy S23,8 GB + 512 GB,30165,discontinued,new,2023,TODO_SAMSUNG_IMAGE_URL,smartphone,"Galaxy S23 is a Galaxy flagship focused on premium performance, cameras, display quality, and long-term daily use.",8,512,4000,45,120,6.2,50,"50 MP Wide, dual pixel PDAF, OIS + 10 MP Telephoto, PDAF, OIS, 3x Optical Zoom + 12 MP Ultrawide",12,Snapdragon 8 Gen 2 for Galaxy,flagship,4nm,5G,Dynamic AMOLED 2X,FHD+,1500,Android,One UI,5,"Ultrasonic Fingerprint, Face Unlock",Stereo Speakers,IP68,8K@24fps,96,100,81,93,100,89,68,premium,"Heavy Gamers, Photography Enthusiasts"
Samsung,Galaxy S23+,8 GB + 256 GB,27655,discontinued,new,2023,TODO_SAMSUNG_IMAGE_URL,smartphone,"Galaxy S23+ is a Galaxy flagship focused on premium performance, cameras, display quality, and long-term daily use.",8,256,4700,45,120,6.7,50,"50 MP Wide, dual pixel PDAF, OIS + 10 MP Telephoto, PDAF, OIS, 3x Optical Zoom + 12 MP Ultrawide",12,Snapdragon 8 Gen 2 for Galaxy,flagship,4nm,5G,Dynamic AMOLED 2X,QHD+,1500,Android,One UI,5,"Ultrasonic Fingerprint, Face Unlock",Stereo Speakers,IP68,8K@24fps,96,100,86,93,100,89,66,premium,"Heavy Gamers, Photography Enthusiasts"
Samsung,Galaxy S23+,8 GB + 512 GB,32155,discontinued,new,2023,TODO_SAMSUNG_IMAGE_URL,smartphone,"Galaxy S23+ is a Galaxy flagship focused on premium performance, cameras, display quality, and long-term daily use.",8,512,4700,45,120,6.7,50,"50 MP Wide, dual pixel PDAF, OIS + 10 MP Telephoto, PDAF, OIS, 3x Optical Zoom + 12 MP Ultrawide",12,Snapdragon 8 Gen 2 for Galaxy,flagship,4nm,5G,Dynamic AMOLED 2X,QHD+,1500,Android,One UI,5,"Ultrasonic Fingerprint, Face Unlock",Stereo Speakers,IP68,8K@24fps,96,100,86,93,100,89,66,premium,"Heavy Gamers, Photography Enthusiasts"
Samsung,Galaxy S23 Ultra,12 GB + 256 GB,77999,discontinued,new,2023,https://rukminim2.flixcart.com/image/2940/2940/xif0q/mobile/i/5/1/-original-imagzm8pvabtmeys.jpeg?q=90,smartphone,"Galaxy S23 Ultra is a Galaxy flagship focused on premium performance, cameras, display quality, and long-term daily use.",12,256,5000,45,120,6.8,200,"200 MP Wide, multi-directional PDAF, OIS + 10 MP Telephoto, PDAF, OIS, 3x Optical Zoom + 10 MP Periscope Telephoto, PDAF, OIS, 10x Optical Zoom + 12 MP Ultrawide, dual pixel PDAF",12,Snapdragon 8 Gen 2 for Galaxy,flagship,4nm,5G,Dynamic AMOLED 2X,QHD+,1500,Android,One UI,5,"Ultrasonic Fingerprint, Face Unlock",Stereo Speakers,IP68,8K@24fps,100,100,89,99,100,89,60,ultra-premium,"Photography Enthusiasts, Content Creators, Heavy Gamers"
Samsung,Galaxy S23 Ultra,12 GB + 512 GB,139799,discontinued,new,2023,https://rukminim2.flixcart.com/image/2940/2940/xif0q/mobile/i/5/1/-original-imagzm8pvabtmeys.jpeg?q=90,smartphone,"Galaxy S23 Ultra is a Galaxy flagship focused on premium performance, cameras, display quality, and long-term daily use.",12,512,5000,45,120,6.8,200,"200 MP Wide, multi-directional PDAF, OIS + 10 MP Telephoto, PDAF, OIS, 3x Optical Zoom + 10 MP Periscope Telephoto, PDAF, OIS, 10x Optical Zoom + 12 MP Ultrawide, dual pixel PDAF",12,Snapdragon 8 Gen 2 for Galaxy,flagship,4nm,5G,Dynamic AMOLED 2X,QHD+,1500,Android,One UI,5,"Ultrasonic Fingerprint, Face Unlock",Stereo Speakers,IP68,8K@24fps,100,100,89,99,100,89,60,ultra-premium,"Photography Enthusiasts, Content Creators, Heavy Gamers"
Samsung,Galaxy S23 Ultra,12 GB + 1024 GB,185999,discontinued,new,2023,https://rukminim2.flixcart.com/image/2940/2940/xif0q/mobile/i/5/1/-original-imagzm8pvabtmeys.jpeg?q=90,smartphone,"Galaxy S23 Ultra is a Galaxy flagship focused on premium performance, cameras, display quality, and long-term daily use.",12,1024,5000,45,120,6.8,200,"200 MP Wide, multi-directional PDAF, OIS + 10 MP Telephoto, PDAF, OIS, 3x Optical Zoom + 10 MP Periscope Telephoto, PDAF, OIS, 10x Optical Zoom + 12 MP Ultrawide, dual pixel PDAF",12,Snapdragon 8 Gen 2 for Galaxy,flagship,4nm,5G,Dynamic AMOLED 2X,QHD+,1500,Android,One UI,5,"Ultrasonic Fingerprint, Face Unlock",Stereo Speakers,IP68,8K@24fps,100,100,89,99,100,89,56,ultra-premium,"Photography Enthusiasts, Content Creators, Heavy Gamers"
Samsung,Galaxy S23 FE,8 GB + 128 GB,79999,discontinued,new,2023,https://rukminim2.flixcart.com/image/2940/2940/xif0q/mobile/n/0/e/-original-imah5ywf68xm7wfb.jpeg?q=90,smartphone,"Galaxy S23 FE is a Galaxy flagship focused on premium performance, cameras, display quality, and long-term daily use.",8,128,4500,45,120,6.2,50,"50 MP Wide, dual pixel PDAF, OIS + 8 MP Telephoto, PDAF, OIS, 3x Optical Zoom + 12 MP Ultrawide",10,Snapdragon 8 Gen 2 for Galaxy,flagship,4nm,5G,Dynamic AMOLED 2X,FHD+,1500,Android,One UI,5,"Ultrasonic Fingerprint, Face Unlock",Stereo Speakers,IP68,8K@24fps,96,100,85,93,100,89,72,premium,"Heavy Gamers, Photography Enthusiasts"
Samsung,Galaxy S23 FE,8 GB + 256 GB,84999,discontinued,new,2023,https://rukminim2.flixcart.com/image/2940/2940/xif0q/mobile/n/0/e/-original-imah5ywf68xm7wfb.jpeg?q=90,smartphone,"Galaxy S23 FE is a Galaxy flagship focused on premium performance, cameras, display quality, and long-term daily use.",8,256,4500,45,120,6.2,50,"50 MP Wide, dual pixel PDAF, OIS + 8 MP Telephoto, PDAF, OIS, 3x Optical Zoom + 12 MP Ultrawide",10,Snapdragon 8 Gen 2 for Galaxy,flagship,4nm,5G,Dynamic AMOLED 2X,FHD+,1500,Android,One UI,5,"Ultrasonic Fingerprint, Face Unlock",Stereo Speakers,IP68,8K@24fps,96,100,85,93,100,89,72,premium,"Heavy Gamers, Photography Enthusiasts"
Samsung,Galaxy Z Fold 5,12 GB + 256 GB,154999,discontinued,new,2023,https://rukminim2.flixcart.com/image/2940/2940/xif0q/mobile/y/g/l/-original-imagztmghzuhz7kf.jpeg?q=90,smartphone,Galaxy Z Fold 5 is Samsung's book-style foldable flagship with a large inner display and multitasking-focused hardware.,12,256,4400,25,120,7.6,50,"50 MP Wide, dual pixel PDAF, OIS + 10 MP Telephoto, PDAF, OIS, 3x Optical Zoom + 12 MP Ultrawide",4,Snapdragon 8 Gen 2 for Galaxy,flagship,4nm,5G,Foldable Dynamic AMOLED 2X,QXGA+,1750,Android,One UI,5,"Side Fingerprint, Face Unlock",Stereo Speakers,IPX8,8K@24fps,100,98,84,100,100,100,50,ultra-premium,"Productivity Users, Content Creators"
Samsung,Galaxy Z Fold 5,12 GB + 512 GB,164999,discontinued,new,2023,https://rukminim2.flixcart.com/image/2940/2940/xif0q/mobile/y/g/l/-original-imagztmghzuhz7kf.jpeg?q=90,smartphone,Galaxy Z Fold 5 is Samsung's book-style foldable flagship with a large inner display and multitasking-focused hardware.,12,512,4400,25,120,7.6,50,"50 MP Wide, dual pixel PDAF, OIS + 10 MP Telephoto, PDAF, OIS, 3x Optical Zoom + 12 MP Ultrawide",4,Snapdragon 8 Gen 2 for Galaxy,flagship,4nm,5G,Foldable Dynamic AMOLED 2X,QXGA+,1750,Android,One UI,5,"Side Fingerprint, Face Unlock",Stereo Speakers,IPX8,8K@24fps,100,98,84,100,100,100,50,ultra-premium,"Productivity Users, Content Creators"
Samsung,Galaxy Z Fold 5,12 GB + 1024 GB,184999,discontinued,new,2023,https://rukminim2.flixcart.com/image/2940/2940/xif0q/mobile/y/g/l/-original-imagztmghzuhz7kf.jpeg?q=90,smartphone,Galaxy Z Fold 5 is Samsung's book-style foldable flagship with a large inner display and multitasking-focused hardware.,12,1024,4400,25,120,7.6,50,"50 MP Wide, dual pixel PDAF, OIS + 10 MP Telephoto, PDAF, OIS, 3x Optical Zoom + 12 MP Ultrawide",4,Snapdragon 8 Gen 2 for Galaxy,flagship,4nm,5G,Foldable Dynamic AMOLED 2X,QXGA+,1750,Android,One UI,5,"Side Fingerprint, Face Unlock",Stereo Speakers,IPX8,8K@24fps,100,98,84,100,100,100,50,ultra-premium,"Productivity Users, Content Creators"
Samsung,Galaxy Z Flip 5,8 GB + 256 GB,99999,discontinued,new,2023,https://rukminim2.flixcart.com/image/2940/2940/xif0q/mobile/b/6/p/-original-imagztmgkjzfsbpj.jpeg?q=90,smartphone,Galaxy Z Flip 5 is Samsung's compact foldable phone with a pocketable design and flagship-grade Galaxy features.,8,256,3300,25,120,6.7,12,"12 MP Wide, dual pixel PDAF, OIS + 12 MP Ultrawide",10,Snapdragon 8 Gen 2 for Galaxy,flagship,4nm,5G,Foldable Dynamic AMOLED 2X,FHD+,1750,Android,One UI,5,"Side Fingerprint, Face Unlock",Stereo Speakers,IPX8,4K@60fps,98,85,75,95,100,100,60,premium,"Style-focused Users, Everyday Use"
Samsung,Galaxy Z Flip 5,8 GB + 512 GB,109999,discontinued,new,2023,https://rukminim2.flixcart.com/image/2940/2940/xif0q/mobile/b/6/p/-original-imagztmgkjzfsbpj.jpeg?q=90,smartphone,Galaxy Z Flip 5 is Samsung's compact foldable phone with a pocketable design and flagship-grade Galaxy features.,8,512,3300,25,120,6.7,12,"12 MP Wide, dual pixel PDAF, OIS + 12 MP Ultrawide",10,Snapdragon 8 Gen 2 for Galaxy,flagship,4nm,5G,Foldable Dynamic AMOLED 2X,FHD+,1750,Android,One UI,5,"Side Fingerprint, Face Unlock",Stereo Speakers,IPX8,4K@60fps,98,85,75,95,100,100,60,premium,"Style-focused Users, Everyday Use"
Samsung,Galaxy S24,8 GB + 128 GB,40999,in-stock,new,2024,https://m.media-amazon.com/images/I/31MK+gOuraL.jpg,smartphone,"Galaxy S24 is a Galaxy flagship focused on premium performance, cameras, display quality, and long-term daily use.",8,128,4000,45,120,6.2,50,"50 MP Wide, dual pixel PDAF, OIS + 10 MP Telephoto, PDAF, OIS, 3x Optical Zoom + 12 MP Ultrawide",12,Snapdragon 8 Gen 3 for Galaxy / Exynos 2400,flagship,4nm,5G,Dynamic AMOLED 2X,FHD+,2600,Android,One UI,6,"Ultrasonic Fingerprint, Face Unlock",Stereo Speakers,IP68,8K@24fps,99,100,82,96,100,91,71,premium,"Heavy Gamers, Photography Enthusiasts"
Samsung,Galaxy S24,8 GB + 256 GB,52999,in-stock,new,2024,https://m.media-amazon.com/images/I/31MK+gOuraL.jpg,smartphone,"Galaxy S24 is a Galaxy flagship focused on premium performance, cameras, display quality, and long-term daily use.",8,256,4000,45,120,6.2,50,"50 MP Wide, dual pixel PDAF, OIS + 10 MP Telephoto, PDAF, OIS, 3x Optical Zoom + 12 MP Ultrawide",12,Snapdragon 8 Gen 3 for Galaxy / Exynos 2400,flagship,4nm,5G,Dynamic AMOLED 2X,FHD+,2600,Android,One UI,6,"Ultrasonic Fingerprint, Face Unlock",Stereo Speakers,IP68,8K@24fps,99,100,82,96,100,91,71,premium,"Heavy Gamers, Photography Enthusiasts"
Samsung,Galaxy S24,12 GB + 256 GB,61799,in-stock,new,2024,https://m.media-amazon.com/images/I/31MK+gOuraL.jpg,smartphone,"Galaxy S24 is a Galaxy flagship focused on premium performance, cameras, display quality, and long-term daily use.",12,256,4000,45,120,6.2,50,"50 MP Wide, dual pixel PDAF, OIS + 10 MP Telephoto, PDAF, OIS, 3x Optical Zoom + 12 MP Ultrawide",12,Snapdragon 8 Gen 3 for Galaxy / Exynos 2400,flagship,4nm,5G,Dynamic AMOLED 2X,FHD+,2600,Android,One UI,6,"Ultrasonic Fingerprint, Face Unlock",Stereo Speakers,IP68,8K@24fps,100,100,82,98,100,91,71,premium,"Heavy Gamers, Photography Enthusiasts"
Samsung,Galaxy S24,8 GB + 512 GB,64999,in-stock,new,2024,https://m.media-amazon.com/images/I/31MK+gOuraL.jpg,smartphone,"Galaxy S24 is a Galaxy flagship focused on premium performance, cameras, display quality, and long-term daily use.",8,512,4000,45,120,6.2,50,"50 MP Wide, dual pixel PDAF, OIS + 10 MP Telephoto, PDAF, OIS, 3x Optical Zoom + 12 MP Ultrawide",12,Snapdragon 8 Gen 3 for Galaxy / Exynos 2400,flagship,4nm,5G,Dynamic AMOLED 2X,FHD+,2600,Android,One UI,6,"Ultrasonic Fingerprint, Face Unlock",Stereo Speakers,IP68,8K@24fps,99,100,82,96,100,91,71,premium,"Heavy Gamers, Photography Enthusiasts"
Samsung,Galaxy S24+,12 GB + 256 GB,39999,in-stock,new,2024,https://m.media-amazon.com/images/I/71j6POXc0uL._SX679_.jpg,smartphone,"Galaxy S24+ is a Galaxy flagship focused on premium performance, cameras, display quality, and long-term daily use.",12,256,4700,45,120,6.7,50,"50 MP Wide, dual pixel PDAF, OIS + 10 MP Telephoto, PDAF, OIS, 3x Optical Zoom + 12 MP Ultrawide",12,Snapdragon 8 Gen 3 for Galaxy / Exynos 2400,flagship,4nm,5G,Dynamic AMOLED 2X,QHD+,2600,Android,One UI,6,"Ultrasonic Fingerprint, Face Unlock",Stereo Speakers,IP68,8K@24fps,100,100,88,98,100,91,69,premium,"Heavy Gamers, Photography Enthusiasts"
Samsung,Galaxy S24+,12 GB + 512 GB,51999,in-stock,new,2024,https://m.media-amazon.com/images/I/71j6POXc0uL._SX679_.jpg,smartphone,"Galaxy S24+ is a Galaxy flagship focused on premium performance, cameras, display quality, and long-term daily use.",12,512,4700,45,120,6.7,50,"50 MP Wide, dual pixel PDAF, OIS + 10 MP Telephoto, PDAF, OIS, 3x Optical Zoom + 12 MP Ultrawide",12,Snapdragon 8 Gen 3 for Galaxy / Exynos 2400,flagship,4nm,5G,Dynamic AMOLED 2X,QHD+,2600,Android,One UI,6,"Ultrasonic Fingerprint, Face Unlock",Stereo Speakers,IP68,8K@24fps,100,100,88,98,100,91,69,premium,"Heavy Gamers, Photography Enthusiasts"
Samsung,Galaxy S24 Ultra,12 GB + 256 GB,71999,in-stock,new,2024,https://m.media-amazon.com/images/I/71Nwtop9jtL._SX679_.jpg,smartphone,"Galaxy S24 Ultra is a Galaxy flagship focused on premium performance, cameras, display quality, and long-term daily use.",12,256,5000,45,120,6.8,200,"200 MP Wide, multi-directional PDAF, OIS + 10 MP Telephoto, PDAF, OIS, 3x Optical Zoom + 50 MP Periscope Telephoto, PDAF, OIS, 5x Optical Zoom + 12 MP Ultrawide, dual pixel PDAF",12,Snapdragon 8 Gen 3 for Galaxy / Exynos 2400,flagship,4nm,5G,Dynamic AMOLED 2X,QHD+,2600,Android,One UI,6,"Ultrasonic Fingerprint, Face Unlock",Stereo Speakers,IP68,8K@24fps,100,100,90,100,100,91,59,ultra-premium,"Photography Enthusiasts, Content Creators, Heavy Gamers"
Samsung,Galaxy S24 Ultra,12 GB + 512 GB,91999,in-stock,new,2024,https://m.media-amazon.com/images/I/71Nwtop9jtL._SX679_.jpg,smartphone,"Galaxy S24 Ultra is a Galaxy flagship focused on premium performance, cameras, display quality, and long-term daily use.",12,512,5000,45,120,6.8,200,"200 MP Wide, multi-directional PDAF, OIS + 10 MP Telephoto, PDAF, OIS, 3x Optical Zoom + 50 MP Periscope Telephoto, PDAF, OIS, 5x Optical Zoom + 12 MP Ultrawide, dual pixel PDAF",12,Snapdragon 8 Gen 3 for Galaxy / Exynos 2400,flagship,4nm,5G,Dynamic AMOLED 2X,QHD+,2600,Android,One UI,6,"Ultrasonic Fingerprint, Face Unlock",Stereo Speakers,IP68,8K@24fps,100,100,90,100,100,91,59,ultra-premium,"Photography Enthusiasts, Content Creators, Heavy Gamers"
Samsung,Galaxy S24 Ultra,12 GB + 1024 GB,111999,in-stock,new,2024,https://m.media-amazon.com/images/I/71Nwtop9jtL._SX679_.jpg,smartphone,"Galaxy S24 Ultra is a Galaxy flagship focused on premium performance, cameras, display quality, and long-term daily use.",12,1024,5000,45,120,6.8,200,"200 MP Wide, multi-directional PDAF, OIS + 10 MP Telephoto, PDAF, OIS, 3x Optical Zoom + 50 MP Periscope Telephoto, PDAF, OIS, 5x Optical Zoom + 12 MP Ultrawide, dual pixel PDAF",12,Snapdragon 8 Gen 3 for Galaxy / Exynos 2400,flagship,4nm,5G,Dynamic AMOLED 2X,QHD+,2600,Android,One UI,6,"Ultrasonic Fingerprint, Face Unlock",Stereo Speakers,IP68,8K@24fps,100,100,90,100,100,91,59,ultra-premium,"Photography Enthusiasts, Content Creators, Heavy Gamers"
Samsung,Galaxy S24 FE,8 GB + 128 GB,33999,in-stock,new,2024,https://m.media-amazon.com/images/I/71eUNTW+nJL._SX679_.jpg,smartphone,"Galaxy S24 FE is a Galaxy flagship focused on premium performance, cameras, display quality, and long-term daily use.",8,128,4500,45,120,6.2,50,"50 MP Wide, dual pixel PDAF, OIS + 8 MP Telephoto, PDAF, OIS, 3x Optical Zoom + 12 MP Ultrawide",10,Snapdragon 8 Gen 3 for Galaxy / Exynos 2400,flagship,4nm,5G,Dynamic AMOLED 2X,FHD+,2600,Android,One UI,6,"Ultrasonic Fingerprint, Face Unlock",Stereo Speakers,IP68,8K@24fps,99,100,86,96,100,91,71,premium,"Heavy Gamers, Photography Enthusiasts"
Samsung,Galaxy S24 FE,8 GB + 256 GB,45999,in-stock,new,2024,https://m.media-amazon.com/images/I/71eUNTW+nJL._SX679_.jpg,smartphone,"Galaxy S24 FE is a Galaxy flagship focused on premium performance, cameras, display quality, and long-term daily use.",8,256,4500,45,120,6.2,50,"50 MP Wide, dual pixel PDAF, OIS + 8 MP Telephoto, PDAF, OIS, 3x Optical Zoom + 12 MP Ultrawide",10,Snapdragon 8 Gen 3 for Galaxy / Exynos 2400,flagship,4nm,5G,Dynamic AMOLED 2X,FHD+,2600,Android,One UI,6,"Ultrasonic Fingerprint, Face Unlock",Stereo Speakers,IP68,8K@24fps,99,100,86,96,100,91,71,premium,"Heavy Gamers, Photography Enthusiasts"
Samsung,Galaxy S24 FE,8 GB + 512 GB,57999,in-stock,new,2024,https://m.media-amazon.com/images/I/71eUNTW+nJL._SX679_.jpg,smartphone,"Galaxy S24 FE is a Galaxy flagship focused on premium performance, cameras, display quality, and long-term daily use.",8,512,4500,45,120,6.2,50,"50 MP Wide, dual pixel PDAF, OIS + 8 MP Telephoto, PDAF, OIS, 3x Optical Zoom + 12 MP Ultrawide",10,Snapdragon 8 Gen 3 for Galaxy / Exynos 2400,flagship,4nm,5G,Dynamic AMOLED 2X,FHD+,2600,Android,One UI,6,"Ultrasonic Fingerprint, Face Unlock",Stereo Speakers,IP68,8K@24fps,99,100,86,96,100,91,71,premium,"Heavy Gamers, Photography Enthusiasts"
Samsung,Galaxy S25,12 GB + 128 GB,80999,in-stock,new,2025,https://m.media-amazon.com/images/I/61w7JQ+BFOL._SX679_.jpg,smartphone,"Galaxy S25 is a Galaxy flagship focused on premium performance, cameras, display quality, and long-term daily use.",12,128,4000,45,120,6.2,50,"50 MP Wide, dual pixel PDAF, OIS + 10 MP Telephoto, PDAF, OIS, 3x Optical Zoom + 12 MP Ultrawide",12,Snapdragon 8 Elite for Galaxy,flagship,4nm,5G,Dynamic AMOLED 2X,FHD+,2600,Android,One UI,7,"Ultrasonic Fingerprint, Face Unlock",Stereo Speakers,IP68,8K@24fps,100,100,83,100,100,93,69,premium,"Heavy Gamers, Photography Enthusiasts"
Samsung,Galaxy S25,12 GB + 256 GB,80999,in-stock,new,2025,https://m.media-amazon.com/images/I/61w7JQ+BFOL._SX679_.jpg,smartphone,"Galaxy S25 is a Galaxy flagship focused on premium performance, cameras, display quality, and long-term daily use.",12,256,4000,45,120,6.2,50,"50 MP Wide, dual pixel PDAF, OIS + 10 MP Telephoto, PDAF, OIS, 3x Optical Zoom + 12 MP Ultrawide",12,Snapdragon 8 Elite for Galaxy,flagship,4nm,5G,Dynamic AMOLED 2X,FHD+,2600,Android,One UI,7,"Ultrasonic Fingerprint, Face Unlock",Stereo Speakers,IP68,8K@24fps,100,100,83,100,100,93,69,premium,"Heavy Gamers, Photography Enthusiasts"
Samsung,Galaxy S25,12 GB + 512 GB,92999,in-stock,new,2025,https://m.media-amazon.com/images/I/61w7JQ+BFOL._SX679_.jpg,smartphone,"Galaxy S25 is a Galaxy flagship focused on premium performance, cameras, display quality, and long-term daily use.",12,512,4000,45,120,6.2,50,"50 MP Wide, dual pixel PDAF, OIS + 10 MP Telephoto, PDAF, OIS, 3x Optical Zoom + 12 MP Ultrawide",12,Snapdragon 8 Elite for Galaxy,flagship,4nm,5G,Dynamic AMOLED 2X,FHD+,2600,Android,One UI,7,"Ultrasonic Fingerprint, Face Unlock",Stereo Speakers,IP68,8K@24fps,100,100,83,100,100,93,69,premium,"Heavy Gamers, Photography Enthusiasts"
Samsung,Galaxy S25+,12 GB + 256 GB,99999,in-stock,new,2025,TODO_SAMSUNG_IMAGE_URL,smartphone,"Galaxy S25+ is a Galaxy flagship focused on premium performance, cameras, display quality, and long-term daily use.",12,256,4700,45,120,6.7,50,"50 MP Wide, dual pixel PDAF, OIS + 10 MP Telephoto, PDAF, OIS, 3x Optical Zoom + 12 MP Ultrawide",12,Snapdragon 8 Elite for Galaxy,flagship,4nm,5G,Dynamic AMOLED 2X,QHD+,2600,Android,One UI,7,"Ultrasonic Fingerprint, Face Unlock",Stereo Speakers,IP68,8K@24fps,100,100,89,100,100,93,71,premium,"Heavy Gamers, Photography Enthusiasts"
Samsung,Galaxy S25+,12 GB + 512 GB,111999,in-stock,new,2025,TODO_SAMSUNG_IMAGE_URL,smartphone,"Galaxy S25+ is a Galaxy flagship focused on premium performance, cameras, display quality, and long-term daily use.",12,512,4700,45,120,6.7,50,"50 MP Wide, dual pixel PDAF, OIS + 10 MP Telephoto, PDAF, OIS, 3x Optical Zoom + 12 MP Ultrawide",12,Snapdragon 8 Elite for Galaxy,flagship,4nm,5G,Dynamic AMOLED 2X,QHD+,2600,Android,One UI,7,"Ultrasonic Fingerprint, Face Unlock",Stereo Speakers,IP68,8K@24fps,100,100,89,100,100,93,71,premium,"Heavy Gamers, Photography Enthusiasts"
Samsung,Galaxy S25 Ultra,12 GB + 256 GB,111499,in-stock,new,2025,https://m.media-amazon.com/images/I/71iZ+fdoI9L._SX679_.jpg,smartphone,"Galaxy S25 Ultra is a Galaxy flagship focused on premium performance, cameras, display quality, and long-term daily use.",12,256,5000,45,120,6.8,200,"200 MP Wide, multi-directional PDAF, OIS + 10 MP Telephoto, PDAF, OIS, 3x Optical Zoom + 50 MP Periscope Telephoto, PDAF, OIS, 5x Optical Zoom + 50 MP Ultrawide, dual pixel PDAF",12,Snapdragon 8 Elite for Galaxy,flagship,4nm,5G,Dynamic AMOLED 2X,QHD+,2600,Android,One UI,7,"Ultrasonic Fingerprint, Face Unlock",Stereo Speakers,IP68,8K@24fps,98,98,95,98,99,93,82,ultra-premium,"Photography Enthusiasts, Content Creators, Heavy Gamers"
Samsung,Galaxy S25 Ultra,12 GB + 512 GB,131499,in-stock,new,2025,https://m.media-amazon.com/images/I/71iZ+fdoI9L._SX679_.jpg,smartphone,"Galaxy S25 Ultra is a Galaxy flagship focused on premium performance, cameras, display quality, and long-term daily use.",12,512,5000,45,120,6.8,200,"200 MP Wide, multi-directional PDAF, OIS + 10 MP Telephoto, PDAF, OIS, 3x Optical Zoom + 50 MP Periscope Telephoto, PDAF, OIS, 5x Optical Zoom + 50 MP Ultrawide, dual pixel PDAF",12,Snapdragon 8 Elite for Galaxy,flagship,4nm,5G,Dynamic AMOLED 2X,QHD+,2600,Android,One UI,7,"Ultrasonic Fingerprint, Face Unlock",Stereo Speakers,IP68,8K@24fps,98,98,95,98,99,93,82,ultra-premium,"Photography Enthusiasts, Content Creators, Heavy Gamers"
Samsung,Galaxy S25 Ultra,12 GB + 1024 GB,151499,in-stock,new,2025,https://m.media-amazon.com/images/I/71iZ+fdoI9L._SX679_.jpg,smartphone,"Galaxy S25 Ultra is a Galaxy flagship focused on premium performance, cameras, display quality, and long-term daily use.",12,1024,5000,45,120,6.8,200,"200 MP Wide, multi-directional PDAF, OIS + 10 MP Telephoto, PDAF, OIS, 3x Optical Zoom + 50 MP Periscope Telephoto, PDAF, OIS, 5x Optical Zoom + 50 MP Ultrawide, dual pixel PDAF",12,Snapdragon 8 Elite for Galaxy,flagship,4nm,5G,Dynamic AMOLED 2X,QHD+,2600,Android,One UI,7,"Ultrasonic Fingerprint, Face Unlock",Stereo Speakers,IP68,8K@24fps,98,98,95,98,99,93,82,ultra-premium,"Photography Enthusiasts, Content Creators, Heavy Gamers"
Samsung,Galaxy S25 Ultra,16 GB + 1024 GB,161499,in-stock,new,2025,https://m.media-amazon.com/images/I/71iZ+fdoI9L._SX679_.jpg,smartphone,"Galaxy S25 Ultra is a Galaxy flagship focused on premium performance, cameras, display quality, and long-term daily use.",16,1024,5000,45,120,6.8,200,"200 MP Wide, multi-directional PDAF, OIS + 10 MP Telephoto, PDAF, OIS, 3x Optical Zoom + 50 MP Periscope Telephoto, PDAF, OIS, 5x Optical Zoom + 50 MP Ultrawide, dual pixel PDAF",12,Snapdragon 8 Elite for Galaxy,flagship,4nm,5G,Dynamic AMOLED 2X,QHD+,2600,Android,One UI,7,"Ultrasonic Fingerprint, Face Unlock",Stereo Speakers,IP68,8K@24fps,98,98,95,98,99,93,82,ultra-premium,"Photography Enthusiasts, Content Creators, Heavy Gamers"
Samsung,Galaxy S25 Edge,12 GB + 256 GB,109999,in-stock,new,2025,https://m.media-amazon.com/images/I/71Rn0YmeDuL._SX679_.jpg,smartphone,"Galaxy S25 Edge is a Galaxy flagship focused on premium performance, cameras, display quality, and long-term daily use.",12,256,4000,45,120,6.2,200,"200 MP Wide, multi-directional PDAF, OIS + 12 MP Ultrawide, PDAF",12,Snapdragon 8 Elite for Galaxy,flagship,4nm,5G,Dynamic AMOLED 2X,FHD+,2600,Android,One UI,7,"Ultrasonic Fingerprint, Face Unlock",Stereo Speakers,IP68,8K@24fps,100,100,83,100,100,93,63,premium,"Heavy Gamers, Photography Enthusiasts"
Samsung,Galaxy S25 Edge,12 GB + 512 GB,121999,in-stock,new,2025,https://m.media-amazon.com/images/I/71Rn0YmeDuL._SX679_.jpg,smartphone,"Galaxy S25 Edge is a Galaxy flagship focused on premium performance, cameras, display quality, and long-term daily use.",12,512,4000,45,120,6.2,200,"200 MP Wide, multi-directional PDAF, OIS + 12 MP Ultrawide, PDAF",12,Snapdragon 8 Elite for Galaxy,flagship,4nm,5G,Dynamic AMOLED 2X,FHD+,2600,Android,One UI,7,"Ultrasonic Fingerprint, Face Unlock",Stereo Speakers,IP68,8K@24fps,100,100,83,100,100,93,63,premium,"Heavy Gamers, Photography Enthusiasts"
Samsung,Galaxy S25 FE,8 GB + 128 GB,59999,in-stock,new,2025,https://m.media-amazon.com/images/I/4143cMel2GL._SX679_.jpg,smartphone,"Galaxy S25 FE is a Galaxy flagship focused on premium performance, cameras, display quality, and long-term daily use.",8,128,4500,45,120,6.2,50,"50 MP Wide, dual pixel PDAF, OIS + 8 MP Telephoto, PDAF, OIS, 3x Optical Zoom + 12 MP Ultrawide",12,Snapdragon 8 Elite for Galaxy,flagship,4nm,5G,Dynamic AMOLED 2X,FHD+,2600,Android,One UI,7,"Ultrasonic Fingerprint, Face Unlock",Stereo Speakers,IP68,8K@24fps,100,100,87,99,100,93,73,premium,"Heavy Gamers, Photography Enthusiasts"
Samsung,Galaxy S25 FE,8 GB + 256 GB,71999,in-stock,new,2025,https://m.media-amazon.com/images/I/4143cMel2GL._SX679_.jpg,smartphone,"Galaxy S25 FE is a Galaxy flagship focused on premium performance, cameras, display quality, and long-term daily use.",8,256,4500,45,120,6.2,50,"50 MP Wide, dual pixel PDAF, OIS + 8 MP Telephoto, PDAF, OIS, 3x Optical Zoom + 12 MP Ultrawide",12,Snapdragon 8 Elite for Galaxy,flagship,4nm,5G,Dynamic AMOLED 2X,FHD+,2600,Android,One UI,7,"Ultrasonic Fingerprint, Face Unlock",Stereo Speakers,IP68,8K@24fps,100,100,87,99,100,93,73,premium,"Heavy Gamers, Photography Enthusiasts"
Samsung,Galaxy S25 FE,8 GB + 512 GB,83999,in-stock,new,2025,https://m.media-amazon.com/images/I/4143cMel2GL._SX679_.jpg,smartphone,"Galaxy S25 FE is a Galaxy flagship focused on premium performance, cameras, display quality, and long-term daily use.",8,512,4500,45,120,6.2,50,"50 MP Wide, dual pixel PDAF, OIS + 8 MP Telephoto, PDAF, OIS, 3x Optical Zoom + 12 MP Ultrawide",12,Snapdragon 8 Elite for Galaxy,flagship,4nm,5G,Dynamic AMOLED 2X,FHD+,2600,Android,One UI,7,"Ultrasonic Fingerprint, Face Unlock",Stereo Speakers,IP68,8K@24fps,100,100,87,99,100,93,73,premium,"Heavy Gamers, Photography Enthusiasts"
Samsung,Galaxy Z Fold 7,12 GB + 256 GB,174999,in-stock,new,2025,https://m.media-amazon.com/images/I/61Q1AgNSO3L._SX679_.jpg,smartphone,Galaxy Z Fold 7 is Samsung's book-style foldable flagship with a large inner display and multitasking-focused hardware.,12,256,4400,25,120,8,200,"200 MP Wide, multi-directional PDAF, OIS + 10 MP Telephoto, PDAF, OIS, 3x Optical Zoom + 12 MP Ultrawide, dual pixel PDAF",10,Snapdragon 8 Elite for Galaxy,flagship,4nm,5G,Foldable Dynamic AMOLED 2X,QXGA+,2600,Android,One UI,7,"Side Fingerprint, Face Unlock",Stereo Speakers,IPX8,8K@24fps,98,91,86,98,100,98,74,ultra-premium,"Productivity Users, Content Creators"
Samsung,Galaxy Z Fold 7,12 GB + 512 GB,189999,in-stock,new,2025,https://m.media-amazon.com/images/I/61Q1AgNSO3L._SX679_.jpg,smartphone,Galaxy Z Fold 7 is Samsung's book-style foldable flagship with a large inner display and multitasking-focused hardware.,12,512,4400,25,120,8,200,"200 MP Wide, multi-directional PDAF, OIS + 10 MP Telephoto, PDAF, OIS, 3x Optical Zoom + 12 MP Ultrawide, dual pixel PDAF",10,Snapdragon 8 Elite for Galaxy,flagship,4nm,5G,Foldable Dynamic AMOLED 2X,QXGA+,2600,Android,One UI,7,"Side Fingerprint, Face Unlock",Stereo Speakers,IPX8,8K@24fps,98,91,86,98,100,98,74,ultra-premium,"Productivity Users, Content Creators"
Samsung,Galaxy Z Fold 7,12 GB + 1024 GB,204999,in-stock,new,2025,https://m.media-amazon.com/images/I/61Q1AgNSO3L._SX679_.jpg,smartphone,Galaxy Z Fold 7 is Samsung's book-style foldable flagship with a large inner display and multitasking-focused hardware.,12,1024,4400,25,120,8,200,"200 MP Wide, multi-directional PDAF, OIS + 10 MP Telephoto, PDAF, OIS, 3x Optical Zoom + 12 MP Ultrawide, dual pixel PDAF",10,Snapdragon 8 Elite for Galaxy,flagship,4nm,5G,Foldable Dynamic AMOLED 2X,QXGA+,2600,Android,One UI,7,"Side Fingerprint, Face Unlock",Stereo Speakers,IPX8,8K@24fps,98,91,86,98,100,98,74,ultra-premium,"Productivity Users, Content Creators"
Samsung,Galaxy Z Fold 7,16 GB + 1024 GB,214999,in-stock,new,2025,https://m.media-amazon.com/images/I/61Q1AgNSO3L._SX679_.jpg,smartphone,Galaxy Z Fold 7 is Samsung's book-style foldable flagship with a large inner display and multitasking-focused hardware.,16,1024,4400,25,120,8,200,"200 MP Wide, multi-directional PDAF, OIS + 10 MP Telephoto, PDAF, OIS, 3x Optical Zoom + 12 MP Ultrawide, dual pixel PDAF",10,Snapdragon 8 Elite for Galaxy,flagship,4nm,5G,Foldable Dynamic AMOLED 2X,QXGA+,2600,Android,One UI,7,"Side Fingerprint, Face Unlock",Stereo Speakers,IPX8,8K@24fps,98,91,86,98,100,98,74,ultra-premium,"Productivity Users, Content Creators"
Samsung,Galaxy Z Flip 7,12 GB + 256 GB,109999,in-stock,new,2025,https://m.media-amazon.com/images/I/61ZtVMmiwML._SX679_.jpg,smartphone,Galaxy Z Flip 7 is Samsung's compact foldable phone with a pocketable design and flagship-grade Galaxy features.,12,256,4000,25,120,6.7,50,"50 MP Wide, dual pixel PDAF, OIS + 12 MP Ultrawide",10,Snapdragon 8 Elite for Galaxy,flagship,4nm,5G,Foldable Dynamic AMOLED 2X,FHD+,2600,Android,One UI,7,"Side Fingerprint, Face Unlock",Stereo Speakers,IPX8,4K@60fps,95,87,78,97,96,100,76,premium,"Style-focused Users, Everyday Use"
Samsung,Galaxy Z Flip 7,12 GB + 512 GB,121999,in-stock,new,2025,https://m.media-amazon.com/images/I/61ZtVMmiwML._SX679_.jpg,smartphone,Galaxy Z Flip 7 is Samsung's compact foldable phone with a pocketable design and flagship-grade Galaxy features.,12,512,4000,25,120,6.7,50,"50 MP Wide, dual pixel PDAF, OIS + 12 MP Ultrawide",10,Snapdragon 8 Elite for Galaxy,flagship,4nm,5G,Foldable Dynamic AMOLED 2X,FHD+,2600,Android,One UI,7,"Side Fingerprint, Face Unlock",Stereo Speakers,IPX8,4K@60fps,95,87,78,97,96,100,76,premium,"Style-focused Users, Everyday Use"
Samsung,Galaxy Z Flip7 FE,8 GB + 128 GB,89999,in-stock,new,2025,https://m.media-amazon.com/images/I/615K-SdmHHL._SX679_.jpg,smartphone,Galaxy Z Flip7 FE is Samsung's compact foldable phone with a pocketable design and flagship-grade Galaxy features.,8,128,4000,25,120,6.7,50,"50 MP Wide, dual pixel PDAF, OIS + 12 MP Ultrawide",10,Snapdragon 8 Elite for Galaxy,flagship,4nm,5G,Foldable Dynamic AMOLED 2X,FHD+,2600,Android,One UI,7,"Side Fingerprint, Face Unlock",Stereo Speakers,IPX8,4K@60fps,100,98,83,100,100,100,65,premium,"Style-focused Users, Everyday Use"
Samsung,Galaxy Z Flip7 FE,8 GB + 256 GB,101999,in-stock,new,2025,https://m.media-amazon.com/images/I/615K-SdmHHL._SX679_.jpg,smartphone,Galaxy Z Flip7 FE is Samsung's compact foldable phone with a pocketable design and flagship-grade Galaxy features.,8,256,4000,25,120,6.7,50,"50 MP Wide, dual pixel PDAF, OIS + 12 MP Ultrawide",10,Snapdragon 8 Elite for Galaxy,flagship,4nm,5G,Foldable Dynamic AMOLED 2X,FHD+,2600,Android,One UI,7,"Side Fingerprint, Face Unlock",Stereo Speakers,IPX8,4K@60fps,100,98,83,100,100,100,65,premium,"Style-focused Users, Everyday Use"
Samsung,Galaxy S26,12 GB + 256 GB,87999,in-stock,new,2026,"https://m.media-amazon.com/images/I/71ju4kS-W8L._AC_UF1000,1000_QL80_.jpg",smartphone,"Galaxy S26 is a Galaxy flagship focused on premium performance, cameras, display quality, and long-term daily use.",12,256,4000,45,120,6.2,50,"50 MP Wide, dual pixel PDAF, OIS + 10 MP Telephoto, PDAF, OIS, 3x Optical Zoom + 12 MP Ultrawide",12,Snapdragon 8 Elite Gen 5 / Exynos 2600,flagship,2nm,5G,Dynamic AMOLED 2X,FHD+,2600,Android,One UI,8,"Ultrasonic Fingerprint, Face Unlock",Stereo Speakers,IP68,8K@24fps,96,93,86,99,96,92,88,premium,"Heavy Gamers, Photography Enthusiasts"
Samsung,Galaxy S26,12 GB + 512 GB,99999,in-stock,new,2026,"https://m.media-amazon.com/images/I/71ju4kS-W8L._AC_UF1000,1000_QL80_.jpg",smartphone,"Galaxy S26 is a Galaxy flagship focused on premium performance, cameras, display quality, and long-term daily use.",12,512,4000,45,120,6.2,50,"50 MP Wide, dual pixel PDAF, OIS + 10 MP Telephoto, PDAF, OIS, 3x Optical Zoom + 12 MP Ultrawide",12,Snapdragon 8 Elite Gen 5 / Exynos 2600,flagship,2nm,5G,Dynamic AMOLED 2X,FHD+,2600,Android,One UI,8,"Ultrasonic Fingerprint, Face Unlock",Stereo Speakers,IP68,8K@24fps,96,93,86,99,96,92,88,premium,"Heavy Gamers, Photography Enthusiasts"
Samsung,Galaxy S26+,12 GB + 256 GB,119999,in-stock,new,2026,"https://m.media-amazon.com/images/I/71JN2VbCqqL._AC_UF1000,1000_QL80_.jpg",smartphone,"Galaxy S26+ is a Galaxy flagship focused on premium performance, cameras, display quality, and long-term daily use.",12,256,4700,45,120,6.7,50,"50 MP Wide, dual pixel PDAF, OIS + 10 MP Telephoto, PDAF, OIS, 3x Optical Zoom + 12 MP Ultrawide",12,Snapdragon 8 Elite Gen 5 / Exynos 2600,flagship,2nm,5G,Dynamic AMOLED 2X,QHD+,2600,Android,One UI,8,"Ultrasonic Fingerprint, Face Unlock",Stereo Speakers,IP68,8K@24fps,98,94,93,99,98,91,86,premium,"Heavy Gamers, Photography Enthusiasts"
Samsung,Galaxy S26+,12 GB + 512 GB,131999,in-stock,new,2026,"https://m.media-amazon.com/images/I/71JN2VbCqqL._AC_UF1000,1000_QL80_.jpg",smartphone,"Galaxy S26+ is a Galaxy flagship focused on premium performance, cameras, display quality, and long-term daily use.",12,512,4700,45,120,6.7,50,"50 MP Wide, dual pixel PDAF, OIS + 10 MP Telephoto, PDAF, OIS, 3x Optical Zoom + 12 MP Ultrawide",12,Snapdragon 8 Elite Gen 5 / Exynos 2600,flagship,2nm,5G,Dynamic AMOLED 2X,QHD+,2600,Android,One UI,8,"Ultrasonic Fingerprint, Face Unlock",Stereo Speakers,IP68,8K@24fps,98,94,93,99,98,91,86,premium,"Heavy Gamers, Photography Enthusiasts"
Samsung,Galaxy S26 Ultra,12 GB + 256 GB,139999,in-stock,new,2026,"https://m.media-amazon.com/images/I/71HXOEh+U1L._AC_UF1000,1000_QL80_.jpg",smartphone,"Galaxy S26 Ultra is a Galaxy flagship focused on premium performance, cameras, display quality, and long-term daily use.",12,256,5000,45,120,6.9,200,"200 MP Wide, multi-directional PDAF, OIS + 10 MP Telephoto, PDAF, OIS, 3x Optical Zoom + 50 MP Periscope Telephoto, PDAF, OIS, 5x Optical Zoom + 50 MP Ultrawide, dual pixel PDAF",12,Snapdragon 8 Elite Gen 5 for Galaxy,flagship,2nm,5G,Dynamic AMOLED 2X,QHD+,2600,Android,One UI,8,"Ultrasonic Fingerprint, Face Unlock",Stereo Speakers,IP68,8K@24fps,100,100,98,100,100,94,82,ultra-premium,"Photography Enthusiasts, Content Creators, Heavy Gamers"
Samsung,Galaxy S26 Ultra,12 GB + 512 GB,159999,in-stock,new,2026,"https://m.media-amazon.com/images/I/71HXOEh+U1L._AC_UF1000,1000_QL80_.jpg",smartphone,"Galaxy S26 Ultra is a Galaxy flagship focused on premium performance, cameras, display quality, and long-term daily use.",12,512,5000,45,120,6.9,200,"200 MP Wide, multi-directional PDAF, OIS + 10 MP Telephoto, PDAF, OIS, 3x Optical Zoom + 50 MP Periscope Telephoto, PDAF, OIS, 5x Optical Zoom + 50 MP Ultrawide, dual pixel PDAF",12,Snapdragon 8 Elite Gen 5 for Galaxy,flagship,2nm,5G,Dynamic AMOLED 2X,QHD+,2600,Android,One UI,8,"Ultrasonic Fingerprint, Face Unlock",Stereo Speakers,IP68,8K@24fps,100,100,98,100,100,94,82,ultra-premium,"Photography Enthusiasts, Content Creators, Heavy Gamers"
Samsung,Galaxy S26 Ultra,16 GB + 1024 GB,189999,in-stock,new,2026,"https://m.media-amazon.com/images/I/71HXOEh+U1L._AC_UF1000,1000_QL80_.jpg",smartphone,"Galaxy S26 Ultra is a Galaxy flagship focused on premium performance, cameras, display quality, and long-term daily use.",16,1024,5000,45,120,6.9,200,"200 MP Wide, multi-directional PDAF, OIS + 10 MP Telephoto, PDAF, OIS, 3x Optical Zoom + 50 MP Periscope Telephoto, PDAF, OIS, 5x Optical Zoom + 50 MP Ultrawide, dual pixel PDAF",12,Snapdragon 8 Elite Gen 5 for Galaxy,flagship,2nm,5G,Dynamic AMOLED 2X,QHD+,2600,Android,One UI,8,"Ultrasonic Fingerprint, Face Unlock",Stereo Speakers,IP68,8K@24fps,100,100,98,100,100,94,82,ultra-premium,"Photography Enthusiasts, Content Creators, Heavy Gamers"
